operating_date,timestamp,executed,baseline,final_commitment,load_energy,pv_energy,price,charge,discharge,emergency,spill,mode,soc_before,soc_after
2025-01-01,2025-01-01T00:10:00,True,0.0,0.0,588.2882666666667,0.0,0.4248,0.0,588.2882666666667,0.0,0.0,0.0,6000.0,5346.34637037037
2025-01-01,2025-01-01T00:20:00,True,0.0,0.0,601.5881166666666,0.0,0.4245,0.0,601.5881166666666,0.0,0.0,0.0,5346.34637037037,4677.9151296296295
2025-01-01,2025-01-01T00:30:00,True,0.0,0.0,621.0933333333332,0.0,0.4269,0.0,621.0933333333332,0.0,0.0,0.0,4677.9151296296295,3987.811425925926
2025-01-01,2025-01-01T00:40:00,True,0.0,0.0,585.1051833333333,0.0,0.4272,0.0,585.1051833333333,0.0,0.0,0.0,3987.811425925926,3337.694555555556
2025-01-01,2025-01-01T00:50:00,True,0.0,0.0,583.7604166666666,0.0,0.4271,0.0,583.7604166666666,0.0,0.0,0.0,3337.694555555556,2689.0718703703706
2025-01-01,2025-01-01T01:00:00,True,0.0,0.0,631.1683333333333,0.0,0.4285,0.0,631.1683333333333,0.0,0.0,0.0,2689.0718703703706,1987.7737222222224
2025-01-01,2025-01-01T01:10:00,True,0.0,0.0,650.0534166666666,0.0,0.4311,0.0,650.0534166666665,0.0,0.0,0.0,1987.7737222222224,1265.4921481481485
2025-01-01,2025-01-01T01:20:00,True,0.0,0.0,652.8062666666666,0.0,0.4302,0.0,58.942933333333684,593.863333333333,0.0,0.0,1265.4921481481485,1200.0
2025-01-01,2025-01-01T01:30:00,True,0.0,0.0,636.2133333333334,0.0,0.4279,0.0,0.0,636.2133333333334,0.0,0.0,1200.0,1200.0
2025-01-01,2025-01-01T01:40:00,True,0.0,0.0,588.8356,0.0,0.4312,0.0,0.0,588.8356,0.0,0.0,1200.0,1200.0
2025-01-01,2025-01-01T01:50:00,True,0.0,0.0,615.7768833333333,0.0,0.4333,0.0,0.0,615.7768833333333,0.0,0.0,1200.0,1200.0
2025-01-01,2025-01-01T02:00:00,True,0.0,0.0,677.4549999999999,0.0,0.4311,0.0,0.0,677.4549999999999,0.0,0.0,1200.0,1200.0
2025-01-01,2025-01-01T02:10:00,True,0.0,0.0,635.1118333333333,0.0,0.4293,0.0,0.0,635.1118333333333,0.0,0.0,1200.0,1200.0
2025-01-01,2025-01-01T02:20:00,True,0.0,0.0,640.8249166666667,0.0,0.4324,0.0,0.0,640.8249166666667,0.0,0.0,1200.0,1200.0
2025-01-01,2025-01-01T02:30:00,True,0.0,0.0,705.77,0.0,0.4367,0.0,0.0,705.77,0.0,0.0,1200.0,1200.0
2025-01-01,2025-01-01T02:40:00,True,0.0,0.0,684.9959166666665,0.0,0.4348,0.0,0.0,684.9959166666665,0.0,0.0,1200.0,1200.0
2025-01-01,2025-01-01T02:50:00,True,0.0,0.0,666.1490833333332,0.0,0.4335,0.0,0.0,666.1490833333332,0.0,0.0,1200.0,1200.0
2025-01-01,2025-01-01T03:00:00,True,0.0,0.0,683.6983333333333,0.0,0.4357,0.0,0.0,683.6983333333333,0.0,0.0,1200.0,1200.0
2025-01-01,2025-01-01T03:10:00,True,0.0,0.0,681.0096166666666,0.0,0.4374,0.0,0.0,681.0096166666666,0.0,0.0,1200.0,1200.0
2025-01-01,2025-01-01T03:20:00,True,0.0,0.0,688.9604333333333,0.0,0.4371,0.0,0.0,688.9604333333333,0.0,0.0,1200.0,1200.0
2025-01-01,2025-01-01T03:30:00,True,0.0,0.0,696.53,0.0,0.4356,0.0,0.0,696.53,0.0,0.0,1200.0,1200.0
2025-01-01,2025-01-01T03:40:00,True,0.0,0.0,658.8951833333333,0.0,0.4353,0.0,0.0,658.8951833333333,0.0,0.0,1200.0,1200.0
2025-01-01,2025-01-01T03:50:00,True,0.0,0.0,651.7916,0.0,0.436,0.0,0.0,651.7916,0.0,0.0,1200.0,1200.0
2025-01-01,2025-01-01T04:00:00,True,0.0,0.0,683.2183333333334,0.0,0.4378,0.0,0.0,683.2183333333334,0.0,0.0,1200.0,1200.0
2025-01-01,2025-01-01T04:10:00,True,0.0,0.0,687.3103833333332,0.0,0.4401,0.0,0.0,687.3103833333332,0.0,0.0,1200.0,1200.0
2025-01-01,2025-01-01T04:20:00,True,0.0,0.0,694.8344666666667,0.0,0.4389,0.0,0.0,694.8344666666667,0.0,0.0,1200.0,1200.0
2025-01-01,2025-01-01T04:30:00,True,0.0,0.0,710.04,0.0,0.4364,0.0,0.0,710.04,0.0,0.0,1200.0,1200.0
2025-01-01,2025-01-01T04:40:00,True,0.0,0.0,702.8703666666667,0.0,0.4393,0.0,0.0,702.8703666666667,0.0,0.0,1200.0,1200.0
2025-01-01,2025-01-01T04:50:00,True,0.0,0.0,710.3095,0.0,0.4422,0.0,0.0,710.3095,0.0,0.0,1200.0,1200.0
2025-01-01,2025-01-01T05:00:00,True,0.0,0.0,723.6499999999999,0.0,0.4395,0.0,0.0,723.6499999999999,0.0,0.0,1200.0,1200.0
2025-01-01,2025-01-01T05:10:00,True,0.0,0.0,701.3701333333333,0.00034999999999999994,0.4333,0.0,0.0,701.3697833333333,0.0,0.0,1200.0,1200.0
2025-01-01,2025-01-01T05:20:00,True,0.0,0.0,717.02055,0.0,0.4439,0.0,0.0,717.02055,0.0,0.0,1200.0,1200.0
2025-01-01,2025-01-01T05:30:00,True,0.0,0.0,742.765,0.0,0.4301,0.0,0.0,742.765,0.0,0.0,1200.0,1200.0
2025-01-01,2025-01-01T05:40:00,True,0.0,0.0,691.4395,0.004983333333333333,0.3713,0.0,0.0,691.4345166666666,0.0,0.0,1200.0,1200.0
2025-01-01,2025-01-01T05:50:00,True,0.0,0.0,749.6888833333334,0.0,0.5708,0.0,0.0,749.6888833333334,0.0,0.0,1200.0,1200.0
2025-01-01,2025-01-01T06:00:00,True,0.0,894.8966666666665,894.8966666666666,0.0,0.9099,0.0,0.0,0.0,0.0,0.0,1200.0,1200.0
2025-01-01,2025-01-01T06:10:00,True,0.0,0.0,906.8165166666665,0.06948333333333333,0.9368,0.0,0.0,906.7470333333332,0.0,0.0,1200.0,1200.0
2025-01-01,2025-01-01T06:20:00,True,0.0,0.0,886.1488333333333,0.0,0.8758,0.0,0.0,886.1488333333333,0.0,0.0,1200.0,1200.0
2025-01-01,2025-01-01T06:30:00,True,0.0,0.0,899.9699999999999,0.0,0.8759,0.0,0.0,899.9699999999999,0.0,0.0,1200.0,1200.0
2025-01-01,2025-01-01T06:40:00,True,0.0,0.0,907.9001166666667,0.9676999999999999,0.8601,0.0,0.0,906.9324166666667,0.0,0.0,1200.0,1200.0
2025-01-01,2025-01-01T06:50:00,True,0.0,0.0,907.4001666666666,0.0,0.8442,0.0,0.0,907.4001666666666,0.0,0.0,1200.0,1200.0
2025-01-01,2025-01-01T07:00:00,True,0.0,0.0,905.605,0.5125,0.8334,0.0,0.0,905.0925,0.0,0.0,1200.0,1200.0
2025-01-01,2025-01-01T07:10:00,True,0.0,0.0,908.2136333333333,29.299216666666666,0.8092,0.0,0.0,878.9144166666666,0.0,0.0,1200.0,1200.0
2025-01-01,2025-01-01T07:20:00,True,0.0,0.0,918.3340333333333,70.24933333333333,0.7972,0.0,0.0,848.0847,0.0,0.0,1200.0,1200.0
2025-01-01,2025-01-01T07:30:00,True,0.0,0.0,912.6666666666666,112.85,0.7644,0.0,0.0,799.8166666666666,0.0,0.0,1200.0,1200.0
2025-01-01,2025-01-01T07:40:00,True,0.0,0.0,888.2369166666667,158.4685333333333,0.6899,0.0,0.0,729.7683833333334,0.0,0.0,1200.0,1200.0
2025-01-01,2025-01-01T07:50:00,True,0.0,0.0,1014.0193833333333,209.26175,0.86,0.0,0.0,804.7576333333333,0.0,0.0,1200.0,1200.0
2025-01-01,2025-01-01T08:00:00,True,0.0,0.0,1219.3333333333333,265.38124999999997,1.1617,0.0,0.0,953.9520833333333,0.0,0.0,1200.0,1200.0
2025-01-01,2025-01-01T08:10:00,True,0.0,0.0,1244.9157833333334,322.92019999999997,1.1683,0.0,0.0,921.9955833333333,0.0,0.0,1200.0,1200.0
2025-01-01,2025-01-01T08:20:00,True,0.0,0.0,1204.2818333333332,370.85434999999995,1.0956,0.0,0.0,833.4274833333333,0.0,0.0,1200.0,1200.0
2025-01-01,2025-01-01T08:30:00,True,0.0,0.0,1202.6883333333333,415.01875,1.0849,0.0,0.0,787.6695833333333,0.0,0.0,1200.0,1200.0
2025-01-01,2025-01-01T08:40:00,True,0.0,0.0,1226.9500666666665,471.05243333333334,1.061,0.0,0.0,755.8976333333333,0.0,0.0,1200.0,1200.0
2025-01-01,2025-01-01T08:50:00,True,0.0,0.0,1212.5855,520.35525,1.043,0.0,0.0,692.23025,0.0,0.0,1200.0,1200.0
2025-01-01,2025-01-01T09:00:00,True,0.0,0.0,1179.5483333333332,558.49375,1.036,0.0,0.0,621.0545833333332,0.0,0.0,1200.0,1200.0
2025-01-01,2025-01-01T09:10:00,True,0.0,0.0,1203.6460333333332,600.2996166666667,1.0147,0.0,0.0,603.3464166666665,0.0,0.0,1200.0,1200.0
2025-01-01,2025-01-01T09:20:00,True,0.0,0.0,1204.9252166666665,645.9392,0.9922,0.0,0.0,558.9860166666665,0.0,0.0,1200.0,1200.0
2025-01-01,2025-01-01T09:30:00,True,0.0,0.0,1183.2216666666666,691.6374999999999,0.97,0.0,0.0,491.58416666666665,0.0,0.0,1200.0,1200.0
2025-01-01,2025-01-01T09:40:00,True,0.0,0.0,1216.1920166666666,733.9133666666667,0.9422,0.0,0.0,482.27864999999997,0.0,0.0,1200.0,1200.0
2025-01-01,2025-01-01T09:50:00,True,0.0,0.0,1218.8626,770.79175,0.9569,0.0,0.0,448.07084999999995,0.0,0.0,1200.0,1200.0
2025-01-01,2025-01-01T10:00:00,True,0.0,0.0,1183.2433333333333,806.1062499999999,0.9977,0.0,0.0,377.1370833333334,0.0,0.0,1200.0,1200.0
2025-01-01,2025-01-01T10:10:00,True,0.0,0.0,1187.5868999999998,846.7837333333333,0.9919,0.0,0.0,340.80316666666647,0.0,0.0,1200.0,1200.0
2025-01-01,2025-01-01T10:20:00,True,0.0,0.0,1182.7184,889.7921333333334,0.9588,0.0,0.0,292.9262666666666,0.0,0.0,1200.0,1200.0
2025-01-01,2025-01-01T10:30:00,True,0.0,0.0,1164.3616666666667,915.7875,0.9549,0.0,0.0,248.57416666666666,0.0,0.0,1200.0,1200.0
2025-01-01,2025-01-01T10:40:00,True,0.0,0.0,1183.1616999999999,906.3296333333333,0.9839,0.0,0.0,276.8320666666666,0.0,0.0,1200.0,1200.0
2025-01-01,2025-01-01T10:50:00,True,0.0,0.0,1198.9988333333333,899.3687666666666,0.799,0.0,0.0,299.6300666666667,0.0,0.0,1200.0,1200.0
2025-01-01,2025-01-01T11:00:00,True,0.0,0.0,1189.1966666666667,895.35,0.5025,0.0,0.0,293.8466666666667,0.0,0.0,1200.0,1200.0
2025-01-01,2025-01-01T11:10:00,True,0.0,0.0,1173.8245,863.8287,0.4662,0.0,0.0,309.9957999999999,0.0,0.0,1200.0,1200.0
2025-01-01,2025-01-01T11:20:00,True,0.0,0.0,1178.1945833333332,855.2501833333333,0.5007,0.0,0.0,322.94439999999986,0.0,0.0,1200.0,1200.0
2025-01-01,2025-01-01T11:30:00,True,0.0,0.0,1188.195,882.4624999999999,0.4827,0.0,0.0,305.7325000000001,0.0,0.0,1200.0,1200.0
2025-01-01,2025-01-01T11:40:00,True,0.0,0.0,1161.8398833333333,905.7907333333333,0.4785,0.0,0.0,256.04915000000005,0.0,0.0,1200.0,1200.0
2025-01-01,2025-01-01T11:50:00,True,0.0,0.0,1108.0822833333332,909.2501833333333,0.4662,0.0,0.0,198.83209999999985,0.0,0.0,1200.0,1200.0
2025-01-01,2025-01-01T12:00:00,True,0.0,189.92958333333323,1078.5483333333332,888.6187499999999,0.4432,0.0,0.0,0.0,0.0,0.0,1200.0,1200.0
2025-01-01,2025-01-01T12:10:00,True,0.0,0.0,1113.5309166666666,854.4422166666666,0.4411,0.0,0.0,259.0887,0.0,0.0,1200.0,1200.0
2025-01-01,2025-01-01T12:20:00,True,0.0,0.0,1097.5452333333333,853.0815833333332,0.4551,0.0,0.0,244.46365000000003,0.0,0.0,1200.0,1200.0
2025-01-01,2025-01-01T12:30:00,True,0.0,0.0,1047.3283333333334,883.7624999999999,0.4463,0.0,0.0,163.56583333333344,0.0,0.0,1200.0,1200.0
2025-01-01,2025-01-01T12:40:00,True,0.0,0.0,1091.3220333333334,899.9666,0.4113,0.0,0.0,191.3554333333334,0.0,0.0,1200.0,1200.0
2025-01-01,2025-01-01T12:50:00,True,0.0,0.0,1124.61315,896.2747999999999,0.5682,0.0,0.0,228.33835,0.0,0.0,1200.0,1200.0
2025-01-01,2025-01-01T13:00:00,True,0.0,0.0,1113.7266666666665,876.96875,0.8279,0.0,0.0,236.75791666666646,0.0,0.0,1200.0,1200.0
2025-01-01,2025-01-01T13:10:00,True,0.0,0.0,1131.8271333333332,849.6027333333333,0.8636,0.0,0.0,282.22439999999995,0.0,0.0,1200.0,1200.0
2025-01-01,2025-01-01T13:20:00,True,0.0,0.0,1152.6694166666666,838.2422333333334,0.8416,0.0,0.0,314.42718333333323,0.0,0.0,1200.0,1200.0
2025-01-01,2025-01-01T13:30:00,True,0.0,0.0,1139.1299999999999,840.64375,0.8618,0.0,0.0,298.4862499999999,0.0,0.0,1200.0,1200.0
2025-01-01,2025-01-01T13:40:00,True,0.0,0.0,1091.0875333333333,828.9307333333333,0.8623,0.0,0.0,262.1568000000001,0.0,0.0,1200.0,1200.0
2025-01-01,2025-01-01T13:50:00,True,0.0,0.0,1089.9788333333331,794.9587333333334,0.9026,0.0,0.0,295.02009999999973,0.0,0.0,1200.0,1200.0
2025-01-01,2025-01-01T14:00:00,True,0.0,0.0,1128.995,746.4375,0.9754,0.0,0.0,382.5574999999999,0.0,0.0,1200.0,1200.0
2025-01-01,2025-01-01T14:10:00,True,0.0,0.0,1122.80195,701.56515,1.0002,0.0,0.0,421.2368,0.0,0.0,1200.0,1200.0
2025-01-01,2025-01-01T14:20:00,True,0.0,0.0,1103.8968833333333,676.7385999999999,0.9978,0.0,0.0,427.15828333333343,0.0,0.0,1200.0,1200.0
2025-01-01,2025-01-01T14:30:00,True,0.0,0.0,1091.4966666666664,655.7375,1.0271,0.0,0.0,435.7591666666665,0.0,0.0,1200.0,1200.0
2025-01-01,2025-01-01T14:40:00,True,0.0,0.0,1066.4271166666667,608.0204833333332,1.0906,0.0,0.0,458.4066333333335,0.0,0.0,1200.0,1200.0
2025-01-01,2025-01-01T14:50:00,True,0.0,0.0,1032.7642333333333,571.8360666666666,0.9376,0.0,0.0,460.9281666666667,0.0,0.0,1200.0,1200.0
2025-01-01,2025-01-01T15:00:00,True,0.0,0.0,1025.7816666666665,554.55625,0.6694,0.0,0.0,471.22541666666655,0.0,0.0,1200.0,1200.0
2025-01-01,2025-01-01T15:10:00,True,0.0,0.0,1076.5969666666665,523.18625,0.66,0.0,0.0,553.4107166666665,0.0,0.0,1200.0,1200.0
2025-01-01,2025-01-01T15:20:00,True,0.0,0.0,1103.8142833333332,476.73754999999994,0.7217,0.0,0.0,627.0767333333332,0.0,0.0,1200.0,1200.0
2025-01-01,2025-01-01T15:30:00,True,0.0,0.0,1082.2683333333332,417.5,0.7308,0.0,0.0,664.7683333333332,0.0,0.0,1200.0,1200.0
2025-01-01,2025-01-01T15:40:00,True,0.0,0.0,1062.5086,348.2825,0.7534,0.0,0.0,714.2260999999999,0.0,0.0,1200.0,1200.0
2025-01-01,2025-01-01T15:50:00,True,0.0,0.0,1059.0188333333333,293.69269999999995,0.7823,0.0,0.0,765.3261333333334,0.0,0.0,1200.0,1200.0
2025-01-01,2025-01-01T16:00:00,True,0.0,0.0,1067.375,254.29999999999998,0.8055,0.0,0.0,813.075,0.0,0.0,1200.0,1200.0
2025-01-01,2025-01-01T16:10:00,True,0.0,0.0,1074.1619999999998,208.20041666666668,0.8271,0.0,0.0,865.9615833333331,0.0,0.0,1200.0,1200.0
2025-01-01,2025-01-01T16:20:00,True,0.0,0.0,1066.5764333333332,161.37031666666667,0.8519,0.0,0.0,905.2061166666665,0.0,0.0,1200.0,1200.0
2025-01-01,2025-01-01T16:30:00,True,0.0,0.0,1048.6916666666666,117.76874999999998,0.8791,0.0,0.0,930.9229166666667,0.0,0.0,1200.0,1200.0
2025-01-01,2025-01-01T16:40:00,True,0.0,0.0,1039.4858833333333,73.40638333333334,0.9024,0.0,0.0,966.0794999999999,0.0,0.0,1200.0,1200.0
2025-01-01,2025-01-01T16:50:00,True,0.0,0.0,1049.9906166666665,30.147499999999997,0.9163,0.0,0.0,1019.8431166666664,0.0,0.0,1200.0,1200.0
2025-01-01,2025-01-01T17:00:00,True,0.0,0.0,1064.8433333333332,0.49374999999999997,0.9264,0.0,0.0,1064.3495833333332,0.0,0.0,1200.0,1200.0
2025-01-01,2025-01-01T17:10:00,True,0.0,0.0,1054.1972166666665,0.0,0.9462,0.0,0.0,1054.1972166666665,0.0,0.0,1200.0,1200.0
2025-01-01,2025-01-01T17:20:00,True,0.0,0.0,1028.2455666666665,0.9929666666666666,0.9742,0.0,0.0,1027.2525999999998,0.0,0.0,1200.0,1200.0
2025-01-01,2025-01-01T17:30:00,True,0.0,0.0,1031.9983333333332,0.0,0.9862,0.0,0.0,1031.9983333333332,0.0,0.0,1200.0,1200.0
2025-01-01,2025-01-01T17:40:00,True,0.0,0.0,1077.4177833333333,0.0,0.976,0.0,0.0,1077.4177833333333,0.0,0.0,1200.0,1200.0
2025-01-01,2025-01-01T17:50:00,True,0.0,0.0,960.6718166666666,0.07128333333333334,1.0742,0.0,0.0,960.6005333333333,0.0,0.0,1200.0,1200.0
2025-01-01,2025-01-01T18:00:00,True,0.0,754.9083333333332,754.9083333333333,0.0,1.2313,0.0,0.0,0.0,0.0,0.0,1200.0,1200.0
2025-01-01,2025-01-01T18:10:00,True,0.0,0.0,748.4221333333332,0.0,1.2561,0.0,0.0,748.4221333333332,0.0,0.0,1200.0,1200.0
2025-01-01,2025-01-01T18:20:00,True,0.0,0.0,774.0034333333333,0.005116666666666667,1.2447,0.0,0.0,773.9983166666666,0.0,0.0,1200.0,1200.0
2025-01-01,2025-01-01T18:30:00,True,0.0,0.0,744.8683333333333,0.0,1.2545,0.0,0.0,744.8683333333333,0.0,0.0,1200.0,1200.0
2025-01-01,2025-01-01T18:40:00,True,0.0,0.0,745.0775,0.0,1.2522,0.0,0.0,745.0775,0.0,0.0,1200.0,1200.0
2025-01-01,2025-01-01T18:50:00,True,0.0,0.0,751.8126,0.00036666666666666667,1.2881,0.0,0.0,751.8122333333333,0.0,0.0,1200.0,1200.0
2025-01-01,2025-01-01T19:00:00,True,0.0,0.0,747.6949999999999,0.0,1.3466,0.0,0.0,747.6949999999999,0.0,0.0,1200.0,1200.0
2025-01-01,2025-01-01T19:10:00,True,0.0,0.0,745.2882166666666,0.0,1.3523,0.0,0.0,745.2882166666666,0.0,0.0,1200.0,1200.0
2025-01-01,2025-01-01T19:20:00,True,0.0,0.0,739.9705833333334,0.0,1.3445,0.0,0.0,739.9705833333334,0.0,0.0,1200.0,1200.0
2025-01-01,2025-01-01T19:30:00,True,0.0,0.0,731.1983333333333,0.0,1.3483,0.0,0.0,731.1983333333333,0.0,0.0,1200.0,1200.0
2025-01-01,2025-01-01T19:40:00,True,0.0,0.0,724.66275,0.0,1.349,0.0,0.0,724.66275,0.0,0.0,1200.0,1200.0
2025-01-01,2025-01-01T19:50:00,True,0.0,0.0,716.7724166666667,0.0,1.3473,0.0,0.0,716.7724166666667,0.0,0.0,1200.0,1200.0
2025-01-01,2025-01-01T20:00:00,True,0.0,0.0,719.3316666666666,0.0,1.3482,0.0,0.0,719.3316666666666,0.0,0.0,1200.0,1200.0
2025-01-01,2025-01-01T20:10:00,True,0.0,0.0,747.2124,0.0,1.3513,0.0,0.0,747.2124,0.0,0.0,1200.0,1200.0
2025-01-01,2025-01-01T20:20:00,True,0.0,0.0,758.6176666666667,0.0,1.34,0.0,0.0,758.6176666666667,0.0,0.0,1200.0,1200.0
2025-01-01,2025-01-01T20:30:00,True,0.0,0.0,749.9666666666667,0.0,1.3489,0.0,0.0,749.9666666666667,0.0,0.0,1200.0,1200.0
2025-01-01,2025-01-01T20:40:00,True,0.0,0.0,755.8489166666666,0.0,1.3952,0.0,0.0,755.8489166666666,0.0,0.0,1200.0,1200.0
2025-01-01,2025-01-01T20:50:00,True,0.0,0.0,754.8193333333334,0.0,1.2226,0.0,0.0,754.8193333333334,0.0,0.0,1200.0,1200.0
2025-01-01,2025-01-01T21:00:00,True,0.0,0.0,747.2516666666667,0.0,0.9332,0.0,0.0,747.2516666666667,0.0,0.0,1200.0,1200.0
2025-01-01,2025-01-01T21:10:00,True,0.0,0.0,758.0383666666667,0.0,0.9068,0.0,0.0,758.0383666666667,0.0,0.0,1200.0,1200.0
2025-01-01,2025-01-01T21:20:00,True,0.0,0.0,765.94735,0.0,0.9371,0.0,0.0,765.94735,0.0,0.0,1200.0,1200.0
2025-01-01,2025-01-01T21:30:00,True,0.0,0.0,770.1499999999999,0.0,0.9371,0.0,0.0,770.1499999999999,0.0,0.0,1200.0,1200.0
2025-01-01,2025-01-01T21:40:00,True,0.0,0.0,775.6191333333333,0.0,0.9871,0.0,0.0,775.6191333333333,0.0,0.0,1200.0,1200.0
2025-01-01,2025-01-01T21:50:00,True,0.0,0.0,688.6640833333332,0.0,0.7764,0.0,0.0,688.6640833333332,0.0,0.0,1200.0,1200.0
2025-01-01,2025-01-01T22:00:00,True,0.0,0.0,560.5,0.0,0.4209,0.0,0.0,560.5,0.0,0.0,1200.0,1200.0
2025-01-01,2025-01-01T22:10:00,True,0.0,0.0,550.9598,0.0,0.3859,0.0,0.0,550.9598,0.0,0.0,1200.0,1200.0
2025-01-01,2025-01-01T22:20:00,True,0.0,0.0,578.4886666666666,0.0,0.4368,0.0,0.0,578.4886666666666,0.0,0.0,1200.0,1200.0
2025-01-01,2025-01-01T22:30:00,True,0.0,0.0,586.895,0.0,0.4198,0.0,0.0,586.895,0.0,0.0,1200.0,1200.0
2025-01-01,2025-01-01T22:40:00,True,0.0,0.0,593.5879833333333,0.0,0.4186,0.0,0.0,593.5879833333333,0.0,0.0,1200.0,1200.0
2025-01-01,2025-01-01T22:50:00,True,0.0,0.0,564.3446666666666,0.0,0.4241,0.0,0.0,564.3446666666666,0.0,0.0,1200.0,1200.0
2025-01-01,2025-01-01T23:00:00,True,0.0,0.0,548.3316666666666,0.0,0.4237,0.0,0.0,548.3316666666666,0.0,0.0,1200.0,1200.0
2025-01-01,2025-01-01T23:10:00,True,0.0,0.0,629.0425333333333,0.0,0.4248,0.0,0.0,629.0425333333333,0.0,0.0,1200.0,1200.0
2025-01-01,2025-01-01T23:20:00,True,0.0,0.0,647.27,0.0,0.424,0.0,0.0,647.27,0.0,0.0,1200.0,1200.0
2025-01-01,2025-01-01T23:30:00,True,0.0,0.0,587.5233333333333,0.0,0.422,0.0,0.0,587.5233333333333,0.0,0.0,1200.0,1200.0
2025-01-01,2025-01-01T23:40:00,True,0.0,0.0,592.26515,0.0,0.424,0.0,0.0,592.26515,0.0,0.0,1200.0,1200.0
2025-01-01,2025-01-01T23:50:00,True,0.0,0.0,616.1856833333333,0.0,0.4271,0.0,0.0,616.1856833333333,0.0,0.0,1200.0,1200.0
2025-01-01,2025-01-02T00:00:00,True,0.0,0.0,616.1166666666666,0.0,0.4276,0.0,0.0,616.1166666666666,0.0,0.0,1200.0,1200.0
2025-01-02,2025-01-02T00:10:00,True,1421.6216,1421.6216,603.7584833333333,0.0,0.4248,817.8631166666668,0.0,0.0,1.065776205560414e-13,1.0,1200.0,1936.0768050000001
2025-01-02,2025-01-02T00:20:00,True,1434.9214499999998,1434.9214499999998,603.7935166666666,0.0,0.4245,831.1279333333332,0.0,0.0,0.0,1.0,1936.0768050000001,2684.091945
2025-01-02,2025-01-02T00:30:00,True,1454.4266666666667,1454.4266666666667,618.0383333333333,0.0,0.4269,833.3333333333331,0.0,0.0,3.055000000000291,1.0,2684.091945,3434.091945
2025-01-02,2025-01-02T00:40:00,True,1418.4385166666666,1418.4385166666666,625.0871,0.0,0.4272,793.3514166666666,0.0,0.0,0.0,1.0,3434.091945,4148.10822
2025-01-02,2025-01-02T00:50:00,True,1417.09375,1417.09375,614.1506333333333,0.0,0.4271,802.9431166666667,0.0,0.0,0.0,1.0,4148.10822,4870.757025
2025-01-02,2025-01-02T01:00:00,True,1464.5016666666666,1464.5016666666666,607.3566666666666,0.0,0.4285,833.3333333333331,0.0,0.0,23.811666666666838,1.0,4870.757025,5620.757025
2025-01-02,2025-01-02T01:10:00,True,1483.3867500000001,1483.3867500000001,634.8829999999999,0.0,0.4311,833.3333333333333,0.0,0.0,15.170416666666938,1.0,5620.757025,6370.757025
2025-01-02,2025-01-02T01:20:00,True,1486.1396,1486.1396,642.5204333333334,0.0,0.4302,833.3333333333331,0.0,0.0,10.285833333333471,1.0,6370.757025,7120.757025
2025-01-02,2025-01-02T01:30:00,True,1469.5466666666666,1469.5466666666666,630.63,0.0,0.4279,833.3333333333334,0.0,0.0,5.5833333333332575,1.0,7120.757025,7870.757025
2025-01-02,2025-01-02T01:40:00,True,588.8356,588.8356,651.2308166666667,0.0,0.4312,0.0,0.0,62.39521666666667,0.0,0.0,7870.757025,7870.757025
2025-01-02,2025-01-02T01:50:00,True,615.7768833333333,615.7768833333333,661.3733,0.0,0.4333,0.0,0.0,45.59641666666664,0.0,0.0,7870.757025,7870.757025
2025-01-02,2025-01-02T02:00:00,True,1344.1216666666664,1344.1216666666664,647.795,0.0,0.4311,696.3266666666665,0.0,0.0,0.0,1.0,7870.757025,8497.451025
2025-01-02,2025-01-02T02:10:00,True,1468.4451666666666,1468.4451666666666,644.2316833333333,0.0,0.4293,824.2134833333333,0.0,0.0,0.0,1.0,8497.451025,9239.24316
2025-01-02,2025-01-02T02:20:00,True,640.8249166666667,640.8249166666667,655.2810166666666,0.0,0.4324,0.0,-9.059419880941277e-14,14.456099999999969,0.0,0.0,9239.24316,9239.24316
2025-01-02,2025-01-02T02:30:00,True,705.77,705.77,675.9966666666667,0.0,0.4367,29.77333333333364,0.0,0.0,-3.268496584496461e-13,1.0,9239.24316,9266.03916
2025-01-02,2025-01-02T02:40:00,True,684.9959166666665,684.9959166666665,694.1636666666666,0.0,0.4348,0.0,-2.717825964282383e-13,9.167750000000341,0.0,0.0,9266.03916,9266.03916
2025-01-02,2025-01-02T02:50:00,True,666.1490833333332,666.1490833333332,677.9054333333333,0.0,0.4335,0.0,6.377121053446899e-13,11.756349999999474,0.0,0.0,9266.03916,9266.03916
2025-01-02,2025-01-02T03:00:00,True,683.6983333333333,683.6983333333333,653.24,0.0,0.4357,30.458333333333737,0.0,0.0,-4.796163466380676e-13,1.0,9266.03916,9293.45166
2025-01-02,2025-01-02T03:10:00,True,681.0096166666666,681.0096166666666,678.0538333333333,0.0,0.4374,2.9557833333334806,0.0,0.0,-1.5143442055887135e-13,1.0,9293.45166,9296.111865
2025-01-02,2025-01-02T03:20:00,True,688.9604333333333,688.9604333333333,690.0798666666666,0.0,0.4371,0.0,7.276401703393276e-13,1.119433333332563,0.0,0.0,9296.111865,9296.111865
2025-01-02,2025-01-02T03:30:00,True,696.53,696.53,676.8533333333332,0.0,0.4356,4.3201499999991535,0.0,0.0,15.35651666666758,1.0,9296.111865,9300.0
2025-01-02,2025-01-02T03:40:00,True,658.8951833333333,658.8951833333333,689.7840166666666,0.0,0.4353,0.0,2.5224267119483557e-13,30.888833333333057,0.0,0.0,9300.0,9300.0
2025-01-02,2025-01-02T03:50:00,True,651.7916,651.7916,713.8835166666665,0.0,0.436,0.0,2.2737367544323206e-13,62.09191666666629,0.0,0.0,9300.0,9300.0
2025-01-02,2025-01-02T04:00:00,True,683.2183333333334,683.2183333333334,721.8299999999999,0.0,0.4378,0.0,2.4868995751603507e-13,38.611666666666316,0.0,0.0,9300.0,9300.0
2025-01-02,2025-01-02T04:10:00,True,687.3103833333332,687.3103833333332,704.1930833333332,0.0,0.4401,0.0,-4.760636329592671e-13,16.882700000000476,0.0,0.0,9300.0,9300.0
2025-01-02,2025-01-02T04:20:00,True,694.8344666666667,694.8344666666667,700.3314999999999,0.0,0.4389,0.0,-6.137312880127865e-13,5.49703333333382,0.0,0.0,9300.0,9300.0
2025-01-02,2025-01-02T04:30:00,True,710.04,710.04,712.3166666666666,0.0,0.4364,0.0,3.637090628672013e-13,2.2766666666662787,0.0,0.0,9300.0,9300.0
2025-01-02,2025-01-02T04:40:00,True,702.8703666666667,702.8703666666667,703.1725333333334,0.0,0.4393,0.0,5.2297055574968e-13,0.30216666666619857,0.0,0.0,9300.0,9300.0
2025-01-02,2025-01-02T04:50:00,True,710.3095,710.3095,678.2314166666666,0.0,0.4422,-0.0,0.0,0.0,32.078083333333325,0.0,9300.0,9300.0
2025-01-02,2025-01-02T05:00:00,True,723.6499999999999,723.6499999999999,671.8249999999999,0.0,0.4395,0.0,0.0,0.0,51.82499999999993,0.0,9300.0,9300.0
2025-01-02,2025-01-02T05:10:00,True,701.3701333333333,701.3701333333333,710.4925499999999,0.00036666666666666667,0.4333,0.0,1.829647544582258e-13,9.122049999999762,0.0,0.0,9300.0,9300.0
2025-01-02,2025-01-02T05:20:00,True,717.02055,717.02055,721.7514333333334,0.0,0.4439,0.0,-4.0945025148175773e-13,4.7308833333338045,0.0,0.0,9300.0,9300.0
2025-01-02,2025-01-02T05:30:00,True,1576.0983333333334,1576.0983333333334,691.5216666666666,0.0,0.4301,833.3333333333333,0.0,0.0,51.24333333333345,1.0,9300.0,10050.0
2025-01-02,2025-01-02T05:40:00,True,1524.7728333333334,1524.7728333333334,688.3891,0.005116666666666667,0.3713,833.3333333333333,0.0,0.0,3.055516666666904,1.0,10050.0,10800.0
2025-01-02,2025-01-02T05:50:00,True,749.6888833333334,749.6888833333334,773.6214333333334,0.0,0.5708,0.0,1.6370904631912707e-12,23.932549999999356,0.0,0.0,10800.0,10799.999999999998
2025-01-02,2025-01-02T06:00:00,True,894.8966666666666,894.8966666666666,901.9316666666666,0.0,0.9099,0.0,7.034999999999126,0.0,0.0,0.0,10799.999999999998,10792.183333333332
2025-01-02,2025-01-02T06:10:00,True,231.6398388888888,231.6398388888888,956.4668499999999,0.07131666666666667,0.9368,0.0,724.7556944444442,0.0,0.0,0.0,10792.183333333332,9986.899228395061
2025-01-02,2025-01-02T06:20:00,True,885.7954777777777,885.7954777777777,949.2315166666667,0.0,0.8758,0.0,63.436038888889016,0.0,0.0,0.0,9986.899228395061,9916.41474074074
2025-01-02,2025-01-02T06:30:00,True,899.4399666666666,899.4399666666666,922.9433333333333,0.0,0.8759,0.0,23.503366666666693,0.0,0.0,0.0,9916.41474074074,9890.299888888889
2025-01-02,2025-01-02T06:40:00,True,907.1934055555556,907.1934055555556,910.2624333333333,0.9932666666666666,0.8601,0.0,2.075761111111092,0.0,0.0,0.0,9890.299888888889,9887.993487654321
2025-01-02,2025-01-02T06:50:00,True,906.5167777777776,906.5167777777776,913.9334166666665,0.0,0.8442,0.0,7.416638888888883,0.0,0.0,0.0,9887.993487654321,9879.752777777778
2025-01-02,2025-01-02T07:00:00,True,904.5449333333333,904.5449333333333,923.48,1.10625,0.8334,0.0,17.828816666666626,0.0,0.0,0.0,9879.752777777778,9859.942981481481
2025-01-02,2025-01-02T07:10:00,True,867.7543333333332,867.7543333333332,929.2227833333333,32.09305,0.8092,0.0,29.375400000000127,0.0,0.0,0.0,9859.942981481481,9827.303648148149
2025-01-02,2025-01-02T07:20:00,True,838.4755,838.4755,944.9938833333333,74.27036666666666,0.7972,0.0,32.24801666666667,0.0,0.0,0.0,9827.303648148149,9791.47251851852
2025-01-02,2025-01-02T07:30:00,True,793.4088999999999,793.4088999999999,927.7766666666666,116.89374999999998,0.7644,0.0,17.474016666666785,0.0,0.0,0.0,9791.47251851852,9772.056944444446
2025-01-02,2025-01-02T07:40:00,True,1562.91325,1562.91325,846.9908999999999,162.7615833333333,0.6899,0.0,0.0,0.0,878.6839333333335,0.0,9772.056944444446,9772.056944444446
2025-01-02,2025-01-02T07:50:00,True,815.96315,815.96315,956.2591166666666,209.64164999999997,0.86,0.0,0.0,0.0,69.34568333333345,0.0,9772.056944444446,9772.056944444446
2025-01-02,2025-01-02T08:00:00,True,148.54453333333322,148.54453333333322,1200.9583333333333,256.05625,1.1617,0.0,796.3575500000001,0.0,0.0,0.0,9772.056944444446,8887.215222222225
2025-01-02,2025-01-02T08:10:00,True,134.69719444444456,134.69719444444456,1253.2699833333331,303.3820666666667,1.1683,0.0,815.1907222222219,0.0,0.0,0.0,8887.215222222225,7981.447753086422
2025-01-02,2025-01-02T08:20:00,True,54.633455555555315,54.633455555555315,1208.9710833333334,355.4964666666666,1.0956,0.0,798.8411611111114,0.0,0.0,0.0,7981.447753086422,7093.846462962965
2025-01-02,2025-01-02T08:30:00,True,13.6101666666666,13.6101666666666,1192.77,411.95625,1.0849,0.0,767.2035833333334,0.0,0.0,0.0,7093.846462962965,6241.398037037039
2025-01-02,2025-01-02T08:40:00,True,0.0,0.0,1225.2615666666666,466.2322,1.061,0.0,759.0293666666666,0.0,0.0,0.0,6241.398037037039,5398.032074074076
2025-01-02,2025-01-02T08:50:00,True,0.0,0.0,1238.3733166666666,507.9592666666666,1.043,0.0,730.41405,0.0,0.0,0.0,5398.032074074076,4586.46090740741
2025-01-02,2025-01-02T09:00:00,True,0.0,0.0,1215.875,544.5437499999999,1.036,0.0,671.3312500000001,0.0,0.0,0.0,4586.46090740741,3840.5372962962983
2025-01-02,2025-01-02T09:10:00,True,0.0,0.0,1201.27615,591.1414166666666,1.0147,0.0,610.1347333333333,0.0,0.0,0.0,3840.5372962962983,3162.6098148148167
2025-01-02,2025-01-02T09:20:00,True,0.0,0.0,1185.6470833333333,621.1148333333333,0.9922,0.0,564.53225,0.0,0.0,0.0,3162.6098148148167,2535.351759259261
2025-01-02,2025-01-02T09:30:00,True,646.1870166666666,646.1870166666666,1170.52,640.70625,0.97,28.09254242112355,0.0,0.0,88.28072424554306,1.0,2535.351759259261,2560.6350474382725
2025-01-02,2025-01-02T09:40:00,True,658.1572166666667,658.1572166666667,1174.6586166666666,682.7234666666666,0.9422,0.0,0.0,0.0,166.2220666666667,0.0,2560.6350474382725,2560.6350474382725
2025-01-02,2025-01-02T09:50:00,True,639.82765,639.82765,1188.16985,713.9437166666667,0.9569,0.0,0.0,0.0,165.6015166666666,0.0,2560.6350474382725,2560.6350474382725
2025-01-02,2025-01-02T10:00:00,True,0.0,0.0,1191.85,726.01875,0.9977,0.0,465.83124999999995,0.0,0.0,0.0,2560.6350474382725,2043.0447696604947
2025-01-02,2025-01-02T10:10:00,True,0.0,0.0,1175.57585,748.6046833333332,0.9919,0.0,426.9711666666667,0.0,0.0,0.0,2043.0447696604947,1568.6323622530872
2025-01-02,2025-01-02T10:20:00,True,519.0128555555555,519.0128555555555,1171.4651,794.4014999999999,0.9588,51.367059773662426,0.0,0.0,90.58219578189309,1.0,1568.6323622530872,1614.8627160493834
2025-01-02,2025-01-02T10:30:00,True,468.82090000000005,468.82090000000005,1185.9233333333332,836.5749999999999,0.9549,119.47256666666681,0.0,0.0,0.0,1.0,1614.8627160493834,1722.3880260493836
2025-01-02,2025-01-02T10:40:00,True,0.8169222222215922,0.8169222222215922,1193.1336,836.64375,0.9839,0.0,355.6729277777782,0.0,0.0,0.0,1722.3880260493836,1327.1958840740745
2025-01-02,2025-01-02T10:50:00,True,439.78762222222224,439.78762222222224,1184.0274666666664,846.2285833333333,0.799,99.16234063785649,0.0,0.0,2.8263982510326002,1.0,1327.1958840740745,1416.4419906481453
2025-01-02,2025-01-02T11:00:00,True,1231.4835666666668,1231.4835666666668,1164.7416666666666,879.59375,0.5025,833.3333333333334,0.0,0.0,113.00231666666684,1.0,1416.4419906481453,2166.4419906481453
2025-01-02,2025-01-02T11:10:00,True,1211.4106666666667,1211.4106666666667,1150.8726,898.2831666666666,0.4662,-0.0,0.0,0.0,958.8212333333333,0.0,2166.4419906481453,2166.4419906481453
2025-01-02,2025-01-02T11:20:00,True,1211.0800166666668,1211.0800166666668,1153.1421,894.8198333333332,0.5007,833.3333333333334,0.0,0.0,119.42441666666662,1.0,2166.4419906481453,2916.4419906481453
2025-01-02,2025-01-02T11:30:00,True,1216.3797,1216.3797,1175.5749999999998,888.33125,0.4827,833.3333333333334,0.0,0.0,95.80261666666672,1.0,2916.4419906481453,3666.4419906481453
2025-01-02,2025-01-02T11:40:00,True,1185.3238500000002,1185.3238500000002,1204.039533333333,902.1055166666666,0.4785,833.3333333333334,0.0,0.0,50.05650000000037,1.0,3666.4419906481453,4416.441990648145
2025-01-02,2025-01-02T11:50:00,True,1126.8655166666665,1126.8655166666665,1176.912283333333,904.8863666666666,0.4662,833.3333333333334,0.0,0.0,21.506266666666647,1.0,4416.441990648145,5166.441990648145
2025-01-02,2025-01-02T12:00:00,True,1092.6308333333332,1092.6308333333332,1104.6466666666665,888.05,0.4432,833.3333333333334,0.0,0.0,42.70083333333321,1.0,5166.441990648145,5916.441990648145
2025-01-02,2025-01-02T12:10:00,True,1118.2760611111112,1118.2760611111112,1064.25525,874.8249166666666,0.4411,833.3333333333334,0.0,0.0,95.51239444444445,1.0,5916.441990648145,6666.441990648145
2025-01-02,2025-01-02T12:20:00,True,1092.9530222222222,1092.9530222222222,1063.2235833333334,869.8719833333332,0.4551,833.3333333333334,0.0,0.0,66.26808888888866,1.0,6666.441990648145,7416.441990648145
2025-01-02,2025-01-02T12:30:00,True,1033.3987666666667,1033.3987666666667,1086.1799999999998,870.475,0.4463,817.6937666666669,0.0,0.0,0.0,1.0,7416.441990648145,8152.366380648145
2025-01-02,2025-01-02T12:40:00,True,1068.0551111111113,1068.0551111111113,1112.9026333333331,873.7157,0.4113,828.8681777777781,0.0,0.0,0.0,1.0,8152.366380648145,8898.347740648145
2025-01-02,2025-01-02T12:50:00,True,1092.0088722222222,1092.0088722222222,1123.3764999999999,884.69285,0.5682,833.3333333333334,0.0,0.0,19.99188888888898,1.0,8898.347740648145,9648.347740648145
2025-01-02,2025-01-02T13:00:00,True,238.45169999999985,238.45169999999985,1129.3816666666667,898.88125,0.8279,7.951283333333208,0.0,0.0,0.0,1.0,9648.347740648145,9655.503895648146
2025-01-02,2025-01-02T13:10:00,True,264.50486944444435,264.50486944444435,1153.9178166666666,902.2543499999999,0.8636,12.841402777777716,0.0,0.0,0.0,1.0,9655.503895648146,9667.061158148146
2025-01-02,2025-01-02T13:20:00,True,293.2998555555555,293.2998555555555,1141.8495166666667,889.5512666666666,0.8416,41.00160555555544,0.0,0.0,0.0,1.0,9667.061158148146,9703.962603148146
2025-01-02,2025-01-02T13:30:00,True,287.7131416666666,290.28380833333324,1103.6916666666666,861.3687499999999,0.8618,2.768930555554713,0.0,0.0,45.19196111111179,1.0,9703.962603148146,9706.454640648146
2025-01-02,2025-01-02T13:40:00,True,247.62337777777782,258.88912777777784,1109.1362666666666,826.7602499999999,0.8623,0.0,4.618527782440651e-14,23.486888888888824,0.0,0.0,9706.454640648146,9706.454640648146
2025-01-02,2025-01-02T13:50:00,True,249.37798055555422,274.42821388888865,1124.2132333333334,812.2506666666666,0.9026,0.0,-4.547473508864641e-13,37.53435277777862,0.0,0.0,9706.454640648146,9706.454640648146
2025-01-02,2025-01-02T14:00:00,True,0.0,0.0,1128.1216666666664,798.5749999999999,0.9754,0.0,329.5466666666665,0.0,0.0,0.0,9706.454640648146,9340.291677685183
2025-01-02,2025-01-02T14:10:00,True,0.0,0.0,1130.9200666666666,740.0843166666666,1.0002,0.0,390.83574999999996,0.0,0.0,0.0,9340.291677685183,8906.029733240739
2025-01-02,2025-01-02T14:20:00,True,0.0,0.0,1108.5780166666666,683.8292499999999,0.9978,0.0,424.7487666666667,0.0,0.0,0.0,8906.029733240739,8434.086659166665
2025-01-02,2025-01-02T14:30:00,True,0.0,0.0,1086.6216666666664,649.6312499999999,1.0271,0.0,436.99041666666653,0.0,0.0,0.0,8434.086659166665,7948.541751759258
2025-01-02,2025-01-02T14:40:00,True,0.0,0.0,1116.5648999999999,612.0712,1.0906,0.0,504.4936999999999,0.0,0.0,0.0,7948.541751759258,7387.993196203703
2025-01-02,2025-01-02T14:50:00,True,0.0,61.16709008333606,1124.2048166666666,568.6041666666666,0.9376,0.0,304.193876583332,190.23968333333195,0.0,0.0,7387.993196203703,7050.0
2025-01-02,2025-01-02T15:00:00,True,1261.1087499999999,1339.816733333333,1103.5233333333333,523.3625,0.6694,759.6558999999997,0.0,0.0,0.0,1.0,7050.0,7733.69031
2025-01-02,2025-01-02T15:10:00,True,1360.491758333333,1431.2426916666664,1114.4230499999999,479.6929666666666,0.66,796.5126083333331,0.0,0.0,0.0,1.0,7733.69031,8450.5516575
2025-01-02,2025-01-02T15:20:00,True,1436.2767833333332,1499.0706666666665,1085.0556666666666,436.3165833333333,0.7217,833.3333333333331,0.0,0.0,16.998249999999985,1.0,8450.5516575,9200.5516575
2025-01-02,2025-01-02T15:30:00,True,1463.2985416666666,1518.1353749999998,1036.7983333333332,393.33125,0.7308,833.3333333333334,0.0,0.0,41.33495833333325,1.0,9200.5516575,9950.5516575
2025-01-02,2025-01-02T15:40:00,True,658.773183333333,1538.9863,1067.7117166666667,353.22523333333334,0.7534,824.4998166666667,0.0,0.0,0.0,1.0,9950.5516575,10692.6014925
2025-01-02,2025-01-02T15:50:00,True,703.8511250000003,742.7738583333334,1079.0997,317.45385,0.7823,0.0,1.6370904631912707e-12,18.871991666665053,0.0,0.0,10692.6014925,10692.601492499998
2025-01-02,2025-01-02T16:00:00,True,760.7750000000001,791.7406833333333,1048.3733333333332,277.09999999999997,0.8055,20.46735000000001,0.0,0.0,0.0,1.0,10692.601492499998,10711.022107499999
2025-01-02,2025-01-02T16:10:00,True,818.4378166666669,844.2868388888887,1051.2218333333333,221.01760000000002,0.8271,14.08260555555546,0.0,0.0,0.0,1.0,10711.022107499999,10723.696452499998
2025-01-02,2025-01-02T16:20:00,True,861.7280666666661,882.4604277777776,1052.0362,168.58335,0.8519,0.0,0.0,0.9924222222224444,0.0,0.0,10723.696452499998,10723.696452499998
2025-01-02,2025-01-02T16:30:00,True,894.7191166666667,910.3348166666666,1039.8799999999999,126.2875,0.8791,0.0,0.0,3.2576833333332615,0.0,0.0,10723.696452499998,10723.696452499998
2025-01-02,2025-01-02T16:40:00,True,936.3891500000003,946.8881888888889,1046.0812833333332,82.42743333333333,0.9024,0.0,0.0,16.765661111110603,0.0,0.0,10723.696452499998,10723.696452499998
2025-01-02,2025-01-02T16:50:00,True,997.7696999999995,1003.1520777777775,1055.9239666666667,35.64404999999999,0.9163,0.0,0.0,17.127838888889528,0.0,0.0,10723.696452499998,10723.696452499998
2025-01-02,2025-01-02T17:00:00,True,1063.4982333333332,1063.76395,1052.9583333333333,1.1124999999999998,0.9264,11.91811666666672,0.0,0.0,0.0,1.0,10723.696452499998,10734.422757499999
2025-01-02,2025-01-02T17:10:00,True,1053.0762999999997,1053.2977305555553,1035.9547499999999,0.0,0.9462,17.342980555555414,0.0,0.0,0.0,1.0,10734.422757499999,10750.031439999999
2025-01-02,2025-01-02T17:20:00,True,1027.3488333333332,1027.5259777777776,1022.8493,1.1207666666666665,0.9742,5.797444444444295,0.0,0.0,0.0,1.0,10750.031439999999,10755.249139999998
2025-01-02,2025-01-02T17:30:00,True,1031.3257833333332,1031.4586416666666,1030.8716666666664,0.0,0.9862,0.5869750000001659,0.0,0.0,0.0,1.0,10755.249139999998,10755.777417499998
2025-01-02,2025-01-02T17:40:00,True,1076.9694166666666,1077.057988888889,1045.9988666666666,0.0,0.976,31.059122222222413,0.0,0.0,0.0,1.0,10755.777417499998,10783.730627499997
2025-01-02,2025-01-02T17:50:00,True,960.4476333333332,960.4919194444444,958.23075,0.08046666666666666,1.0742,2.341636111111143,0.0,0.0,0.0,1.0,10783.730627499997,10785.838099999997
2025-01-02,2025-01-02T18:00:00,True,754.9083333333333,804.2149999999999,804.2149999999999,0.0,1.2313,0.0,0.0,0.0,5.941769831707686e-13,0.0,10785.838099999997,10785.838099999997
2025-01-02,2025-01-02T18:10:00,True,748.4221333333332,748.4221333333332,743.7868,0.0,1.2561,4.6353333333332785,0.0,0.0,0.0,1.0,10785.838099999997,10790.009899999997
2025-01-02,2025-01-02T18:20:00,True,774.0034333333333,774.0034333333333,747.9326666666666,0.005783333333333333,1.2447,11.100111111114092,0.0,0.0,14.976438888885905,1.0,10790.009899999997,10800.0
2025-01-02,2025-01-02T18:30:00,True,744.8683333333333,744.8683333333333,755.225,0.0,1.2545,0.0,10.356666666668206,0.0,0.0,0.0,10800.0,10788.49259259259
2025-01-02,2025-01-02T18:40:00,True,745.0775,745.0775,738.8777833333334,0.0,1.2522,6.199716666666632,0.0,0.0,0.0,1.0,10788.49259259259,10794.07233759259
2025-01-02,2025-01-02T18:50:00,True,248.37721666666675,261.12292666666923,741.0317499999999,0.00041666666666666664,1.2881,0.0,479.908406666665,0.0,0.0,0.0,10794.07233759259,10260.840774629629
2025-01-02,2025-01-02T19:00:00,True,0.0,0.0,753.7816666666665,0.0,1.3466,0.0,753.7816666666646,0.0,0.0,0.0,10260.840774629629,9423.305589444446
2025-01-02,2025-01-02T19:10:00,True,0.0,0.0,727.5680166666666,0.0,1.3523,0.0,727.5680166666666,0.0,0.0,0.0,9423.305589444446,8614.896682037039
2025-01-02,2025-01-02T19:20:00,True,0.0,0.0,712.1621166666666,0.0,1.3445,0.0,712.1621166666666,0.0,0.0,0.0,8614.896682037039,7823.6054412962985
2025-01-02,2025-01-02T19:30:00,True,0.0,0.0,727.6233333333332,0.0,1.3483,0.0,727.6233333333332,0.0,0.0,0.0,7823.6054412962985,7015.135070925929
2025-01-02,2025-01-02T19:40:00,True,0.0,0.0,743.2633166666666,0.0,1.349,0.0,743.2633166666666,0.0,0.0,0.0,7015.135070925929,6189.286941296299
2025-01-02,2025-01-02T19:50:00,True,0.0,0.0,747.32795,0.0,1.3473,0.0,747.32795,0.0,0.0,0.0,6189.286941296299,5358.92255240741
2025-01-02,2025-01-02T20:00:00,True,0.0,0.0,751.5433333333333,0.0,1.3482,0.0,751.5433333333333,0.0,0.0,0.0,5358.92255240741,4523.874404259262
2025-01-02,2025-01-02T20:10:00,True,0.0,0.0,770.4769166666666,0.0,1.3513,0.0,770.4769166666666,0.0,0.0,0.0,4523.874404259262,3667.7889412962986
2025-01-02,2025-01-02T20:20:00,True,0.0,0.0,760.1000999999999,0.0,1.34,0.0,715.1944638333351,44.90563616666479,0.0,0.0,3667.7889412962986,2873.1284259259264
2025-01-02,2025-01-02T20:30:00,True,0.0,0.0,720.5766666666666,0.0,1.3489,0.0,720.5766666666666,0.0,0.0,0.0,2873.1284259259264,2072.487685185186
2025-01-02,2025-01-02T20:40:00,True,0.0,0.0,704.1293000000001,0.0,1.3952,0.0,704.1293000000001,0.0,0.0,0.0,2072.487685185186,1290.121796296297
2025-01-02,2025-01-02T20:50:00,True,754.8193333333334,754.8193333333334,733.0050833333332,0.0,1.2226,21.814250000000154,0.0,0.0,-2.4868995751603507e-14,1.0,1290.121796296297,1309.754621296297
2025-01-02,2025-01-02T21:00:00,True,747.2516666666667,747.2516666666667,774.7116666666667,0.0,0.9332,0.0,27.460000000000058,0.0,0.0,0.0,1309.754621296297,1279.2435101851859
2025-01-02,2025-01-02T21:10:00,True,758.0383666666667,758.0383666666667,772.2666666666667,0.0,0.9068,0.0,14.228300000000148,0.0,0.0,0.0,1279.2435101851859,1263.4342879629635
2025-01-02,2025-01-02T21:20:00,True,765.94735,765.94735,756.4289666666666,0.0,0.9371,9.51838333333348,0.0,0.0,-6.217248937900877e-14,1.0,1263.4342879629635,1272.0008329629636
2025-01-02,2025-01-02T21:30:00,True,770.1499999999999,770.1499999999999,764.8116666666666,0.0,0.9371,5.338333333333291,0.0,0.0,-3.8191672047105385e-14,1.0,1272.0008329629636,1276.8053329629636
2025-01-02,2025-01-02T21:40:00,True,775.6191333333333,775.6191333333333,792.1586333333332,0.0,0.9871,0.0,16.53949999999993,0.0,0.0,0.0,1276.8053329629636,1258.4281107407414
2025-01-02,2025-01-02T21:50:00,True,688.6640833333332,688.6640833333332,731.3947166666667,0.0,0.7764,0.0,42.730633333333635,0.0,0.0,0.0,1258.4281107407414,1210.9496292592596
2025-01-02,2025-01-02T22:00:00,True,560.5,560.5,615.9116666666666,0.0,0.4209,0.0,9.854666333333649,45.5570003333329,0.0,0.0,1210.9496292592596,1200.0
2025-01-02,2025-01-02T22:10:00,True,550.9598,550.9598,591.5880999999999,0.0,0.3859,0.0,0.0,40.62829999999997,0.0,0.0,1200.0,1200.0
2025-01-02,2025-01-02T22:20:00,True,578.4886666666666,578.4886666666666,594.7760999999999,0.0,0.4368,0.0,0.0,16.287433333333297,0.0,0.0,1200.0,1200.0
2025-01-02,2025-01-02T22:30:00,True,586.895,586.895,587.8716666666667,0.0,0.4198,0.0,0.0,0.9766666666666879,0.0,0.0,1200.0,1200.0
2025-01-02,2025-01-02T22:40:00,True,593.5879833333333,593.5879833333333,596.2832333333333,0.0,0.4186,0.0,0.0,2.6952499999999873,0.0,0.0,1200.0,1200.0
2025-01-02,2025-01-02T22:50:00,True,564.3446666666666,564.3446666666666,579.7073333333333,0.0,0.4241,0.0,0.0,15.362666666666655,0.0,0.0,1200.0,1200.0
2025-01-02,2025-01-02T23:00:00,True,548.3316666666666,548.3316666666666,553.935,0.0,0.4237,0.0,0.0,5.603333333333353,0.0,0.0,1200.0,1200.0
2025-01-02,2025-01-02T23:10:00,True,629.0425333333333,629.0425333333333,579.7343833333333,0.0,0.4248,49.30814999999989,0.0,0.0,3.9653350479716846e-14,1.0,1200.0,1244.377335
2025-01-02,2025-01-02T23:20:00,True,647.27,647.27,606.8232499999999,0.0,0.424,40.446749999999966,0.0,0.0,9.947598300641403e-14,1.0,1244.377335,1280.7794099999999
2025-01-02,2025-01-02T23:30:00,True,587.5233333333333,587.5233333333333,616.8266666666666,0.0,0.422,0.0,29.30333333333317,0.0,0.0,0.0,1280.7794099999999,1248.2201507407408
2025-01-02,2025-01-02T23:40:00,True,592.26515,592.26515,628.2881666666666,0.0,0.424,0.0,36.02301666666683,0.0,0.0,0.0,1248.2201507407408,1208.1945766666665
2025-01-02,2025-01-02T23:50:00,True,616.1856833333333,616.1856833333333,571.367,0.0,0.4271,44.8186833333333,0.0,0.0,0.0,1.0,1208.1945766666665,1248.5313916666664
2025-01-02,2025-01-03T00:00:00,True,0.0,616.1166666666666,486.52,0.0,0.4276,129.59666666666658,0.0,0.0,0.0,1.0,1248.5313916666664,1365.1683916666664
2025-01-03,2025-01-03T00:10:00,True,1429.3567083333332,1429.3567083333332,492.3918166666666,0.0,0.4248,833.3333333333338,0.0,0.0,103.6315583333328,1.0,1365.1683916666664,2115.168391666667
2025-01-03,2025-01-03T00:20:00,True,1436.02415,1436.02415,493.4350333333333,0.0,0.4245,833.3333333333333,0.0,0.0,109.2557833333334,1.0,2115.168391666667,2865.168391666667
2025-01-03,2025-01-03T00:30:00,True,1452.8991666666666,1452.8991666666666,459.41833333333335,0.0,0.4269,833.3333333333334,0.0,0.0,160.14749999999992,1.0,2865.168391666667,3615.168391666667
2025-01-03,2025-01-03T00:40:00,True,1438.429475,1438.429475,454.1775666666666,0.0,0.4272,833.3333333333323,0.0,0.0,150.91857500000094,1.0,3615.168391666667,4365.168391666666
2025-01-03,2025-01-03T00:50:00,True,1432.2888583333333,1432.2888583333333,439.95568333333335,0.0,0.4271,833.3333333333334,0.0,0.0,158.9998416666666,1.0,4365.168391666666,5115.168391666666
2025-01-03,2025-01-03T01:00:00,True,1452.5958333333333,1452.5958333333333,430.62666666666667,0.0,0.4285,833.3333333333334,0.0,0.0,188.63583333333327,1.0,5115.168391666666,5865.168391666666
2025-01-03,2025-01-03T01:10:00,True,1475.8015416666667,1475.8015416666667,483.7801833333333,0.0,0.4311,833.3333333333334,0.0,0.0,158.68802500000004,1.0,5865.168391666666,6615.168391666666
2025-01-03,2025-01-03T01:20:00,True,1480.9966833333333,1480.9966833333333,521.8418333333333,0.0,0.4302,833.3333333333331,0.0,0.0,125.82151666666687,1.0,6615.168391666666,7365.168391666666
2025-01-03,2025-01-03T01:30:00,True,1466.755,1466.755,509.47,0.0,0.4279,833.333333333333,0.0,0.0,123.95166666666705,1.0,7365.168391666666,8115.168391666666
2025-01-03,2025-01-03T01:40:00,True,620.0332083333333,620.0332083333333,487.25686666666667,0.0,0.4312,0.0,0.0,0.0,132.7763416666666,1.0,8115.168391666666,8115.168391666666
2025-01-03,2025-01-03T01:50:00,True,638.5750916666666,638.5750916666666,490.1092166666666,0.0,0.4333,0.0,0.0,0.0,148.46587499999998,1.0,8115.168391666666,8115.168391666666
2025-01-03,2025-01-03T02:00:00,True,1145.7712314814821,1145.7712314814821,507.86833333333334,0.0,0.4311,637.9028981481488,0.0,0.0,0.0,1.0,8115.168391666666,8689.281
2025-01-03,2025-01-03T02:10:00,True,1473.0050916666667,1473.0050916666667,500.10395,0.0,0.4293,678.5766666666657,0.0,0.0,294.32447500000103,1.0,8689.281,9300.0
2025-01-03,2025-01-03T02:20:00,True,648.0529666666666,648.0529666666666,476.75458333333336,0.0,0.4324,0.0,0.0,0.0,171.29838333333328,1.0,9300.0,9300.0
2025-01-03,2025-01-03T02:30:00,True,690.8833333333333,690.8833333333333,466.6833333333333,0.0,0.4367,0.0,0.0,0.0,224.20000000000005,1.0,9300.0,9300.0
2025-01-03,2025-01-03T02:40:00,True,689.5797916666666,689.5797916666666,492.2153833333333,0.0,0.4348,0.0,0.0,0.0,197.36440833333324,1.0,9300.0,9300.0
2025-01-03,2025-01-03T02:50:00,True,672.0272583333333,672.0272583333333,526.83435,0.0,0.4335,0.0,0.0,0.0,145.19290833333332,1.0,9300.0,9300.0
2025-01-03,2025-01-03T03:00:00,True,668.4691666666666,668.4691666666666,549.0,0.0,0.4357,0.0,0.0,0.0,119.46916666666664,1.0,9300.0,9300.0
2025-01-03,2025-01-03T03:10:00,True,679.5317249999999,679.5317249999999,557.7891666666667,0.0,0.4374,0.0,0.0,0.0,121.74255833333325,1.0,9300.0,9300.0
2025-01-03,2025-01-03T03:20:00,True,689.52015,689.52015,565.0962833333333,0.0,0.4371,0.0,0.0,0.0,124.42386666666664,1.0,9300.0,9300.0
2025-01-03,2025-01-03T03:30:00,True,686.6916666666666,686.6916666666666,571.1033333333332,0.0,0.4356,0.0,0.0,0.0,115.58833333333337,1.0,9300.0,9300.0
2025-01-03,2025-01-03T03:40:00,True,674.3396,674.3396,562.64675,0.0,0.4353,0.0,0.0,0.0,111.69285000000002,1.0,9300.0,9300.0
2025-01-03,2025-01-03T03:50:00,True,682.8375583333333,682.8375583333333,534.0349333333334,0.0,0.436,0.0,0.0,0.0,148.80262499999992,1.0,9300.0,9300.0
2025-01-03,2025-01-03T04:00:00,True,702.5241666666666,702.5241666666666,525.8566666666666,0.0,0.4378,0.0,0.0,0.0,176.66750000000002,0.0,9300.0,9300.0
2025-01-03,2025-01-03T04:10:00,True,695.7517333333333,695.7517333333333,578.3907166666667,0.0,0.4401,117.36101666666661,0.0,0.0,0.0,1.0,9300.0,9405.624915
2025-01-03,2025-01-03T04:20:00,True,697.5829833333332,697.5829833333332,561.9044333333333,0.0,0.4389,0.0,0.0,0.0,135.67854999999997,0.0,9405.624915,9405.624915
2025-01-03,2025-01-03T04:30:00,True,711.1783333333333,711.1783333333333,490.92999999999995,0.0,0.4364,220.24833333333333,0.0,0.0,0.0,1.0,9405.624915,9603.848415
2025-01-03,2025-01-03T04:40:00,True,703.02145,703.02145,512.4968166666666,0.0,0.4393,190.52463333333333,0.0,0.0,0.0,1.0,9603.848415,9775.320585000001
2025-01-03,2025-01-03T04:50:00,True,694.2704583333333,694.2704583333333,557.1438333333333,0.0,0.4422,137.126625,0.0,0.0,0.0,1.0,9775.320585000001,9898.734547500002
2025-01-03,2025-01-03T05:00:00,True,697.7375,697.7375,556.925,0.0,0.4395,140.8125,0.0,0.0,0.0,1.0,9898.734547500002,10025.465797500003
2025-01-03,2025-01-03T05:10:00,True,705.9313416666666,705.9313416666666,521.7393999999999,0.00031666666666666665,0.4333,0.0,0.0,0.0,184.19225833333337,0.0,10025.465797500003,10025.465797500003
2025-01-03,2025-01-03T05:20:00,True,719.3859916666667,719.3859916666667,537.3937833333333,0.0,0.4439,0.0,0.0,0.0,181.99220833333334,0.0,10025.465797500003,10025.465797500003
2025-01-03,2025-01-03T05:30:00,True,1550.4766666666667,1550.4766666666667,601.3083333333333,0.0,0.4301,27.260224999996957,0.0,0.0,921.9081083333365,1.0,10025.465797500003,10050.0
2025-01-03,2025-01-03T05:40:00,True,1523.2476333333334,1523.2476333333334,622.2831833333332,0.004516666666666666,0.3713,833.3333333333333,0.0,0.0,67.63563333333354,1.0,10050.0,10800.0
2025-01-03,2025-01-03T05:50:00,True,761.6551583333334,761.6551583333334,583.8952999999999,0.0,0.5708,0.0,1.6370904631912707e-12,0.0,177.75985833333365,0.0,10800.0,10799.999999999998
2025-01-03,2025-01-03T06:00:00,True,898.4141666666667,898.4141666666667,542.7966666666666,0.0,0.9099,0.0,-1.6370904631912707e-12,0.0,355.61749999999944,0.0,10799.999999999998,10800.0
2025-01-03,2025-01-03T06:10:00,True,256.3835944444444,256.3835944444444,570.2083333333333,0.06286666666666665,0.9368,0.0,313.76187222222217,0.0,0.0,0.0,10800.0,10451.375697530864
2025-01-03,2025-01-03T06:20:00,True,917.1739972222222,917.1739972222222,586.61005,0.0,0.8758,0.0,0.0,0.0,330.56394722222217,0.0,10451.375697530864,10451.375697530864
2025-01-03,2025-01-03T06:30:00,True,910.6823999999999,910.6823999999999,560.9833333333333,0.0,0.8759,0.0,0.0,0.0,349.69906666666657,0.0,10451.375697530864,10451.375697530864
2025-01-03,2025-01-03T06:40:00,True,908.0489194444444,908.0489194444444,545.6809999999999,0.8755833333333333,0.8601,0.0,0.0,0.0,363.24350277777785,0.0,10451.375697530864,10451.375697530864
2025-01-03,2025-01-03T06:50:00,True,909.3763472222221,909.3763472222221,577.0283166666666,0.0,0.8442,0.0,0.0,0.0,332.3480305555555,0.0,10451.375697530864,10451.375697530864
2025-01-03,2025-01-03T07:00:00,True,912.9939666666667,912.9939666666667,631.2016666666666,1.6937499999999999,0.8334,0.0,0.0,0.0,283.4860500000001,0.0,10451.375697530864,10451.375697530864
2025-01-03,2025-01-03T07:10:00,True,875.371336111111,875.371336111111,649.1770333333333,31.512733333333333,0.8092,0.0,0.0,0.0,257.70703611111105,0.0,10451.375697530864,10451.375697530864
2025-01-03,2025-01-03T07:20:00,True,846.5187472222223,846.5187472222223,650.8262166666666,73.67421666666667,0.7972,0.0,0.0,0.0,269.36674722222233,0.0,10451.375697530864,10451.375697530864
2025-01-03,2025-01-03T07:30:00,True,793.2781166666666,793.2781166666666,652.3216666666666,117.24374999999999,0.7644,-1.8563396639266623e-11,0.0,0.0,258.2002000000186,0.0,10451.375697530864,10451.375697530848
2025-01-03,2025-01-03T07:40:00,True,1532.2053527777775,1532.2053527777775,649.5451166666667,162.05939999999998,0.6899,0.0,0.0,0.0,1044.719636111111,0.0,10451.375697530848,10451.375697530848
2025-01-03,2025-01-03T07:50:00,True,774.5990222222223,774.5990222222223,653.0534666666666,206.98041666666666,0.86,0.0,0.0,0.0,328.5259722222223,0.0,10451.375697530848,10451.375697530848
2025-01-03,2025-01-03T08:00:00,True,124.4739333333332,124.4739333333332,670.93,254.88124999999997,1.1617,0.0,291.5748166666677,0.0,0.0,0.0,10451.375697530848,10127.403679012328
2025-01-03,2025-01-03T08:10:00,True,119.96579444444444,119.96579444444444,691.0543833333332,307.75635,1.1683,0.0,263.33223888888784,0.0,0.0,0.0,10127.403679012328,9834.81230246912
2025-01-03,2025-01-03T08:20:00,True,34.04418055555527,34.04418055555527,651.01695,347.8594833333333,1.0956,0.0,269.1132861111114,0.0,0.0,0.0,9834.81230246912,9535.79754012344
2025-01-03,2025-01-03T08:30:00,True,0.0,0.0,587.3699999999999,382.15625,1.0849,0.0,205.2137499999999,0.0,0.0,0.0,9535.79754012344,9307.782262345661
2025-01-03,2025-01-03T08:40:00,True,0.0,0.0,614.941,436.74098333333336,1.061,0.0,178.20001666666667,0.0,0.0,0.0,9307.782262345661,9109.782243827143
2025-01-03,2025-01-03T08:50:00,True,0.0,0.0,714.1223833333333,495.9123833333333,1.043,0.0,218.21000000000004,0.0,0.0,0.0,9109.782243827143,8867.326688271587
2025-01-03,2025-01-03T09:00:00,True,0.0,0.0,792.2566666666667,543.875,1.036,0.0,248.38166666666666,0.0,0.0,0.0,8867.326688271587,8591.347058641957
2025-01-03,2025-01-03T09:10:00,True,0.0,0.0,765.2096333333334,578.5894,1.0147,0.0,186.62023333333343,0.0,0.0,0.0,8591.347058641957,8383.991243827142
2025-01-03,2025-01-03T09:20:00,True,0.0,0.0,731.9296999999999,610.2687,0.9922,0.0,121.66099999999994,0.0,0.0,0.0,8383.991243827142,8248.812354938253
2025-01-03,2025-01-03T09:30:00,True,0.0,0.0,749.3733333333332,651.0,0.97,0.0,98.37333333333322,0.0,0.0,0.0,8248.812354938253,8139.508651234549
2025-01-03,2025-01-03T09:40:00,True,523.2299166666669,523.2299166666669,778.8889333333333,706.2720666666667,0.9422,0.0,0.0,0.0,450.61305000000027,0.0,8139.508651234549,8139.508651234549
2025-01-03,2025-01-03T09:50:00,True,491.53939999999966,491.53939999999966,756.3689666666667,759.8901333333333,0.9569,0.0,0.0,0.0,495.0605666666663,0.0,8139.508651234549,8139.508651234549
2025-01-03,2025-01-03T10:00:00,True,0.0,0.0,708.915,799.875,0.9977,0.0,0.0,0.0,90.96000000000004,0.0,8139.508651234549,8139.508651234549
2025-01-03,2025-01-03T10:10:00,True,0.0,0.0,725.8533,822.2695833333333,0.9919,0.0,0.0,0.0,96.41628333333335,0.0,8139.508651234549,8139.508651234549
2025-01-03,2025-01-03T10:20:00,True,265.99548055555385,265.99548055555385,760.2572833333334,818.2747166666666,0.9588,0.0,0.0,0.0,324.01291388888706,0.0,8139.508651234549,8139.508651234549
2025-01-03,2025-01-03T10:30:00,True,349.0109166666666,349.0109166666666,758.835,813.4499999999999,0.9549,0.0,0.0,0.0,403.6259166666665,0.0,8139.508651234549,8139.508651234549
2025-01-03,2025-01-03T10:40:00,True,0.0,0.0,714.9560333333334,846.1483,0.9839,0.0,0.0,0.0,131.19226666666657,0.0,8139.508651234549,8139.508651234549
2025-01-03,2025-01-03T10:50:00,True,315.79934444444416,315.79934444444416,691.0286833333332,866.0402999999999,0.799,0.0,0.0,0.0,490.8109611111108,0.0,8139.508651234549,8139.508651234549
2025-01-03,2025-01-03T11:00:00,True,1109.7975833333335,1109.7975833333335,707.9533333333334,864.95625,0.5025,0.0,0.0,0.0,1266.8005,0.0,8139.508651234549,8139.508651234549
2025-01-03,2025-01-03T11:10:00,True,1072.258911111111,1072.258911111111,729.41995,885.9791833333334,0.4662,0.0,0.0,0.0,1228.8181444444444,0.0,8139.508651234549,8139.508651234549
2025-01-03,2025-01-03T11:20:00,True,1052.660647222222,1052.660647222222,726.0421333333334,918.99325,0.5007,0.0,0.0,0.0,1245.6117638888886,0.0,8139.508651234549,8139.508651234549
2025-01-03,2025-01-03T11:30:00,True,1045.9592499999999,1045.9592499999999,715.375,955.3125,0.4827,0.0,0.0,0.0,1285.8967499999999,0.0,8139.508651234549,8139.508651234549
2025-01-03,2025-01-03T11:40:00,True,1024.095902777778,1024.095902777778,738.6277,997.35835,0.4785,0.0,0.0,0.0,1282.826552777778,0.0,8139.508651234549,8139.508651234549
2025-01-03,2025-01-03T11:50:00,True,960.7354222222222,960.7354222222222,754.7856166666667,1030.3739,0.4662,0.0,0.0,0.0,1236.3237055555555,0.0,8139.508651234549,8139.508651234549
2025-01-03,2025-01-03T12:00:00,True,886.9175833333333,886.9175833333333,734.4033333333333,1038.6812499999999,0.4432,833.3333333333334,0.0,0.0,357.86216666666644,1.0,8139.508651234549,8889.508651234548
2025-01-03,2025-01-03T12:10:00,True,916.8935805555556,916.8935805555556,693.5735166666666,1020.7243333333332,0.4411,0.0,0.0,0.0,1244.0443972222222,0.0,8889.508651234548,8889.508651234548
2025-01-03,2025-01-03T12:20:00,True,941.0653194444446,941.0653194444446,695.9230666666667,1014.9047999999999,0.4551,-0.0,0.0,0.0,1260.047052777778,0.0,8889.508651234548,8889.508651234548
2025-01-03,2025-01-03T12:30:00,True,960.1154916666667,960.1154916666667,722.0049999999999,1015.9624999999999,0.4463,833.3333333333334,0.0,0.0,420.7396583333333,1.0,8889.508651234548,9639.508651234548
2025-01-03,2025-01-03T12:40:00,True,1028.154072222222,1028.154072222222,692.8008499999999,981.0365833333333,0.4113,-0.0,0.0,0.0,1316.3898055555555,0.0,9639.508651234548,9639.508651234548
2025-01-03,2025-01-03T12:50:00,True,1082.7169777777776,1082.7169777777776,666.4078,931.0459833333332,0.5682,833.3333333333334,0.0,0.0,514.0218277777775,1.0,9639.508651234548,10389.508651234548
2025-01-03,2025-01-03T13:00:00,True,279.62339999999995,279.62339999999995,668.125,897.39375,0.8279,69.20215397807624,0.0,0.0,439.68999602192366,1.0,10389.508651234548,10451.790589814816
2025-01-03,2025-01-03T13:10:00,True,298.649411111111,298.649411111111,666.7382166666666,896.1923666666667,0.8636,0.0,0.0,0.0,528.103561111111,0.0,10451.790589814816,10451.790589814816
2025-01-03,2025-01-03T13:20:00,True,300.7441055555556,300.7441055555556,675.4760666666666,906.7330666666667,0.8416,0.0,0.0,0.0,532.0011055555557,0.0,10451.790589814816,10451.790589814816
2025-01-03,2025-01-03T13:30:00,True,272.6031750000001,272.6031750000001,674.615,902.3625,0.8618,0.0,0.0,0.0,500.350675,0.0,10451.790589814816,10451.790589814816
2025-01-03,2025-01-03T13:40:00,True,249.01194444444434,268.0275444444444,631.4917833333333,869.7616666666665,0.8623,0.0,0.0,0.0,506.29742777777767,0.0,10451.790589814816,10451.790589814816
2025-01-03,2025-01-03T13:50:00,True,193.8637222222209,193.8637222222209,635.4636499999999,835.1648499999999,0.9026,-0.0,0.0,0.0,393.56492222222084,0.0,10451.790589814816,10451.790589814816
2025-01-03,2025-01-03T14:00:00,True,0.0,0.0,682.5116666666667,811.75,0.9754,0.0,0.0,0.0,129.23833333333334,0.0,10451.790589814816,10451.790589814816
2025-01-03,2025-01-03T14:10:00,True,0.0,0.0,677.3462999999999,789.3217500000001,1.0002,0.0,0.0,0.0,111.97545000000014,0.0,10451.790589814816,10451.790589814816
2025-01-03,2025-01-03T14:20:00,True,0.0,0.0,655.4356833333333,756.4158,0.9978,0.0,0.0,0.0,100.98011666666673,0.0,10451.790589814816,10451.790589814816
2025-01-03,2025-01-03T14:30:00,True,0.0,0.0,648.6683333333333,714.84375,1.0271,0.0,0.0,0.0,66.1754166666667,0.0,10451.790589814816,10451.790589814816
2025-01-03,2025-01-03T14:40:00,True,0.0,0.0,650.14445,672.6457833333333,1.0906,0.0,0.0,0.0,22.501333333333264,0.0,10451.790589814816,10451.790589814816
2025-01-03,2025-01-03T14:50:00,True,0.0,0.0,648.44385,611.1249499999999,0.9376,0.0,37.318899999999665,0.0,0.0,0.0,10451.790589814816,10410.325145370372
2025-01-03,2025-01-03T15:00:00,True,1287.7295833333333,1364.6358666666665,633.4566666666666,543.7375,0.6694,-0.0,0.0,0.0,1274.9166999999998,0.0,10410.325145370372,10410.325145370372
2025-01-03,2025-01-03T15:10:00,True,1379.8138916666662,1447.2381722222221,608.3562166666666,504.37115,0.66,-0.0,0.0,0.0,1343.2531055555555,0.0,10410.325145370372,10410.325145370372
2025-01-03,2025-01-03T15:20:00,True,1439.9656583333335,1469.663159670782,618.06835,455.1596833333333,0.7217,-0.0,0.0,0.0,1306.7544930041154,0.0,10410.325145370372,10410.325145370372
2025-01-03,2025-01-03T15:30:00,True,1466.2908166666666,1466.2908166666666,643.4883333333332,395.76249999999993,0.7308,412.5394162551412,0.0,0.0,806.025567078192,1.0,10410.325145370372,10781.61062
2025-01-03,2025-01-03T15:40:00,True,699.7611083333333,738.7393805555555,622.6913,361.9624833333333,0.7534,-0.0,0.0,0.0,478.01056388888884,0.0,10781.61062,10781.61062
2025-01-03,2025-01-03T15:50:00,True,764.9370166666669,794.4332861111113,616.6646166666667,313.0255833333333,0.7823,-0.0,0.0,0.0,490.79425277777796,0.0,10781.61062,10781.61062
2025-01-03,2025-01-03T16:00:00,True,814.9787166666665,834.9929833333332,636.1999999999999,246.69374999999997,0.8055,-0.0,0.0,0.0,445.48673333333323,0.0,10781.61062,10781.61062
2025-01-03,2025-01-03T16:10:00,True,859.9760388888892,876.6739888888887,625.32535,203.82881666666665,0.8271,20.43264444444503,0.0,0.0,434.7448111111104,1.0,10781.61062,10800.0
2025-01-03,2025-01-03T16:20:00,True,896.7700111111108,910.1516444444445,588.8597333333332,165.86763333333332,0.8519,0.0,0.0,0.0,487.15954444444384,0.0,10800.0,10800.0
2025-01-03,2025-01-03T16:30:00,True,921.9291000000001,931.9944166666667,567.71,120.89374999999998,0.8791,0.0,0.0,0.0,485.17816666666573,0.0,10800.0,10800.0
2025-01-03,2025-01-03T16:40:00,True,960.6064222222225,967.3554222222222,590.6936,76.87588333333332,0.9024,0.0,0.0,0.0,453.53770555555553,0.0,10800.0,10800.0
2025-01-03,2025-01-03T16:50:00,True,1010.9597027777775,1014.3923861111111,564.2552666666666,33.3696,0.9163,0.0,0.0,0.0,483.5067194444428,0.0,10800.0,10800.0
2025-01-03,2025-01-03T17:00:00,True,1057.0828166666665,1057.1991833333332,499.4233333333333,1.625,0.9264,0.0,0.0,0.0,559.4008499999991,0.0,10800.0,10800.0
2025-01-03,2025-01-03T17:10:00,True,1043.5609694444443,1043.6579416666666,499.08248333333336,0.0,0.9462,0.0,0.0,0.0,544.5754583333319,0.0,10800.0,10800.0
2025-01-03,2025-01-03T17:20:00,True,1024.335422222222,1024.4129999999998,496.1341666666666,0.96115,0.9742,0.0,0.0,0.0,529.239983333332,0.0,10800.0,10800.0
2025-01-03,2025-01-03T17:30:00,True,1030.5259916666666,1030.584175,474.53666666666663,0.0,0.9862,0.0,0.0,0.0,556.0475083333322,0.0,10800.0,10800.0
2025-01-03,2025-01-03T17:40:00,True,1061.1023194444444,1061.1411083333335,488.4798666666666,0.0,0.976,0.0,0.0,0.0,572.6612416666658,0.0,10800.0,10800.0
2025-01-03,2025-01-03T17:50:00,True,959.1482805555555,959.167675,495.12386666666663,0.06899999999999999,1.0742,0.0,1.6370904631912707e-12,0.0,464.1128083333341,0.0,10800.0,10799.999999999998
2025-01-03,2025-01-03T18:00:00,True,779.5616666666666,779.5616666666666,476.505,0.0,1.2313,0.0,0.0,0.0,303.0566666666681,0.0,10799.999999999998,10799.999999999998
2025-01-03,2025-01-03T18:10:00,True,746.1044666666667,746.1044666666667,461.31109999999995,0.0,1.2561,0.0,0.0,0.0,284.79336666666757,0.0,10799.999999999998,10799.999999999998
2025-01-03,2025-01-03T18:20:00,True,760.96805,760.96805,463.1184666666666,0.0049499999999999995,1.2447,0.0,0.0,0.0,297.85453333333396,0.0,10799.999999999998,10799.999999999998
2025-01-03,2025-01-03T18:30:00,True,750.0466666666666,750.0466666666666,468.31333333333333,0.0,1.2545,0.0,0.0,0.0,281.7333333333344,0.0,10799.999999999998,10799.999999999998
2025-01-03,2025-01-03T18:40:00,True,741.9776416666666,741.9776416666666,451.99496666666664,0.0,1.2522,0.0,0.0,0.0,289.9826750000001,0.0,10799.999999999998,10799.999999999998
2025-01-03,2025-01-03T18:50:00,True,233.98084166666604,233.98084166666604,434.9132666666667,0.00034999999999999994,1.2881,0.0,200.93207500000005,0.0,0.0,0.0,10799.999999999998,10576.742138888887
2025-01-03,2025-01-03T19:00:00,True,0.0,0.0,434.82,0.0,1.3466,0.0,434.8199999999999,0.0,0.0,0.0,10576.742138888887,10093.608805555554
2025-01-03,2025-01-03T19:10:00,True,0.0,0.0,448.21464999999995,0.0,1.3523,0.0,448.21464999999915,0.0,0.0,0.0,10093.608805555554,9595.592527777777
2025-01-03,2025-01-03T19:20:00,True,0.0,0.0,447.51981666666666,0.0,1.3445,0.0,447.51981666666666,0.0,0.0,0.0,9595.592527777777,9098.348287037035
2025-01-03,2025-01-03T19:30:00,True,0.0,0.0,451.26666666666665,0.0,1.3483,0.0,451.26666666666665,0.0,0.0,0.0,9098.348287037035,8596.940879629628
2025-01-03,2025-01-03T19:40:00,True,0.0,0.0,498.03953333333334,0.0,1.349,0.0,498.03953333333334,0.0,0.0,0.0,8596.940879629628,8043.563620370369
2025-01-03,2025-01-03T19:50:00,True,0.0,0.0,503.7479166666667,0.0,1.3473,0.0,503.7479166666667,0.0,0.0,0.0,8043.563620370369,7483.843712962962
2025-01-03,2025-01-03T20:00:00,True,0.0,0.0,466.3433333333333,0.0,1.3482,0.0,466.3433333333333,0.0,0.0,0.0,7483.843712962962,6965.684453703703
2025-01-03,2025-01-03T20:10:00,True,0.0,0.0,466.89016666666663,0.0,1.3513,0.0,466.89016666666663,0.0,0.0,0.0,6965.684453703703,6446.917601851851
2025-01-03,2025-01-03T20:20:00,True,0.0,0.0,468.33414999999997,0.0,1.34,0.0,468.33414999999997,0.0,0.0,0.0,6446.917601851851,5926.546324074074
2025-01-03,2025-01-03T20:30:00,True,0.0,0.0,461.0333333333333,0.0,1.3489,0.0,461.0333333333333,0.0,0.0,0.0,5926.546324074074,5414.287064814815
2025-01-03,2025-01-03T20:40:00,True,0.0,0.0,477.62715000000003,0.0,1.3952,0.0,477.62715000000003,0.0,0.0,0.0,5414.287064814815,4883.590231481481
2025-01-03,2025-01-03T20:50:00,True,743.9122083333333,743.9122083333333,488.6862,0.0,1.2226,255.22600833333348,0.0,0.0,-1.7053025658242404e-13,1.0,4883.590231481481,5113.293638981481
2025-01-03,2025-01-03T21:00:00,True,760.9816666666667,760.9816666666667,483.94999999999993,0.0,0.9332,277.03166666666726,0.0,0.0,-5.115907697472721e-13,1.0,5113.293638981481,5362.622138981482
2025-01-03,2025-01-03T21:10:00,True,765.1525166666667,765.1525166666667,479.3476833333333,0.0,0.9068,285.80483333333376,0.0,0.0,-3.979039320256561e-13,1.0,5362.622138981482,5619.846488981482
2025-01-03,2025-01-03T21:20:00,True,761.1881583333334,761.1881583333334,456.58206666666666,0.0,0.9371,304.6060916666667,0.0,0.0,0.0,1.0,5619.846488981482,5893.991971481482
2025-01-03,2025-01-03T21:30:00,True,767.4808333333333,767.4808333333333,441.12666666666667,0.0,0.9371,326.3541666666667,0.0,0.0,-5.684341886080802e-14,1.0,5893.991971481482,6187.710721481482
2025-01-03,2025-01-03T21:40:00,True,783.8888833333333,783.8888833333333,475.7172166666667,0.0,0.9871,308.1716666666671,0.0,0.0,-4.547473508864641e-13,1.0,6187.710721481482,6465.065221481483
2025-01-03,2025-01-03T21:50:00,True,710.0293999999999,710.0293999999999,466.8642333333333,0.0,0.7764,243.16516666666655,0.0,0.0,5.684341886080802e-14,1.0,6465.065221481483,6683.913871481483
2025-01-03,2025-01-03T22:00:00,True,588.2058333333333,588.2058333333333,413.5733333333333,0.0,0.4209,174.6324999999999,0.0,0.0,8.526512829121202e-14,1.0,6683.913871481483,6841.0831214814825
2025-01-03,2025-01-03T22:10:00,True,571.27395,571.27395,408.95865000000003,0.0,0.3859,162.31529999999998,0.0,0.0,0.0,1.0,6841.0831214814825,6987.166891481483
2025-01-03,2025-01-03T22:20:00,True,586.6323833333333,586.6323833333333,416.07939999999996,0.0,0.4368,170.55298333333337,0.0,0.0,0.0,1.0,6987.166891481483,7140.664576481483
2025-01-03,2025-01-03T22:30:00,True,587.3833333333333,587.3833333333333,410.3433333333333,0.0,0.4198,177.04000000000002,0.0,0.0,0.0,1.0,7140.664576481483,7300.000576481483
2025-01-03,2025-01-03T22:40:00,True,594.9356083333333,594.9356083333333,409.15795,0.0,0.4186,185.7776583333333,0.0,0.0,0.0,1.0,7300.000576481483,7467.200468981483
2025-01-03,2025-01-03T22:50:00,True,572.026,572.026,413.06833333333327,0.0,0.4241,158.95766666666668,0.0,0.0,0.0,1.0,7467.200468981483,7610.262368981483
2025-01-03,2025-01-03T23:00:00,True,551.1333333333332,551.1333333333332,421.90666666666664,0.0,0.4237,129.22666666666657,0.0,0.0,0.0,1.0,7610.262368981483,7726.566368981483
2025-01-03,2025-01-03T23:10:00,True,604.3884583333333,604.3884583333333,436.45973333333336,0.0,0.4248,167.928725,0.0,0.0,0.0,1.0,7726.566368981483,7877.702221481482
2025-01-03,2025-01-03T23:20:00,True,627.046625,627.046625,445.81814999999995,0.0,0.424,181.228475,0.0,0.0,0.0,1.0,7877.702221481482,8040.8078489814825
2025-01-03,2025-01-03T23:30:00,True,602.175,602.175,448.15666666666664,0.0,0.422,154.01833333333332,0.0,0.0,0.0,1.0,8040.8078489814825,8179.424348981483
2025-01-03,2025-01-03T23:40:00,True,610.2766583333332,610.2766583333332,452.06315,0.0,0.424,158.2135083333332,0.0,0.0,0.0,1.0,8179.424348981483,8321.816506481482
2025-01-03,2025-01-03T23:50:00,True,593.7763416666667,593.7763416666667,459.18613333333326,0.0,0.4271,134.5902083333334,0.0,0.0,0.0,1.0,8321.816506481482,8442.947693981481
2025-01-03,2025-01-04T00:00:00,True,616.1166666666666,616.1166666666666,460.59,0.0,0.4276,155.52666666666653,0.0,0.0,5.684341886080802e-14,1.0,8442.947693981481,8582.921693981481
2025-01-04,2025-01-04T00:10:00,True,1358.2331955761317,1358.2331955761317,449.46571666666665,0.0,0.4248,796.753673353912,0.0,0.0,112.01380555555318,1.0,8582.921693981481,9300.000000000002
2025-01-04,2025-01-04T00:20:00,True,1399.6055555555556,1399.6055555555556,459.69795,0.0,0.4245,833.3333333333353,0.0,0.0,106.57427222222032,1.0,9300.000000000002,10050.000000000004
2025-01-04,2025-01-04T00:30:00,True,566.1833333333333,566.1833333333333,474.4666666666667,0.0,0.4269,0.0,0.0,0.0,91.71666666666658,1.0,10050.000000000004,10050.000000000004
2025-01-04,2025-01-04T00:40:00,True,554.78995,554.78995,443.8067,0.0,0.4272,0.0,0.0,0.0,110.98325,1.0,10050.000000000004,10050.000000000004
2025-01-04,2025-01-04T00:50:00,True,545.9555777777778,545.9555777777778,426.7045833333333,0.0,0.4271,0.0,0.0,0.0,119.25099444444447,1.0,10050.000000000004,10050.000000000004
2025-01-04,2025-01-04T01:00:00,True,556.3838888888889,556.3838888888889,456.28499999999997,0.0,0.4285,0.0,0.0,0.0,100.09888888888895,1.0,10050.000000000004,10050.000000000004
2025-01-04,2025-01-04T01:10:00,True,589.5722,589.5722,501.7836333333333,0.0,0.4311,0.0,0.0,0.0,87.78856666666667,1.0,10050.000000000004,10050.000000000004
2025-01-04,2025-01-04T01:20:00,True,605.7228444444445,605.7228444444445,496.2863666666666,0.0,0.4302,0.0,0.0,0.0,109.4364777777779,1.0,10050.000000000004,10050.000000000004
2025-01-04,2025-01-04T01:30:00,True,592.1044444444444,592.1044444444444,462.86833333333334,0.0,0.4279,0.0,0.0,0.0,129.2361111111111,1.0,10050.000000000004,10050.000000000004
2025-01-04,2025-01-04T01:40:00,True,575.7744277777778,575.7744277777778,484.0436833333333,0.0,0.4312,0.0,0.0,0.0,91.73074444444444,1.0,10050.000000000004,10050.000000000004
2025-01-04,2025-01-04T01:50:00,True,589.0864666666666,589.0864666666666,490.67343333333326,0.0,0.4333,0.0,0.0,0.0,98.41303333333337,1.0,10050.000000000004,10050.000000000004
2025-01-04,2025-01-04T02:00:00,True,611.0394444444445,611.0394444444445,473.23333333333335,0.0,0.4311,0.0,0.0,0.0,137.80611111111114,1.0,10050.000000000004,10050.000000000004
2025-01-04,2025-01-04T02:10:00,True,593.1491555555555,593.1491555555555,493.5947166666666,0.0,0.4293,0.0,0.0,0.0,99.55443888888885,1.0,10050.000000000004,10050.000000000004
2025-01-04,2025-01-04T02:20:00,True,590.9535055555556,590.9535055555556,507.4181,0.0,0.4324,0.0,0.0,0.0,83.5354055555556,1.0,10050.000000000004,10050.000000000004
2025-01-04,2025-01-04T02:30:00,True,616.15,616.15,502.91999999999996,0.0,0.4367,0.0,0.0,0.0,113.23000000000002,1.0,10050.000000000004,10050.000000000004
2025-01-04,2025-01-04T02:40:00,True,623.7916555555554,623.7916555555554,514.7361833333333,0.0,0.4348,0.0,0.0,0.0,109.05547222222208,1.0,10050.000000000004,10050.000000000004
2025-01-04,2025-01-04T02:50:00,True,623.6296222222222,623.6296222222222,523.4828,0.0,0.4335,0.0,0.0,0.0,100.14682222222223,1.0,10050.000000000004,10050.000000000004
2025-01-04,2025-01-04T03:00:00,True,628.646111111111,628.646111111111,520.01,0.0,0.4357,0.0,0.0,0.0,108.63611111111106,1.0,10050.000000000004,10050.000000000004
2025-01-04,2025-01-04T03:10:00,True,638.9508722222222,638.9508722222222,518.6503,0.0,0.4374,0.0,0.0,0.0,120.30057222222217,1.0,10050.000000000004,10050.000000000004
2025-01-04,2025-01-04T03:20:00,True,648.0455277777777,648.0455277777777,529.0792833333333,0.0,0.4371,0.0,0.0,0.0,118.96624444444444,1.0,10050.000000000004,10050.000000000004
2025-01-04,2025-01-04T03:30:00,True,648.1622222222221,648.1622222222221,537.1383333333333,0.0,0.4356,0.0,0.0,0.0,111.02388888888879,1.0,10050.000000000004,10050.000000000004
2025-01-04,2025-01-04T03:40:00,True,637.10865,637.10865,523.4585333333333,0.0,0.4353,0.0,0.0,0.0,113.65011666666669,1.0,10050.000000000004,10050.000000000004
2025-01-04,2025-01-04T03:50:00,True,633.2366833333333,633.2366833333333,533.9196,0.0,0.436,0.0,0.0,0.0,99.31708333333336,1.0,10050.000000000004,10050.000000000004
2025-01-04,2025-01-04T04:00:00,True,643.6349999999999,643.6349999999999,550.9366666666666,0.0,0.4378,0.0,0.0,0.0,92.69833333333327,0.0,10050.000000000004,10050.000000000004
2025-01-04,2025-01-04T04:10:00,True,656.6313944444445,656.6313944444445,513.8285166666667,0.0,0.4401,142.80287777777778,0.0,0.0,0.0,1.0,10050.000000000004,10178.522590000004
2025-01-04,2025-01-04T04:20:00,True,652.3567999999999,652.3567999999999,504.9363833333333,0.0,0.4389,147.4204166666666,0.0,0.0,0.0,1.0,10178.522590000004,10311.200965000004
2025-01-04,2025-01-04T04:30:00,True,637.7622222222221,637.7622222222221,536.675,0.0,0.4364,101.08722222222218,0.0,0.0,0.0,1.0,10311.200965000004,10402.179465000003
2025-01-04,2025-01-04T04:40:00,True,639.5132388888888,639.5132388888888,540.0349333333334,0.0,0.4393,99.4783055555555,0.0,0.0,0.0,1.0,10402.179465000003,10491.709940000002
2025-01-04,2025-01-04T04:50:00,True,648.5615833333333,648.5615833333333,544.7534333333333,0.0,0.4422,103.80814999999996,0.0,0.0,0.0,1.0,10491.709940000002,10585.137275000003
2025-01-04,2025-01-04T05:00:00,True,650.8,650.8,565.4033333333333,0.0,0.4395,0.0,0.0,0.0,85.39666666666665,0.0,10585.137275000003,10585.137275000003
2025-01-04,2025-01-04T05:10:00,True,644.5340277777777,644.5340277777777,577.4903666666667,0.00036666666666666667,0.4333,67.04402777777773,0.0,0.0,0.0,1.0,10585.137275000003,10645.476900000003
2025-01-04,2025-01-04T05:20:00,True,658.7219222222221,658.7219222222221,565.6305333333332,0.0,0.4439,0.0,0.0,0.0,93.0913888888889,0.0,10645.476900000003,10645.476900000003
2025-01-04,2025-01-04T05:30:00,True,678.5316666666666,678.5316666666666,546.5266666666666,0.0,0.4301,0.0,0.0,0.0,132.005,0.0,10645.476900000003,10645.476900000003
2025-01-04,2025-01-04T05:40:00,True,1500.7039277777776,1500.7039277777776,552.1814999999999,0.0052,0.3713,171.69233333332963,0.0,0.0,776.835294444448,1.0,10645.476900000003,10800.0
2025-01-04,2025-01-04T05:50:00,True,702.4018722222222,702.4018722222222,559.3708166666667,0.0,0.5708,0.0,1.6370904631912707e-12,0.0,143.03105555555598,0.0,10800.0,10799.999999999998
2025-01-04,2025-01-04T06:00:00,True,0.0,9.282866111110707,553.65,0.0,0.9099,0.0,544.3671338888881,0.0,0.0,0.0,10799.999999999998,10195.147629012345
2025-01-04,2025-01-04T06:10:00,True,0.0,0.0,546.9321666666666,0.07253333333333332,0.9368,0.0,546.8596333333331,0.0,0.0,0.0,10195.147629012345,9587.52581419753
2025-01-04,2025-01-04T06:20:00,True,806.4229888888888,806.4229888888888,562.7097333333334,0.0,0.8758,-0.0,0.0,0.0,243.7132555555554,0.0,9587.52581419753,9587.52581419753
2025-01-04,2025-01-04T06:30:00,True,118.04005683333105,792.1024388888889,576.7116666666666,0.0,0.8759,-0.0,0.0,0.0,215.39077222222227,0.0,9587.52581419753,9587.52581419753
2025-01-04,2025-01-04T06:40:00,True,786.1335611111111,786.1335611111111,548.6189166666666,1.0103666666666666,0.8601,-0.0,0.0,0.0,238.5250111111112,0.0,9587.52581419753,9587.52581419753
2025-01-04,2025-01-04T06:50:00,True,797.1861055555555,797.1861055555555,569.9849833333333,0.0,0.8442,-0.0,0.0,0.0,227.20112222222224,0.0,9587.52581419753,9587.52581419753
2025-01-04,2025-01-04T07:00:00,True,817.3741222222222,817.5657722222223,639.3699999999999,2.6062499999999997,0.8334,-0.0,0.0,0.0,180.8020222222225,0.0,9587.52581419753,9587.52581419753
2025-01-04,2025-01-04T07:10:00,True,778.7723222222221,783.7922444444443,658.5286166666666,38.14045,0.8092,-0.0,0.0,0.0,163.40407777777773,0.0,9587.52581419753,9587.52581419753
2025-01-04,2025-01-04T07:20:00,True,740.5751555555556,750.42335,646.8019999999999,83.68773333333333,0.7972,0.0,0.0,0.0,187.30908333333343,0.0,9587.52581419753,9587.52581419753
2025-01-04,2025-01-04T07:30:00,True,686.06805,700.7445166666666,625.8083333333333,127.96249999999999,0.7644,-0.0,0.0,0.0,202.89868333333334,0.0,9587.52581419753,9587.52581419753
2025-01-04,2025-01-04T07:40:00,True,1436.0266333333334,1455.5313722222222,599.1856833333333,177.08364999999998,0.6899,512.7550144032915,0.0,0.0,520.6743244855974,1.0,9587.52581419753,10049.005327160492
2025-01-04,2025-01-04T07:50:00,True,634.8355833333334,659.1685944444444,609.6268833333334,226.8329333333333,0.86,0.0,0.0,0.0,276.3746444444443,0.0,10049.005327160492,10049.005327160492
2025-01-04,2025-01-04T08:00:00,True,0.0,0.0,640.1816666666666,270.18125,1.1617,0.0,370.00041666666664,0.0,0.0,0.0,10049.005327160492,9637.893753086419
2025-01-04,2025-01-04T08:10:00,True,0.0,0.0,630.28315,305.6579333333333,1.1683,0.0,324.6252166666667,0.0,0.0,0.0,9637.893753086419,9277.199067901234
2025-01-04,2025-01-04T08:20:00,True,0.0,0.0,621.3094,352.7479333333333,1.0956,0.0,268.56146666666666,0.0,0.0,0.0,9277.199067901234,8978.797438271604
2025-01-04,2025-01-04T08:30:00,True,0.0,0.0,624.7283333333332,406.4625,1.0849,0.0,218.26583333333326,0.0,0.0,0.0,8978.797438271604,8736.279845679011
2025-01-04,2025-01-04T08:40:00,True,0.0,0.0,619.6784333333333,444.75924999999995,1.061,0.0,174.9191833333333,0.0,0.0,0.0,8736.279845679011,8541.925197530863
2025-01-04,2025-01-04T08:50:00,True,0.0,0.0,675.1512499999999,494.4015333333333,1.043,0.0,180.7497166666666,0.0,0.0,0.0,8541.925197530863,8341.092179012345
2025-01-04,2025-01-04T09:00:00,True,0.0,0.0,758.565,553.03125,1.036,0.0,205.53375000000005,0.0,0.0,0.0,8341.092179012345,8112.721345679011
2025-01-04,2025-01-04T09:10:00,True,0.0,0.0,757.9912999999999,588.73325,1.0147,0.0,169.2580499999999,0.0,0.0,0.0,8112.721345679011,7924.656845679012
2025-01-04,2025-01-04T09:20:00,True,0.0,0.0,739.2537,617.4463833333333,0.9922,0.0,121.80731666666668,0.0,0.0,0.0,7924.656845679012,7789.315382716049
2025-01-04,2025-01-04T09:30:00,True,0.0,0.0,734.8766666666667,655.8187499999999,0.97,0.0,79.05791666666676,0.0,0.0,0.0,7789.315382716049,7701.4732530864185
2025-01-04,2025-01-04T09:40:00,True,0.0,0.0,716.0603666666666,702.2947999999999,0.9422,0.0,13.7655666666667,0.0,0.0,0.0,7701.4732530864185,7686.178179012344
2025-01-04,2025-01-04T09:50:00,True,0.0,0.0,722.68055,731.0446,0.9569,0.0,0.0,0.0,8.364049999999907,0.0,7686.178179012344,7686.178179012344
2025-01-04,2025-01-04T10:00:00,True,0.0,0.0,756.8083333333334,748.7937499999999,0.9977,0.0,8.014583333333462,0.0,0.0,0.0,7686.178179012344,7677.273086419751
2025-01-04,2025-01-04T10:10:00,True,0.0,0.0,771.0178333333333,790.0407,0.9919,0.0,0.0,0.0,19.022866666666687,0.0,7677.273086419751,7677.273086419751
2025-01-04,2025-01-04T10:20:00,True,0.0,0.0,745.5898333333332,846.1041499999999,0.9588,0.0,0.0,0.0,100.51431666666667,0.0,7677.273086419751,7677.273086419751
2025-01-04,2025-01-04T10:30:00,True,0.0,0.0,721.1983333333333,890.5,0.9549,0.0,0.0,0.0,169.30166666666673,0.0,7677.273086419751,7677.273086419751
2025-01-04,2025-01-04T10:40:00,True,0.0,0.0,752.9393499999999,903.7317833333333,0.9839,0.0,0.0,0.0,150.7924333333334,0.0,7677.273086419751,7677.273086419751
2025-01-04,2025-01-04T10:50:00,True,49.48082777777722,157.30608333333305,747.5828166666666,919.1420166666667,0.799,0.0,0.0,0.0,328.8652833333331,0.0,7677.273086419751,7677.273086419751
2025-01-04,2025-01-04T11:00:00,True,847.163888888889,847.163888888889,697.03,950.35,0.5025,0.0,0.0,0.0,1100.483888888889,0.0,7677.273086419751,7677.273086419751
2025-01-04,2025-01-04T11:10:00,True,836.2858916666667,836.2858916666667,691.2403666666667,983.1353999999999,0.4662,0.0,0.0,0.0,1128.180925,0.0,7677.273086419751,7677.273086419751
2025-01-04,2025-01-04T11:20:00,True,829.0866888888888,829.0866888888888,720.9482166666667,1022.8345666666667,0.5007,0.0,0.0,0.0,1130.9730388888888,0.0,7677.273086419751,7677.273086419751
2025-01-04,2025-01-04T11:30:00,True,828.0556249999998,828.0556249999998,744.29,1054.8625,0.4827,0.0,0.0,0.0,1138.6281249999997,0.0,7677.273086419751,7677.273086419751
2025-01-04,2025-01-04T11:40:00,True,828.2232055555556,828.2232055555556,731.8109166666666,1052.8346833333333,0.4785,0.0,0.0,0.0,1149.2469722222222,0.0,7677.273086419751,7677.273086419751
2025-01-04,2025-01-04T11:50:00,True,798.3611027777777,798.3611027777777,726.63145,1043.4103,0.4662,0.0,0.0,0.0,1115.1399527777776,0.0,7677.273086419751,7677.273086419751
2025-01-04,2025-01-04T12:00:00,True,749.347361111111,749.347361111111,725.7383333333333,1056.51875,0.4432,-0.0,0.0,0.0,1080.1277777777777,0.0,7677.273086419751,7677.273086419751
2025-01-04,2025-01-04T12:10:00,True,739.6069388888889,739.6069388888889,689.4174666666665,1094.4212166666666,0.4411,-0.0,0.0,0.0,1144.610688888889,0.0,7677.273086419751,7677.273086419751
2025-01-04,2025-01-04T12:20:00,True,740.3901333333336,740.3901333333336,684.4192166666667,1093.4423166666666,0.4551,677.1032362139946,0.0,0.0,472.30999711933885,1.0,7677.273086419751,8286.665999012346
2025-01-04,2025-01-04T12:30:00,True,745.6697444444445,745.6697444444445,710.9499999999999,1056.95625,0.4463,724.9863000000005,0.0,0.0,366.68969444444406,1.0,8286.665999012346,8939.153669012347
2025-01-04,2025-01-04T12:40:00,True,765.1795999999999,765.1795999999999,699.3429666666666,1042.9217333333331,0.4113,730.6587611111121,0.0,0.0,378.0996055555544,1.0,8939.153669012347,9596.746554012348
2025-01-04,2025-01-04T12:50:00,True,776.6427055555555,776.6427055555555,674.8715666666667,997.8878,0.5682,736.3312222222197,0.0,0.0,363.32771666666906,1.0,9596.746554012348,10259.444654012346
2025-01-04,2025-01-04T13:00:00,True,0.0,0.0,664.035,929.175,0.8279,0.0,0.0,0.0,265.14,0.0,10259.444654012346,10259.444654012346
2025-01-04,2025-01-04T13:10:00,True,0.9660361111108386,0.9660361111108386,673.6101166666666,907.5861666666666,0.8636,0.0,0.0,0.0,234.94208611111083,0.0,10259.444654012346,10259.444654012346
2025-01-04,2025-01-04T13:20:00,True,46.09227777777801,46.09227777777801,721.9934499999999,900.4968833333334,0.8416,0.0,0.0,0.0,224.59571111111143,0.0,10259.444654012346,10259.444654012346
2025-01-04,2025-01-04T13:30:00,True,67.86179722222221,67.86179722222221,747.5933333333334,866.7875,0.8618,0.0,0.0,0.0,187.05596388888887,0.0,10259.444654012346,10259.444654012346
2025-01-04,2025-01-04T13:40:00,True,78.5770666666665,78.5770666666665,664.7614166666666,804.3287499999999,0.8623,0.0,0.0,0.0,218.1443999999998,0.0,10259.444654012346,10259.444654012346
2025-01-04,2025-01-04T13:50:00,True,0.0,0.0,617.4580833333333,788.7774833333333,0.9026,-0.0,0.0,0.0,171.31939999999997,0.0,10259.444654012346,10259.444654012346
2025-01-04,2025-01-04T14:00:00,True,0.0,0.0,653.91,805.9937499999999,0.9754,-0.0,0.0,0.0,152.0837499999999,0.0,10259.444654012346,10259.444654012346
2025-01-04,2025-01-04T14:10:00,True,0.0,0.0,681.3982833333333,766.3965833333333,1.0002,49.56852880658617,0.0,0.0,35.4297711934138,1.0,10259.444654012346,10304.056329938274
2025-01-04,2025-01-04T14:20:00,True,0.0,0.0,662.25605,712.81895,0.9978,0.0,0.0,0.0,50.56290000000001,0.0,10304.056329938274,10304.056329938274
2025-01-04,2025-01-04T14:30:00,True,0.0,0.0,634.2366666666667,677.1374999999999,1.0271,0.0,0.0,0.0,42.90083333333325,0.0,10304.056329938274,10304.056329938274
2025-01-04,2025-01-04T14:40:00,True,0.0,0.0,658.7808333333332,645.3267,1.0906,0.0,13.454133333333083,0.0,0.0,0.0,10304.056329938274,10289.107292901237
2025-01-04,2025-01-04T14:50:00,True,0.0,0.0,656.9061166666667,601.5671666666666,0.9376,0.0,55.338949999999926,0.0,0.0,0.0,10289.107292901237,10227.619570679015
2025-01-04,2025-01-04T15:00:00,True,1284.2245888888888,1284.2245888888888,620.4499999999999,547.9,0.6694,0.0,0.0,0.0,1211.6745888888888,0.0,10227.619570679015,10227.619570679015
2025-01-04,2025-01-04T15:10:00,True,1336.878722222222,1336.878722222222,620.8976333333333,498.85936666666663,0.66,0.0,0.0,0.0,1214.8404555555553,0.0,10227.619570679015,10227.619570679015
2025-01-04,2025-01-04T15:20:00,True,1262.311504389575,1262.311504389575,624.0388166666667,448.25455,0.7217,608.8682048010944,0.0,0.0,477.65903292181406,1.0,10227.619570679015,10775.600955
2025-01-04,2025-01-04T15:30:00,True,572.1701999999999,572.1701999999999,614.765,397.00624999999997,0.7308,-0.0,0.0,0.0,354.4114499999999,0.0,10775.600955,10775.600955
2025-01-04,2025-01-04T15:40:00,True,609.4050166666666,609.4050166666666,619.8992499999999,353.0922333333333,0.7534,-0.0,0.0,0.0,342.59799999999996,0.0,10775.600955,10775.600955
2025-01-04,2025-01-04T15:50:00,True,650.4781388888891,650.4781388888891,645.6967999999999,303.59979999999996,0.7823,27.110050000000115,0.0,0.0,281.27108888888904,1.0,10775.600955,10800.0
2025-01-04,2025-01-04T16:00:00,True,689.9824777777776,689.9824777777776,658.4733333333334,249.25,0.8055,0.0,0.0,0.0,280.7591444444434,0.0,10800.0,10800.0
2025-01-04,2025-01-04T16:10:00,True,727.1356833333336,727.1356833333336,619.46255,204.31666666666666,0.8271,0.0,0.0,0.0,311.98980000000034,0.0,10800.0,10800.0
2025-01-04,2025-01-04T16:20:00,True,750.2896666666663,750.2896666666663,602.7172833333333,161.68959999999998,0.8519,0.0,0.0,0.0,309.2619833333329,0.0,10800.0,10800.0
2025-01-04,2025-01-04T16:30:00,True,770.7923555555556,770.7923555555556,620.095,117.33749999999999,0.8791,0.0,0.0,0.0,268.03485555555477,0.0,10800.0,10800.0
2025-01-04,2025-01-04T16:40:00,True,815.0183111111114,815.0183111111114,604.4016666666666,74.65203333333332,0.9024,0.0,0.0,0.0,285.2686777777772,0.0,10800.0,10800.0
2025-01-04,2025-01-04T16:50:00,True,850.5542611111108,850.5542611111108,537.80945,32.74105,0.9163,0.0,0.0,0.0,345.4858611111095,0.0,10800.0,10800.0
2025-01-04,2025-01-04T17:00:00,True,870.4722333333332,870.4722333333332,471.9083333333333,2.2562499999999996,0.9264,0.0,0.0,0.0,400.8201499999987,0.0,10800.0,10800.0
2025-01-04,2025-01-04T17:10:00,True,861.4647333333332,861.4647333333332,479.1987,0.0,0.9462,0.0,0.0,0.0,382.2660333333325,0.0,10800.0,10800.0
2025-01-04,2025-01-04T17:20:00,True,847.7856111111109,847.7856111111109,494.3890666666667,0.8452833333333333,0.9742,0.0,0.0,0.0,354.241827777777,0.0,10800.0,10800.0
2025-01-04,2025-01-04T17:30:00,True,844.8341722222223,844.8341722222223,482.66499999999996,0.0,0.9862,0.0,0.0,0.0,362.16917222222133,0.0,10800.0,10800.0
2025-01-04,2025-01-04T17:40:00,True,869.9868055555556,869.9868055555556,471.03299999999996,0.0,0.976,0.0,0.0,0.0,398.9538055555541,0.0,10800.0,10800.0
2025-01-04,2025-01-04T17:50:00,True,804.3527944444445,804.3527944444445,471.0173,0.060683333333333325,1.0742,0.0,1.6370904631912707e-12,0.0,333.39617777777937,0.0,10800.0,10799.999999999998
2025-01-04,2025-01-04T18:00:00,True,678.5427777777777,678.5427777777777,475.86833333333334,0.0,1.2313,0.0,0.0,0.0,202.67444444444558,0.0,10799.999999999998,10799.999999999998
2025-01-04,2025-01-04T18:10:00,True,0.0,0.0,475.79421666666667,0.0,1.2561,0.0,475.7942166666667,0.0,0.0,0.0,10799.999999999998,10271.339759259257
2025-01-04,2025-01-04T18:20:00,True,661.6848555555555,661.6848555555555,500.55575,0.00435,1.2447,161.13345555555549,0.0,0.0,0.0,1.0,10271.339759259257,10416.359869259257
2025-01-04,2025-01-04T18:30:00,True,436.21278888888946,436.21278888888946,521.4749999999999,0.0,1.2545,0.0,85.26221111110989,0.0,0.0,0.0,10416.359869259257,10321.624079135801
2025-01-04,2025-01-04T18:40:00,True,645.31675,645.31675,475.4203,0.0,1.2522,169.89644999999996,0.0,0.0,0.0,1.0,10321.624079135801,10474.530884135802
2025-01-04,2025-01-04T18:50:00,True,0.0,0.0,432.6125833333333,0.00031666666666666665,1.2881,0.0,432.61226666666767,0.0,0.0,0.0,10474.530884135802,9993.850587839504
2025-01-04,2025-01-04T19:00:00,True,0.0,0.0,434.99333333333334,0.0,1.3466,0.0,434.99333333333334,0.0,0.0,0.0,9993.850587839504,9510.524661913578
2025-01-04,2025-01-04T19:10:00,True,0.0,0.0,461.89075,0.0,1.3523,0.0,461.89075,0.0,0.0,0.0,9510.524661913578,8997.312717469133
2025-01-04,2025-01-04T19:20:00,True,0.0,0.0,491.3777333333333,0.0,1.3445,0.0,491.3777333333333,0.0,0.0,0.0,8997.312717469133,8451.337458209873
2025-01-04,2025-01-04T19:30:00,True,0.0,0.0,495.47,0.0,1.3483,0.0,495.47,0.0,0.0,0.0,8451.337458209873,7900.815235987651
2025-01-04,2025-01-04T19:40:00,True,0.0,0.0,460.39888333333334,0.0,1.349,0.0,460.39888333333334,0.0,0.0,0.0,7900.815235987651,7389.260921172837
2025-01-04,2025-01-04T19:50:00,True,0.0,0.0,451.64716666666664,0.0,1.3473,0.0,451.64716666666664,0.0,0.0,0.0,7389.260921172837,6887.430735987652
2025-01-04,2025-01-04T20:00:00,True,0.0,0.0,478.9233333333333,0.0,1.3482,0.0,478.9233333333333,0.0,0.0,0.0,6887.430735987652,6355.293698950615
2025-01-04,2025-01-04T20:10:00,True,0.0,0.0,489.2799333333333,0.0,1.3513,0.0,489.2799333333333,0.0,0.0,0.0,6355.293698950615,5811.649328580244
2025-01-04,2025-01-04T20:20:00,True,0.0,0.0,481.70809999999994,0.0,1.34,0.0,481.70809999999994,0.0,0.0,0.0,5811.649328580244,5276.418106358022
2025-01-04,2025-01-04T20:30:00,True,0.0,0.0,467.45333333333326,0.0,1.3489,0.0,467.45333333333326,0.0,0.0,0.0,5276.418106358022,4757.025513765429
2025-01-04,2025-01-04T20:40:00,True,0.0,0.0,460.99604999999997,0.0,1.3952,0.0,460.99604999999997,0.0,0.0,0.0,4757.025513765429,4244.807680432096
2025-01-04,2025-01-04T20:50:00,True,658.8368722222222,658.8368722222222,493.0272166666667,0.0,1.2226,165.80965555555545,0.0,0.0,2.842170943040401e-14,1.0,4244.807680432096,4394.036370432096
2025-01-04,2025-01-04T21:00:00,True,668.6377777777778,668.6377777777778,530.5933333333332,0.0,0.9332,138.0444444444442,0.0,0.0,3.979039320256561e-13,1.0,4394.036370432096,4518.276370432096
2025-01-04,2025-01-04T21:10:00,True,669.8842388888888,669.8842388888888,507.24198333333334,0.0,0.9068,162.64225555555538,0.0,0.0,1.1368683772161603e-13,1.0,4518.276370432096,4664.654400432096
2025-01-04,2025-01-04T21:20:00,True,659.6527944444445,659.6527944444445,490.1867333333333,0.0,0.9371,169.46606111111072,0.0,0.0,4.547473508864641e-13,1.0,4664.654400432096,4817.1738554320955
2025-01-04,2025-01-04T21:30:00,True,658.696111111111,658.696111111111,508.1133333333333,0.0,0.9371,150.58277777777727,0.0,0.0,4.547473508864641e-13,1.0,4817.1738554320955,4952.698355432095
2025-01-04,2025-01-04T21:40:00,True,681.1649944444445,681.1649944444445,514.8985499999999,0.0,0.9871,166.26644444444435,0.0,0.0,2.2737367544323206e-13,1.0,4952.698355432095,5102.338155432095
2025-01-04,2025-01-04T21:50:00,True,628.9743444444443,628.9743444444443,460.3778,0.0,0.7764,168.5965444444446,0.0,0.0,-2.2737367544323206e-13,1.0,5102.338155432095,5254.075045432095
2025-01-04,2025-01-04T22:00:00,True,529.995,529.995,395.195,0.0,0.4209,134.79999999999967,0.0,0.0,3.410605131648481e-13,1.0,5254.075045432095,5375.395045432095
2025-01-04,2025-01-04T22:10:00,True,517.16885,517.16885,419.8485666666666,0.0,0.3859,97.3202833333334,0.0,0.0,0.0,1.0,5375.395045432095,5462.983300432094
2025-01-04,2025-01-04T22:20:00,True,529.781388888889,529.781388888889,435.6417666666667,0.0,0.4368,94.13962222222227,0.0,0.0,0.0,1.0,5462.983300432094,5547.7089604320945
2025-01-04,2025-01-04T22:30:00,True,528.37,528.37,417.34666666666664,0.0,0.4198,111.02333333333337,0.0,0.0,0.0,1.0,5547.7089604320945,5647.629960432095
2025-01-04,2025-01-04T22:40:00,True,533.0097222222222,533.0097222222222,431.3325333333333,0.0,0.4186,101.6771888888889,0.0,0.0,0.0,1.0,5647.629960432095,5739.139430432095
2025-01-04,2025-01-04T22:50:00,True,519.0401111111111,519.0401111111111,417.68061666666665,0.0,0.4241,101.35949444444441,0.0,0.0,0.0,1.0,5739.139430432095,5830.362975432095
2025-01-04,2025-01-04T23:00:00,True,508.05777777777774,508.05777777777774,393.4916666666666,0.0,0.4237,114.56611111111113,0.0,0.0,0.0,1.0,5830.362975432095,5933.472475432094
2025-01-04,2025-01-04T23:10:00,True,548.4122166666667,548.4122166666667,442.73188333333326,0.0,0.4248,105.68033333333346,0.0,0.0,0.0,1.0,5933.472475432094,6028.584775432094
2025-01-04,2025-01-04T23:20:00,True,566.6371333333333,566.6371333333333,480.42425000000003,0.0,0.424,86.21288333333325,0.0,0.0,0.0,1.0,6028.584775432094,6106.176370432094
2025-01-04,2025-01-04T23:30:00,True,550.8355555555555,550.8355555555555,456.1483333333333,0.0,0.422,94.6872222222222,0.0,0.0,0.0,1.0,6106.176370432094,6191.394870432094
2025-01-04,2025-01-04T23:40:00,True,557.5388222222222,557.5388222222222,416.6579333333333,0.0,0.424,140.88088888888888,0.0,0.0,0.0,1.0,6191.394870432094,6318.187670432094
2025-01-04,2025-01-04T23:50:00,True,548.9129388888888,548.9129388888888,477.81236666666666,0.0,0.4271,71.10057222222213,0.0,0.0,0.0,1.0,6318.187670432094,6382.178185432093
2025-01-04,2025-01-05T00:00:00,True,551.3183333333333,551.3183333333333,599.25,0.0,0.4276,0.0,47.93166666666673,0.0,0.0,0.0,6382.178185432093,6328.920778024686
2025-01-05,2025-01-05T00:10:00,True,1366.8094041666668,1366.8094041666668,624.8522499999999,0.0,0.4248,741.9571541666669,0.0,0.0,0.0,1.0,6328.920778024686,6996.682216774687
2025-01-05,2025-01-05T00:20:00,True,1372.9619874999999,1372.9619874999999,622.4207333333333,0.0,0.4245,750.5412541666666,0.0,0.0,0.0,1.0,6996.682216774687,7672.169345524687
2025-01-05,2025-01-05T00:30:00,True,1376.5875,1376.5875,635.4433333333333,0.0,0.4269,741.1441666666668,0.0,0.0,0.0,1.0,7672.169345524687,8339.199095524687
2025-01-05,2025-01-05T00:40:00,True,1328.2432730281255,1328.2432730281255,633.6038333333333,0.0,0.4272,694.6394396947921,0.0,0.0,0.0,1.0,8339.199095524687,8964.37459125
2025-01-05,2025-01-05T00:50:00,True,1349.4761625,1349.4761625,620.4684166666666,0.0,0.4271,729.0077458333335,0.0,0.0,0.0,1.0,8964.37459125,9620.4815625
2025-01-05,2025-01-05T01:00:00,True,531.3591666666666,531.3591666666666,616.5916666666667,0.0,0.4285,0.0,0.0,85.23250000000007,0.0,0.0,9620.4815625,9620.4815625
2025-01-05,2025-01-05T01:10:00,True,567.6250583333333,567.6250583333333,637.8484333333333,0.0,0.4311,0.0,0.0,70.22337500000003,0.0,0.0,9620.4815625,9620.4815625
2025-01-05,2025-01-05T01:20:00,True,578.363725,578.363725,652.1511333333333,0.0,0.4302,0.0,0.0,73.78740833333325,0.0,0.0,9620.4815625,9620.4815625
2025-01-05,2025-01-05T01:30:00,True,559.7954166666666,559.7954166666666,642.9883333333332,0.0,0.4279,0.0,0.0,83.19291666666663,0.0,0.0,9620.4815625,9620.4815625
2025-01-05,2025-01-05T01:40:00,True,552.8417416666666,552.8417416666666,623.8896,0.0,0.4312,0.0,-3.552713678800501e-13,71.0478583333337,0.0,0.0,9620.4815625,9620.4815625
2025-01-05,2025-01-05T01:50:00,True,564.4832083333333,564.4832083333333,617.5666333333334,0.0,0.4333,0.0,-6.821210263296962e-13,53.083425000000716,0.0,0.0,9620.4815625,9620.4815625
2025-01-05,2025-01-05T02:00:00,True,576.5879166666666,576.5879166666666,640.0783333333333,0.0,0.4311,0.0,0.0,63.49041666666665,0.0,0.0,9620.4815625,9620.4815625
2025-01-05,2025-01-05T02:10:00,True,568.2605458333333,568.2605458333333,685.192,0.0,0.4293,0.0,0.0,116.93145416666675,0.0,0.0,9620.4815625,9620.4815625
2025-01-05,2025-01-05T02:20:00,True,570.0696541666666,570.0696541666666,695.5783333333334,0.0,0.4324,0.0,0.0,125.50867916666675,0.0,0.0,9620.4815625,9620.4815625
2025-01-05,2025-01-05T02:30:00,True,587.8425,587.8425,680.6666666666666,0.0,0.4367,0.0,0.0,92.82416666666666,0.0,0.0,9620.4815625,9620.4815625
2025-01-05,2025-01-05T02:40:00,True,596.5277874999999,596.5277874999999,701.0110333333333,0.0,0.4348,0.0,0.0,104.4832458333334,0.0,0.0,9620.4815625,9620.4815625
2025-01-05,2025-01-05T02:50:00,True,598.5929166666667,598.5929166666667,706.62255,0.0,0.4335,0.0,0.0,108.02963333333332,0.0,0.0,9620.4815625,9620.4815625
2025-01-05,2025-01-05T03:00:00,True,601.4870833333333,601.4870833333333,680.6533333333333,0.0,0.4357,0.0,0.0,79.16624999999999,0.0,0.0,9620.4815625,9620.4815625
2025-01-05,2025-01-05T03:10:00,True,608.8757291666666,608.8757291666666,663.0112999999999,0.0,0.4374,0.0,0.0,54.135570833333304,0.0,0.0,9620.4815625,9620.4815625
2025-01-05,2025-01-05T03:20:00,True,618.3039666666666,618.3039666666666,672.56565,0.0,0.4371,0.0,0.0,54.261683333333394,0.0,0.0,9620.4815625,9620.4815625
2025-01-05,2025-01-05T03:30:00,True,620.40625,620.40625,688.9649999999999,0.0,0.4356,0.0,0.0,68.55874999999992,0.0,0.0,9620.4815625,9620.4815625
2025-01-05,2025-01-05T03:40:00,True,608.6961208333333,608.6961208333333,678.7183833333333,0.0,0.4353,0.0,0.0,70.02226250000001,0.0,0.0,9620.4815625,9620.4815625
2025-01-05,2025-01-05T03:50:00,True,608.4074125,608.4074125,686.2090666666666,0.0,0.436,0.0,1.8474111129762605e-13,77.80165416666641,0.0,0.0,9620.4815625,9620.4815625
2025-01-05,2025-01-05T04:00:00,True,620.4604166666666,620.4604166666666,714.1933333333333,0.0,0.4378,0.0,0.0,93.73291666666671,0.0,0.0,9620.4815625,9620.4815625
2025-01-05,2025-01-05T04:10:00,True,620.9306750000001,620.9306750000001,713.8311,0.0,0.4401,0.0,0.0,92.90042499999993,0.0,0.0,9620.4815625,9620.4815625
2025-01-05,2025-01-05T04:20:00,True,615.5016958333332,615.5016958333332,677.7742,0.0,0.4389,0.0,0.0,62.27250416666675,0.0,0.0,9620.4815625,9620.4815625
2025-01-05,2025-01-05T04:30:00,True,612.4904166666665,612.4904166666665,655.9483333333333,0.0,0.4364,0.0,0.0,43.45791666666673,0.0,0.0,9620.4815625,9620.4815625
2025-01-05,2025-01-05T04:40:00,True,614.6436625,614.6436625,708.1278333333332,0.0,0.4393,0.0,0.0,93.48417083333322,0.0,0.0,9620.4815625,9620.4815625
2025-01-05,2025-01-05T04:50:00,True,622.6095458333333,622.6095458333333,751.5082,0.0,0.4422,0.0,0.0,128.8986541666667,0.0,0.0,9620.4815625,9620.4815625
2025-01-05,2025-01-05T05:00:00,True,629.4508333333333,629.4508333333333,733.7549999999999,0.0,0.4395,0.0,0.0,104.30416666666656,0.0,0.0,9620.4815625,9620.4815625
2025-01-05,2025-01-05T05:10:00,True,627.7731125,627.7731125,681.1280333333333,0.0002833333333333333,0.4333,0.0,0.0,53.35463749999997,0.0,0.0,9620.4815625,9620.4815625
2025-01-05,2025-01-05T05:20:00,True,635.449075,635.449075,664.0997833333333,0.0,0.4439,0.0,0.0,28.65070833333334,0.0,0.0,9620.4815625,9620.4815625
2025-01-05,2025-01-05T05:30:00,True,645.5304166666666,645.5304166666666,679.895,0.0,0.4301,0.0,0.0,34.36458333333337,0.0,0.0,9620.4815625,9620.4815625
2025-01-05,2025-01-05T05:40:00,True,1471.9066541666666,1471.9066541666666,682.9474166666666,0.0039833333333333335,0.3713,788.9632208333333,0.0,0.0,0.0,1.0,9620.4815625,10330.548461249999
2025-01-05,2025-01-05T05:50:00,True,666.6441083333333,666.6441083333333,782.1280499999999,0.0,0.5708,0.0,0.0,115.48394166666662,0.0,0.0,10330.548461249999,10330.548461249999
2025-01-05,2025-01-05T06:00:00,True,0.0,95.18499999999983,928.5183333333332,0.0,0.9099,0.0,833.3333333333326,7.958078640513122e-13,0.0,0.0,10330.548461249999,9404.622535324073
2025-01-05,2025-01-05T06:10:00,True,0.0,0.0,942.41265,0.0555,0.9368,0.0,833.3333333333334,109.02381666666656,0.0,0.0,9404.622535324073,8478.696609398148
2025-01-05,2025-01-05T06:20:00,True,0.0,504.8210640972238,906.9868499999999,0.0,0.8758,0.0,147.72696923611034,254.43881666666573,0.0,0.0,8478.696609398148,8314.555532469136
2025-01-05,2025-01-05T06:30:00,True,0.0,0.0,899.6033333333332,0.0,0.8759,0.0,737.4522666666682,162.1510666666651,0.0,0.0,8314.555532469136,7495.164125061727
2025-01-05,2025-01-05T06:40:00,True,300.79076183333336,725.4158,912.9652666666666,0.7729999999999999,0.8601,0.0,2.7284841053187847e-12,186.77646666666385,0.0,0.0,7495.164125061727,7495.164125061724
2025-01-05,2025-01-05T06:50:00,True,739.7387763888888,739.7387763888888,899.52805,0.0,0.8442,0.0,0.0,159.78927361111118,0.0,0.0,7495.164125061724,7495.164125061724
2025-01-05,2025-01-05T07:00:00,True,772.0966333333333,772.21435,883.9549999999999,2.7124999999999995,0.8334,0.0,0.0,109.02814999999998,0.0,0.0,7495.164125061724,7495.164125061724
2025-01-05,2025-01-05T07:10:00,True,737.9645944444443,741.4627333333333,930.5907,32.1541,0.8092,0.0,0.0,156.9738666666667,0.0,0.0,7495.164125061724,7495.164125061724
2025-01-05,2025-01-05T07:20:00,True,696.4147222222223,703.2932833333333,941.66885,70.45568333333333,0.7972,0.0,0.0,167.91988333333336,0.0,0.0,7495.164125061724,7495.164125061724
2025-01-05,2025-01-05T07:30:00,True,640.3156333333334,650.5746166666667,891.8333333333333,111.06875,0.7644,0.0,0.0,130.18996666666658,0.0,0.0,7495.164125061724,7495.164125061724
2025-01-05,2025-01-05T07:40:00,True,1394.491898611111,1408.1313041666667,879.6010333333334,160.87023333333332,0.6899,689.4005041666667,0.0,0.0,0.0,1.0,7495.164125061724,8115.624578811724
2025-01-05,2025-01-05T07:50:00,True,577.9052347222223,594.9250625,1032.8320333333331,208.82783333333333,0.86,0.0,0.0,229.0791374999999,0.0,0.0,8115.624578811724,8115.624578811724
2025-01-05,2025-01-05T08:00:00,True,0.0,0.0,1239.3866666666665,253.98749999999998,1.1617,0.0,833.3333333333334,152.06583333333322,0.0,0.0,8115.624578811724,7189.698652885798
2025-01-05,2025-01-05T08:10:00,True,0.0,0.0,1245.83305,306.5186333333333,1.1683,0.0,833.3333333333334,105.98108333333323,0.0,0.0,7189.698652885798,6263.772726959872
2025-01-05,2025-01-05T08:20:00,True,0.0,0.0,1210.1734166666665,362.2109833333333,1.0956,0.0,833.3333333333334,14.62909999999988,0.0,0.0,6263.772726959872,5337.846801033946
2025-01-05,2025-01-05T08:30:00,True,0.0,0.0,1220.0016666666666,416.3625,1.0849,0.0,803.6391666666666,0.0,0.0,0.0,5337.846801033946,4444.914393626538
2025-01-05,2025-01-05T08:40:00,True,0.0,0.0,1210.0859333333333,467.8222833333333,1.061,0.0,742.26365,0.0,0.0,0.0,4444.914393626538,3620.1770047376494
2025-01-05,2025-01-05T08:50:00,True,0.0,0.0,1205.7963,516.3213499999999,1.043,0.0,689.47495,0.0,0.0,0.0,3620.1770047376494,2854.0937269598717
2025-01-05,2025-01-05T09:00:00,True,0.0,0.0,1212.0566666666666,555.8125,1.036,0.0,656.2441666666666,0.0,0.0,0.0,2854.0937269598717,2124.9335417746865
2025-01-05,2025-01-05T09:10:00,True,0.0,0.0,1202.3640666666665,578.9387999999999,1.0147,0.0,623.4252666666665,0.0,0.0,0.0,2124.9335417746865,1432.238801033946
2025-01-05,2025-01-05T09:20:00,True,0.0,0.0,1202.5371833333334,597.0921666666666,0.9922,0.0,53.66563759721768,551.7793790694492,0.0,0.0,1432.238801033946,1372.6103148148152
2025-01-05,2025-01-05T09:30:00,True,0.0,0.0,1204.3533333333332,629.525,0.97,0.0,0.0,574.8283333333334,0.0,0.0,1372.6103148148152,1372.6103148148152
2025-01-05,2025-01-05T09:40:00,True,0.0,0.0,1173.7523999999999,689.6749666666666,0.9422,0.0,0.0,484.0774333333333,0.0,0.0,1372.6103148148152,1372.6103148148152
2025-01-05,2025-01-05T09:50:00,True,0.0,0.0,1161.13995,755.6634999999999,0.9569,0.0,0.0,405.47645000000017,0.0,0.0,1372.6103148148152,1372.6103148148152
2025-01-05,2025-01-05T10:00:00,True,0.0,0.0,1178.2616666666665,805.2375,0.9977,0.0,155.34928333333366,217.674883333333,0.0,0.0,1372.6103148148152,1200.0
2025-01-05,2025-01-05T10:10:00,True,0.0,0.0,1187.0620999999999,830.6773833333333,0.9919,0.0,0.0,356.3847166666666,0.0,0.0,1200.0,1200.0
2025-01-05,2025-01-05T10:20:00,True,0.0,0.0,1190.9239166666666,847.9200000000001,0.9588,0.0,0.0,343.00391666666656,0.0,0.0,1200.0,1200.0
2025-01-05,2025-01-05T10:30:00,True,0.0,0.0,1191.61,866.8249999999999,0.9549,0.0,0.0,324.78499999999997,0.0,0.0,1200.0,1200.0
2025-01-05,2025-01-05T10:40:00,True,0.0,0.0,1179.9668333333334,883.2592333333333,0.9839,0.0,0.0,296.70760000000007,0.0,0.0,1200.0,1200.0
2025-01-05,2025-01-05T10:50:00,True,83.98063611111093,83.98063611111093,1155.1008,885.6143333333332,0.799,0.0,0.0,185.5058305555558,0.0,0.0,1200.0,1200.0
2025-01-05,2025-01-05T11:00:00,True,889.5510166666669,889.5510166666669,1149.2133333333331,881.1062499999999,0.5025,621.4439333333338,0.0,0.0,-6.154580746277186e-14,1.0,1200.0,1759.2995400000004
2025-01-05,2025-01-05T11:10:00,True,856.1577708333335,860.7632819444444,1195.3994666666667,888.8136999999999,0.4662,554.1775152777776,0.0,0.0,0.0,1.0,1759.2995400000004,2258.0593037500003
2025-01-05,2025-01-05T11:20:00,True,834.3979916666666,849.6953805555556,1210.8777666666665,894.5416166666666,0.5007,533.3592305555558,0.0,0.0,0.0,1.0,2258.0593037500003,2738.0826112500004
2025-01-05,2025-01-05T11:30:00,True,815.6727999999999,841.6620666666666,1177.1299999999999,910.2312499999999,0.4827,574.7633166666667,0.0,0.0,0.0,1.0,2738.0826112500004,3255.3695962500005
2025-01-05,2025-01-05T11:40:00,True,788.891375,825.5725194444443,1153.867,963.87765,0.4785,635.5831694444444,0.0,0.0,0.0,1.0,3255.3695962500005,3827.3944487500003
2025-01-05,2025-01-05T11:50:00,True,741.4125916666665,788.7856138888889,1139.9222666666665,1010.5146166666666,0.4662,659.377963888889,0.0,0.0,0.0,1.0,3827.3944487500003,4420.83461625
2025-01-05,2025-01-05T12:00:00,True,680.6416666666668,940.7154166666667,1129.1133333333332,1021.7312499999999,0.4432,833.3333333333334,0.0,0.0,0.0,1.0,4420.83461625,5170.83461625
2025-01-05,2025-01-05T12:10:00,True,684.6048180555557,741.5797041666667,1120.1449666666667,1009.2177833333333,0.4411,630.6525208333333,0.0,0.0,0.0,1.0,5170.83461625,5738.421885
2025-01-05,2025-01-05T12:20:00,True,704.2913361111113,743.057352777778,1088.3288833333331,1002.9073,0.4551,657.6357694444448,0.0,0.0,0.0,1.0,5738.421885,6330.2940775
2025-01-05,2025-01-05T12:30:00,True,735.232425,764.349,1048.1516666666666,1003.8,0.4463,719.9973333333334,0.0,0.0,0.0,1.0,6330.2940775,6978.291677499999
2025-01-05,2025-01-05T12:40:00,True,767.3117430555556,786.778876388889,1048.0808166666666,990.7054166666667,0.4113,729.4034763888891,0.0,0.0,0.0,1.0,6978.291677499999,7634.75480625
2025-01-05,2025-01-05T12:50:00,True,790.1399069444445,799.9575986111112,1090.68905,984.6783333333333,0.5682,693.9468819444445,0.0,0.0,0.0,1.0,7634.75480625,8259.307
2025-01-05,2025-01-05T13:00:00,True,0.0,0.0,1138.5349999999999,985.39375,0.8279,0.0,0.0,153.1412499999999,0.0,0.0,8259.307,8259.307
2025-01-05,2025-01-05T13:10:00,True,0.0,22.034137500000043,1143.0657166666665,968.5135499999999,0.8636,0.0,0.0,152.51802916666657,0.0,0.0,8259.307,8259.307
2025-01-05,2025-01-05T13:20:00,True,63.45461250000017,69.7581458333334,1123.2365166666666,942.4701166666666,0.8416,0.0,0.0,111.00825416666657,0.0,0.0,8259.307,8259.307
2025-01-05,2025-01-05T13:30:00,True,71.95437500000044,94.26874999999995,1110.1299999999999,915.21875,0.8618,0.0,0.0,100.64249999999993,0.0,0.0,8259.307,8259.307
2025-01-05,2025-01-05T13:40:00,True,0.0,83.38071666666667,1121.4022166666666,883.0899666666666,0.8623,0.0,0.0,154.9315333333334,0.0,0.0,8259.307,8259.307
2025-01-05,2025-01-05T13:50:00,True,0.0,0.0,1141.5142166666665,833.21845,0.9026,0.0,0.0,308.2957666666665,0.0,0.0,8259.307,8259.307
2025-01-05,2025-01-05T14:00:00,True,0.0,0.0,1153.0416666666665,777.925,0.9754,0.0,0.0,375.11666666666656,0.0,0.0,8259.307,8259.307
2025-01-05,2025-01-05T14:10:00,True,0.0,0.0,1144.38925,747.15455,1.0002,0.0,0.0,397.2347,0.0,0.0,8259.307,8259.307
2025-01-05,2025-01-05T14:20:00,True,0.0,0.0,1104.3138166666665,731.3669666666666,0.9978,0.0,0.0,372.9468499999999,0.0,0.0,8259.307,8259.307
2025-01-05,2025-01-05T14:30:00,True,0.0,0.0,1077.7333333333331,700.88125,1.0271,0.0,104.87096109722359,271.9811222361095,0.0,0.0,8259.307,8142.7837098919745
2025-01-05,2025-01-05T14:40:00,True,0.0,0.0,1120.9334166666665,634.5597666666666,1.0906,0.0,248.74004166666725,237.63360833333263,0.0,0.0,8142.7837098919745,7866.4058858179
2025-01-05,2025-01-05T14:50:00,True,0.0,0.0,1118.1760333333332,582.6891166666667,0.9376,0.0,1.8189894035458565e-12,535.4869166666647,0.0,0.0,7866.4058858179,7866.405885817898
2025-01-05,2025-01-05T15:00:00,True,1071.7433999999998,1136.12655,1071.1133333333332,553.83125,0.6694,618.8444666666667,0.0,0.0,0.0,1.0,7866.405885817898,8423.365905817898
2025-01-05,2025-01-05T15:10:00,True,1135.3415166666664,1190.6367249999998,1091.4053333333331,510.40324999999996,0.66,609.6346416666667,0.0,0.0,0.0,1.0,8423.365905817898,8972.037083317899
2025-01-05,2025-01-05T15:20:00,True,359.0165625000002,1238.5571625,1092.2044833333332,467.78208333333333,0.7217,614.1347625000001,0.0,0.0,0.0,1.0,8972.037083317899,9524.758369567899
2025-01-05,2025-01-05T15:30:00,True,399.93485,1196.6031907578872,1060.6933333333332,427.44374999999997,0.7308,563.353607424554,0.0,0.0,0.0,1.0,9524.758369567899,10031.776616249997
2025-01-05,2025-01-05T15:40:00,True,453.1401333333332,481.17151666666666,1077.2093,372.30019999999996,0.7534,0.0,0.0,223.73758333333342,0.0,0.0,10031.776616249997,10031.776616249997
2025-01-05,2025-01-05T15:50:00,True,514.3899708333336,533.3334125,1095.2237166666666,321.0401833333333,0.7823,0.0,0.0,240.85012083333334,0.0,0.0,10031.776616249997,10031.776616249997
2025-01-05,2025-01-05T16:00:00,True,571.2079666666666,581.0634666666665,1085.6133333333332,275.34375,0.8055,0.0,0.0,229.20611666666673,0.0,0.0,10031.776616249997,10031.776616249997
2025-01-05,2025-01-05T16:10:00,True,607.4886333333337,615.7465194444446,1066.4095166666666,218.33696666666665,0.8271,0.0,0.0,232.32603055555535,0.0,0.0,10031.776616249997,10031.776616249997
2025-01-05,2025-01-05T16:20:00,True,638.8362624999996,645.4965347222221,1042.9378166666665,163.33828333333332,0.8519,0.0,0.0,234.10299861111116,0.0,0.0,10031.776616249997,10031.776616249997
2025-01-05,2025-01-05T16:30:00,True,676.7261666666668,681.7888250000001,1032.1833333333334,117.28125,0.8791,0.0,0.0,233.1132583333333,0.0,0.0,10031.776616249997,10031.776616249997
2025-01-05,2025-01-05T16:40:00,True,724.1407583333337,727.6058027777779,1051.41015,74.02884999999999,0.9024,0.0,0.0,249.77549722222204,0.0,0.0,10031.776616249997,10031.776616249997
2025-01-05,2025-01-05T16:50:00,True,752.3131249999997,754.1805555555554,1059.6464666666666,32.48963333333333,0.9163,0.0,0.0,272.9762777777778,0.0,0.0,10031.776616249997,10031.776616249997
2025-01-05,2025-01-05T17:00:00,True,768.9447833333331,769.2145999999999,1051.5166666666667,3.0249999999999995,0.9264,0.0,0.0,279.27706666666666,0.0,0.0,10031.776616249997,10031.776616249997
2025-01-05,2025-01-05T17:10:00,True,764.3261625,764.5510097222221,1057.1377333333332,0.0,0.9462,0.0,0.0,292.5867236111111,0.0,0.0,10031.776616249997,10031.776616249997
2025-01-05,2025-01-05T17:20:00,True,758.178825,758.3587027777777,1050.05735,0.71675,0.9742,0.0,0.0,290.9818972222223,0.0,0.0,10031.776616249997,10031.776616249997
2025-01-05,2025-01-05T17:30:00,True,753.3486416666667,753.48355,1051.86,0.0,0.9862,0.0,0.0,298.37644999999986,0.0,0.0,10031.776616249997,10031.776616249997
2025-01-05,2025-01-05T17:40:00,True,769.6195291666667,769.7094680555556,1086.9624666666666,0.0,0.976,0.0,0.0,317.252998611111,0.0,0.0,10031.776616249997,10031.776616249997
2025-01-05,2025-01-05T17:50:00,True,720.7045083333334,720.7494777777778,954.9336166666667,0.05146666666666667,1.0742,0.0,0.0,234.13267222222225,0.0,0.0,10031.776616249997,10031.776616249997
2025-01-05,2025-01-05T18:00:00,True,627.8741666666666,734.0416666666666,734.0416666666666,0.0,1.2313,0.0,0.0,0.0,0.0,0.0,10031.776616249997,10031.776616249997
2025-01-05,2025-01-05T18:10:00,True,0.0,0.0,723.1414166666666,0.0,1.2561,0.0,720.2332379583297,2.908178708336891,0.0,0.0,10031.776616249997,9231.517462962964
2025-01-05,2025-01-05T18:20:00,True,621.4025791666666,621.4025791666666,767.9411166666666,0.0037,1.2447,0.0,0.0,146.5348375000001,0.0,0.0,9231.517462962964,9231.517462962964
2025-01-05,2025-01-05T18:30:00,True,0.0,509.5657412083366,754.3649999999999,0.0,1.2545,0.0,4.547473508864641e-13,244.79925879166285,0.0,0.0,9231.517462962964,9231.517462962964
2025-01-05,2025-01-05T18:40:00,True,421.00733333333505,602.8426374999999,726.7196666666666,0.0,1.2522,0.0,-4.973799150320701e-13,123.87702916666721,0.0,0.0,9231.517462962964,9231.517462962964
2025-01-05,2025-01-05T18:50:00,True,0.0,0.0,731.6929666666666,0.0002666666666666667,1.2881,0.0,590.0925500000019,141.6001499999981,0.0,0.0,9231.517462962964,8575.859074074073
2025-01-05,2025-01-05T19:00:00,True,0.0,0.0,760.5666666666666,0.0,1.3466,0.0,760.5666666666666,0.0,0.0,0.0,8575.859074074073,7730.784999999999
2025-01-05,2025-01-05T19:10:00,True,0.0,0.0,762.6943833333332,0.0,1.3523,0.0,762.6943833333332,0.0,0.0,0.0,7730.784999999999,6883.346796296295
2025-01-05,2025-01-05T19:20:00,True,0.0,0.0,737.8425833333333,0.0,1.3445,0.0,737.8425833333333,0.0,0.0,0.0,6883.346796296295,6063.521703703703
2025-01-05,2025-01-05T19:30:00,True,0.0,0.0,722.3916666666667,0.0,1.3483,0.0,722.3916666666667,0.0,0.0,0.0,6063.521703703703,5260.864296296295
2025-01-05,2025-01-05T19:40:00,True,0.0,0.0,750.8413166666666,0.0,1.349,0.0,750.8413166666666,0.0,0.0,0.0,5260.864296296295,4426.596166666665
2025-01-05,2025-01-05T19:50:00,True,0.0,0.0,759.4042333333333,0.0,1.3473,0.0,482.02842499999906,277.37580833333425,0.0,0.0,4426.596166666665,3891.0090277777776
2025-01-05,2025-01-05T20:00:00,True,0.0,0.0,725.2749999999999,0.0,1.3482,0.0,604.0354166666665,121.23958333333333,0.0,0.0,3891.0090277777776,3219.858564814815
2025-01-05,2025-01-05T20:10:00,True,0.0,0.0,693.43795,0.0,1.3513,0.0,693.43795,0.0,0.0,0.0,3219.858564814815,2449.371953703704
2025-01-05,2025-01-05T20:20:00,True,0.0,0.0,713.2406833333332,0.0,1.34,0.0,0.0,713.2406833333332,0.0,0.0,2449.371953703704,2449.371953703704
2025-01-05,2025-01-05T20:30:00,True,0.0,0.0,753.5883333333333,0.0,1.3489,0.0,524.7844041666667,228.80392916666648,0.0,0.0,2449.371953703704,1866.2781712962965
2025-01-05,2025-01-05T20:40:00,True,0.0,0.0,738.7772666666666,0.0,1.3952,0.0,599.6503541666668,139.1269124999999,0.0,0.0,1866.2781712962965,1200.0
2025-01-05,2025-01-05T20:50:00,True,617.3844583333333,617.3844583333333,734.1457,0.0,1.2226,0.0,0.0,116.7612416666667,0.0,0.0,1200.0,1200.0
2025-01-05,2025-01-05T21:00:00,True,634.1266666666667,634.1266666666667,755.5666666666666,0.0,0.9332,0.0,0.0,121.43999999999994,0.0,0.0,1200.0,1200.0
2025-01-05,2025-01-05T21:10:00,True,629.223675,629.223675,752.2540333333333,0.0,0.9068,0.0,0.0,123.03035833333331,0.0,0.0,1200.0,1200.0
2025-01-05,2025-01-05T21:20:00,True,617.2862791666666,617.2862791666666,748.3642333333333,0.0,0.9371,0.0,0.0,131.0779541666667,0.0,0.0,1200.0,1200.0
2025-01-05,2025-01-05T21:30:00,True,621.0504166666666,621.0504166666666,767.81,0.0,0.9371,0.0,0.0,146.75958333333335,0.0,0.0,1200.0,1200.0
2025-01-05,2025-01-05T21:40:00,True,639.5983833333332,639.5983833333332,788.7005166666665,0.0,0.9871,0.0,0.0,149.1021333333333,0.0,0.0,1200.0,1200.0
2025-01-05,2025-01-05T21:50:00,True,586.8252083333332,586.8252083333332,694.5243333333333,0.0,0.7764,0.0,0.0,107.6991250000001,0.0,0.0,1200.0,1200.0
2025-01-05,2025-01-05T22:00:00,True,496.29499999999996,496.29499999999996,548.0883333333334,0.0,0.4209,0.0,0.0,51.79333333333341,0.0,0.0,1200.0,1200.0
2025-01-05,2025-01-05T22:10:00,True,492.83877916666665,492.83877916666665,539.5484166666666,0.0,0.3859,0.0,0.0,46.709637499999985,0.0,0.0,1200.0,1200.0
2025-01-05,2025-01-05T22:20:00,True,506.24648333333334,506.24648333333334,563.0559499999999,0.0,0.4368,0.0,0.0,56.809466666666594,0.0,0.0,1200.0,1200.0
2025-01-05,2025-01-05T22:30:00,True,500.6141666666666,500.6141666666666,564.3383333333334,0.0,0.4198,0.0,0.0,63.72416666666675,0.0,0.0,1200.0,1200.0
2025-01-05,2025-01-05T22:40:00,True,507.590425,507.590425,589.8358,0.0,0.4186,0.0,0.0,82.24537499999997,0.0,0.0,1200.0,1200.0
2025-01-05,2025-01-05T22:50:00,True,493.70023749999996,493.70023749999996,582.0661833333334,0.0,0.4241,0.0,0.0,88.3659458333334,0.0,0.0,1200.0,1200.0
2025-01-05,2025-01-05T23:00:00,True,479.41624999999993,479.41624999999993,557.335,0.0,0.4237,0.0,0.0,77.9187500000001,0.0,0.0,1200.0,1200.0
2025-01-05,2025-01-05T23:10:00,True,521.9921333333333,521.9921333333333,592.1239833333333,0.0,0.4248,0.0,0.0,70.13184999999999,0.0,0.0,1200.0,1200.0
2025-01-05,2025-01-05T23:20:00,True,545.0839125,545.0839125,604.0571166666666,0.0,0.424,0.0,0.0,58.97320416666662,0.0,0.0,1200.0,1200.0
2025-01-05,2025-01-05T23:30:00,True,527.1637499999999,527.1637499999999,586.6166666666666,0.0,0.422,0.0,0.0,59.452916666666624,0.0,0.0,1200.0,1200.0
2025-01-05,2025-01-05T23:40:00,True,522.3186,522.3186,614.9030666666666,0.0,0.424,0.0,0.0,92.58446666666669,0.0,0.0,1200.0,1200.0
2025-01-05,2025-01-05T23:50:00,True,531.1377958333333,531.1377958333333,627.3295499999999,0.0,0.4271,0.0,0.0,96.19175416666667,0.0,0.0,1200.0,1200.0
2025-01-05,2025-01-06T00:00:00,True,521.0755555555555,540.6191666666666,608.2516666666667,0.0,0.4276,0.0,0.0,67.63250000000005,0.0,0.0,1200.0,1200.0
2025-01-06,2025-01-06T00:10:00,True,1385.08464,1385.08464,607.3944666666666,0.0,0.4248,777.6901733333334,0.0,0.0,7.306690758607849e-15,1.0,1200.0,1899.921156
2025-01-06,2025-01-06T00:20:00,True,1389.5204033333334,1389.5204033333334,611.2273833333334,0.0,0.4245,778.2930200000001,0.0,0.0,0.0,1.0,1899.921156,2600.3848740000003
2025-01-06,2025-01-06T00:30:00,True,1395.0253333333333,1395.0253333333333,608.8933333333333,0.0,0.4269,786.132,0.0,0.0,0.0,1.0,2600.3848740000003,3307.903674
2025-01-06,2025-01-06T00:40:00,True,1381.68941,1381.68941,609.8078333333333,0.0,0.4272,771.8815766666667,0.0,0.0,0.0,1.0,3307.903674,4002.5970930000003
2025-01-06,2025-01-06T00:50:00,True,1370.34128,1370.34128,625.6360166666666,0.0,0.4271,744.7052633333335,0.0,0.0,0.0,1.0,4002.5970930000003,4672.831830000001
2025-01-06,2025-01-06T01:00:00,True,1381.739,1381.739,638.5166666666667,0.0,0.4285,743.2223333333334,0.0,0.0,0.0,1.0,4672.831830000001,5341.731930000001
2025-01-06,2025-01-06T01:10:00,True,1248.3364000000001,1248.3364000000001,623.8103333333333,0.0,0.4311,624.5260666666668,0.0,0.0,0.0,1.0,5341.731930000001,5903.805390000001
2025-01-06,2025-01-06T01:20:00,True,1426.4545400000002,1426.4545400000002,644.55665,0.0,0.4302,781.8978900000002,0.0,0.0,0.0,1.0,5903.805390000001,6607.5134910000015
2025-01-06,2025-01-06T01:30:00,True,1409.7673333333332,1409.7673333333332,678.8683333333333,0.0,0.4279,730.8989999999999,0.0,0.0,0.0,1.0,6607.5134910000015,7265.322591000002
2025-01-06,2025-01-06T01:40:00,True,567.0513133333333,567.0513133333333,643.4593333333332,0.0,0.4312,0.0,0.0,76.40801999999996,0.0,0.0,7265.322591000002,7265.322591000002
2025-01-06,2025-01-06T01:50:00,True,575.0998933333333,575.0998933333333,632.8780833333333,0.0,0.4333,0.0,-1.7763568394002505e-13,57.77819000000017,0.0,0.0,7265.322591000002,7265.322591000002
2025-01-06,2025-01-06T02:00:00,True,1422.6193333333333,1422.6193333333333,667.4083333333333,0.0,0.4311,755.211,0.0,0.0,0.0,1.0,7265.322591000002,7945.012491000002
2025-01-06,2025-01-06T02:10:00,True,1424.9801699999998,1424.9801699999998,672.91,0.0,0.4293,752.0701699999998,0.0,0.0,0.0,1.0,7945.012491000002,8621.875644000002
2025-01-06,2025-01-06T02:20:00,True,595.17139,595.17139,675.2263166666667,0.0,0.4324,0.0,7.247535904753022e-13,80.05492666666596,0.0,0.0,8621.875644000002,8621.875644000002
2025-01-06,2025-01-06T02:30:00,True,606.4073333333333,606.4073333333333,682.6966666666667,0.0,0.4367,0.0,5.968558980384842e-13,76.28933333333279,0.0,0.0,8621.875644000002,8621.875644000002
2025-01-06,2025-01-06T02:40:00,True,617.4244366666666,617.4244366666666,669.3242833333334,0.0,0.4348,0.0,-3.410605131648481e-13,51.899846666667145,0.0,0.0,8621.875644000002,8621.875644000002
2025-01-06,2025-01-06T02:50:00,True,620.1988433333333,620.1988433333333,647.2983333333333,0.0,0.4335,0.0,5.258016244624741e-13,27.09948999999942,0.0,0.0,8621.875644000002,8621.875644000002
2025-01-06,2025-01-06T03:00:00,True,617.3203333333333,617.3203333333333,644.795,0.0,0.4357,0.0,-3.410605131648481e-13,27.474666666666963,0.0,0.0,8621.875644000002,8621.875644000002
2025-01-06,2025-01-06T03:10:00,True,619.7028433333332,619.7028433333332,679.2211666666667,0.0,0.4374,0.0,3.197442310920451e-13,59.518323333333136,0.0,0.0,8621.875644000002,8621.875644000002
2025-01-06,2025-01-06T03:20:00,True,629.1563033333333,629.1563033333333,703.0744,0.0,0.4371,0.0,5.258016244624741e-13,73.91809666666613,0.0,0.0,8621.875644000002,8621.875644000002
2025-01-06,2025-01-06T03:30:00,True,634.118,634.118,698.1499999999999,0.0,0.4356,0.0,7.531752999057062e-13,64.03199999999906,0.0,0.0,8621.875644000002,8621.875644000002
2025-01-06,2025-01-06T03:40:00,True,622.7005733333333,622.7005733333333,690.0639333333334,0.0,0.4353,0.0,-4.263256414560601e-14,67.3633600000001,0.0,0.0,8621.875644000002,8621.875644000002
2025-01-06,2025-01-06T03:50:00,True,623.9677433333333,623.9677433333333,696.3362999999999,0.0,0.436,0.0,7.105427357601002e-13,72.36855666666597,0.0,0.0,8621.875644000002,8621.875644000002
2025-01-06,2025-01-06T04:00:00,True,639.2069999999999,639.2069999999999,708.8283333333334,0.0,0.4378,0.0,-7.247535904753022e-13,69.62133333333422,0.0,0.0,8621.875644000002,8621.875644000002
2025-01-06,2025-01-06T04:10:00,True,639.51076,639.51076,707.1996333333333,0.0,0.4401,0.0,-4.263256414560601e-14,67.68887333333332,0.0,0.0,8621.875644000002,8621.875644000002
2025-01-06,2025-01-06T04:20:00,True,627.9561966666665,627.9561966666665,713.0952,0.0,0.4389,0.0,0.0,85.13900333333345,0.0,0.0,8621.875644000002,8621.875644000002
2025-01-06,2025-01-06T04:30:00,True,621.1819999999999,621.1819999999999,719.2283333333332,0.0,0.4364,0.0,0.0,98.04633333333334,0.0,0.0,8621.875644000002,8621.875644000002
2025-01-06,2025-01-06T04:40:00,True,633.3404966666667,633.3404966666667,695.8064166666666,0.0,0.4393,0.0,0.0,62.46591999999987,0.0,0.0,8621.875644000002,8621.875644000002
2025-01-06,2025-01-06T04:50:00,True,648.3892766666665,648.3892766666665,680.2819166666666,0.0,0.4422,0.0,0.0,31.89264000000003,0.0,0.0,8621.875644000002,8621.875644000002
2025-01-06,2025-01-06T05:00:00,True,650.3116666666667,650.3116666666667,694.1416666666667,0.0,0.4395,0.0,0.0,43.82999999999993,0.0,0.0,8621.875644000002,8621.875644000002
2025-01-06,2025-01-06T05:10:00,True,638.4440966666667,638.4440966666667,720.0062666666665,0.0002833333333333333,0.4333,0.0,0.0,81.56188666666651,0.0,0.0,8621.875644000002,8621.875644000002
2025-01-06,2025-01-06T05:20:00,True,641.1792166666667,641.1792166666667,719.7376999999999,0.0,0.4439,0.0,0.0,78.55848333333324,0.0,0.0,8621.875644000002,8621.875644000002
2025-01-06,2025-01-06T05:30:00,True,1485.7366666666667,1485.7366666666667,692.5566666666666,0.0,0.4301,793.1800000000001,0.0,0.0,0.0,1.0,8621.875644000002,9335.737644
2025-01-06,2025-01-06T05:40:00,True,1480.7814733333332,1480.7814733333332,687.0100833333332,0.003966666666666667,0.3713,793.7753566666667,0.0,0.0,0.0,1.0,9335.737644,10050.135465000001
2025-01-06,2025-01-06T05:50:00,True,689.7408966666666,689.7408966666666,774.3374833333334,0.0,0.5708,0.0,0.0,84.59658666666678,0.0,0.0,10050.135465000001,10050.135465000001
2025-01-06,2025-01-06T06:00:00,True,0.0,498.3699486111109,897.25,0.0,0.9099,0.0,398.8800513888891,0.0,0.0,0.0,10050.135465000001,9606.935407901236
2025-01-06,2025-01-06T06:10:00,True,0.0,0.0,917.234,0.055216666666666664,0.9368,0.0,780.8224866666685,136.3562966666649,0.0,0.0,9606.935407901236,8739.354867160493
2025-01-06,2025-01-06T06:20:00,True,777.0241855555555,777.0241855555555,902.8541666666666,0.0,0.8758,0.0,0.0,125.82998111111112,0.0,0.0,8739.354867160493,8739.354867160493
2025-01-06,2025-01-06T06:30:00,True,474.2990060833339,768.2975166666665,908.2349999999999,0.0,0.8759,0.0,0.0,139.93748333333338,0.0,0.0,8739.354867160493,8739.354867160493
2025-01-06,2025-01-06T06:40:00,True,762.4591244444445,762.4591244444445,918.2977666666667,0.7691499999999999,0.8601,0.0,0.0,155.06949222222227,0.0,0.0,8739.354867160493,8739.354867160493
2025-01-06,2025-01-06T06:50:00,True,770.2919588888889,770.2919588888889,912.7377833333333,0.0,0.8442,0.0,0.0,142.44582444444438,0.0,0.0,8739.354867160493,8739.354867160493
2025-01-06,2025-01-06T07:00:00,True,792.7827000000001,792.9775166666667,890.4716666666666,3.7937499999999997,0.8334,0.0,0.0,93.70039999999983,0.0,0.0,8739.354867160493,8739.354867160493
2025-01-06,2025-01-06T07:10:00,True,769.9954033333332,770.8896227777777,871.7132666666666,36.452466666666666,0.8092,0.0,0.0,64.37117722222229,0.0,0.0,8739.354867160493,8739.354867160493
2025-01-06,2025-01-06T07:20:00,True,734.1623300000001,735.7559522222223,880.0355166666666,79.05208333333333,0.7972,0.0,0.0,65.22748111111093,0.0,0.0,8739.354867160493,8739.354867160493
2025-01-06,2025-01-06T07:30:00,True,674.5071499999999,676.800175,878.3616666666667,121.38125,0.7644,0.0,0.0,80.18024166666669,0.0,0.0,8739.354867160493,8739.354867160493
2025-01-06,2025-01-06T07:40:00,True,1437.259563333333,1440.2519911111112,835.2851666666667,166.7106333333333,0.6899,771.6774577777778,0.0,0.0,0.0,1.0,8739.354867160493,9433.864579160494
2025-01-06,2025-01-06T07:50:00,True,643.1609599999999,646.8527905555554,971.2609166666666,208.43880000000001,0.86,0.0,0.0,115.96932611111117,0.0,0.0,9433.864579160494,9433.864579160494
2025-01-06,2025-01-06T08:00:00,True,0.0,0.0,1208.4766666666665,250.4625,1.1617,0.0,833.3333333333334,124.68083333333311,0.0,0.0,9433.864579160494,8507.938653234569
2025-01-06,2025-01-06T08:10:00,True,0.0,0.0,1231.4706333333334,302.71281666666664,1.1683,0.0,833.3333333333334,95.42448333333334,0.0,0.0,8507.938653234569,7582.012727308643
2025-01-06,2025-01-06T08:20:00,True,0.0,0.0,1212.5025333333333,347.64334999999994,1.0956,0.0,833.3333333333334,31.52584999999999,0.0,0.0,7582.012727308643,6656.086801382717
2025-01-06,2025-01-06T08:30:00,True,0.0,0.0,1238.0883333333331,382.48124999999993,1.0849,0.0,833.3333333333334,22.273749999999836,0.0,0.0,6656.086801382717,5730.160875456791
2025-01-06,2025-01-06T08:40:00,True,0.0,0.0,1217.7327666666665,423.14144999999996,1.061,0.0,794.5913166666666,0.0,0.0,0.0,5730.160875456791,4847.28163471605
2025-01-06,2025-01-06T08:50:00,True,0.0,0.0,1196.8882833333332,472.5344333333333,1.043,0.0,724.35385,0.0,0.0,0.0,4847.28163471605,4042.4440236049386
2025-01-06,2025-01-06T09:00:00,True,0.0,0.0,1197.9033333333332,516.2937499999999,1.036,0.0,681.6095833333333,0.0,0.0,0.0,4042.4440236049386,3285.100042123457
2025-01-06,2025-01-06T09:10:00,True,0.0,0.0,1193.6681833333332,539.3959166666666,1.0147,0.0,654.2722666666666,0.0,0.0,0.0,3285.100042123457,2558.130856938272
2025-01-06,2025-01-06T09:20:00,True,0.0,0.0,1195.6892166666667,577.25915,0.9922,0.0,618.4300666666667,0.0,0.0,0.0,2558.130856938272,1870.9863384197533
2025-01-06,2025-01-06T09:30:00,True,0.0,0.0,1198.065,630.83125,0.97,0.0,0.0,567.2337500000001,0.0,0.0,1870.9863384197533,1870.9863384197533
2025-01-06,2025-01-06T09:40:00,True,0.0,0.0,1180.5133166666665,668.5347333333333,0.9422,0.0,0.0,511.9785833333332,0.0,0.0,1870.9863384197533,1870.9863384197533
2025-01-06,2025-01-06T09:50:00,True,0.0,0.0,1174.0684333333334,715.2191666666665,0.9569,0.0,0.0,458.84926666666684,0.0,0.0,1870.9863384197533,1870.9863384197533
2025-01-06,2025-01-06T10:00:00,True,0.0,0.0,1176.9466666666667,755.7312499999999,0.9977,0.0,421.2154166666666,0.0,0.0,0.0,1870.9863384197533,1402.9692087901237
2025-01-06,2025-01-06T10:10:00,True,0.0,0.0,1161.9107999999999,751.1307333333332,0.9919,0.0,182.67228791111134,228.1077787555554,0.0,0.0,1402.9692087901237,1200.0
2025-01-06,2025-01-06T10:20:00,True,0.0,0.0,1179.6799666666666,780.7058666666667,0.9588,0.0,0.0,398.9740999999999,0.0,0.0,1200.0,1200.0
2025-01-06,2025-01-06T10:30:00,True,0.0,0.0,1209.1516666666666,837.01875,0.9549,0.0,0.0,372.1329166666667,0.0,0.0,1200.0,1200.0
2025-01-06,2025-01-06T10:40:00,True,0.0,0.0,1178.2818166666666,835.8218499999999,0.9839,0.0,0.0,342.4599666666667,0.0,0.0,1200.0,1200.0
2025-01-06,2025-01-06T10:50:00,True,120.44090611111085,164.23825888888882,1173.3346666666666,848.4731666666667,0.799,0.0,0.0,160.62324111111116,0.0,0.0,1200.0,1200.0
2025-01-06,2025-01-06T11:00:00,True,922.9316833333335,922.9316833333335,1203.1299999999999,879.8062499999999,0.5025,116.98273906035789,0.0,0.0,482.62519427297565,1.0,1200.0,1305.284465154322
2025-01-06,2025-01-06T11:10:00,True,913.9029905555557,913.9029905555557,1187.2440833333333,864.6316499999999,0.4662,591.2905572222223,0.0,0.0,0.0,1.0,1305.284465154322,1837.445966654322
2025-01-06,2025-01-06T11:20:00,True,908.0395044444442,908.0395044444442,1159.1059,880.0237,0.5007,628.9573044444442,0.0,0.0,0.0,1.0,1837.445966654322,2403.507540654322
2025-01-06,2025-01-06T11:30:00,True,894.758475,894.758475,1152.4416666666666,937.7624999999999,0.4827,680.0793083333333,0.0,0.0,0.0,1.0,2403.507540654322,3015.578918154322
2025-01-06,2025-01-06T11:40:00,True,877.1294122222224,877.1294122222224,1162.2219166666666,967.37925,0.4785,682.2867455555557,0.0,0.0,0.0,1.0,3015.578918154322,3629.636989154322
2025-01-06,2025-01-06T11:50:00,True,844.806116111111,844.806116111111,1148.1250333333332,976.5396166666666,0.4662,673.2206994444443,0.0,0.0,0.0,1.0,3629.636989154322,4235.535618654321
2025-01-06,2025-01-06T12:00:00,True,802.4762666666664,966.6237500000001,1104.0716666666667,970.78125,0.4432,833.3333333333334,0.0,0.0,-0.0,1.0,4235.535618654321,4985.535618654321
2025-01-06,2025-01-06T12:10:00,True,780.1879511111111,794.2589900000002,1065.6633833333333,947.7477666666666,0.4411,676.3433733333335,0.0,0.0,0.0,1.0,4985.535618654321,5594.2446546543215
2025-01-06,2025-01-06T12:20:00,True,765.9087855555556,783.9625633333335,1062.0517499999999,961.2695,0.4551,683.1803133333336,0.0,0.0,0.0,1.0,5594.2446546543215,6209.1069366543215
2025-01-06,2025-01-06T12:30:00,True,758.96105,780.9975666666668,1070.0733333333333,1002.84375,0.4463,713.7679833333335,0.0,0.0,0.0,1.0,6209.1069366543215,6851.498121654322
2025-01-06,2025-01-06T12:40:00,True,760.9451711111111,786.9644266666668,1045.1306666666665,1008.0864666666666,0.4113,749.920226666667,0.0,0.0,0.0,1.0,6851.498121654322,7526.426325654322
2025-01-06,2025-01-06T12:50:00,True,764.0641855555555,794.06618,1053.8634333333332,994.8301499999999,0.5682,735.0328966666667,0.0,0.0,0.0,1.0,7526.426325654322,8187.955932654322
2025-01-06,2025-01-06T13:00:00,True,0.0,0.0,1101.235,984.59375,0.8279,0.0,0.0,116.6412499999999,0.0,0.0,8187.955932654322,8187.955932654322
2025-01-06,2025-01-06T13:10:00,True,0.0,9.296066666666661,1122.6911166666666,975.0818166666666,0.8636,0.0,0.0,138.31323333333341,0.0,0.0,8187.955932654322,8187.955932654322
2025-01-06,2025-01-06T13:20:00,True,13.663998888888955,49.23229333333336,1134.2160166666665,941.49245,0.8416,0.0,0.0,143.4912733333332,0.0,0.0,8187.955932654322,8187.955932654322
2025-01-06,2025-01-06T13:30:00,True,35.58225833333336,71.94233333333318,1137.8483333333334,897.09375,0.8618,0.0,0.0,168.81225000000018,0.0,0.0,8187.955932654322,8187.955932654322
2025-01-06,2025-01-06T13:40:00,True,34.057354444444286,71.20920999999998,1114.69765,878.1117166666666,0.8623,0.0,0.0,165.37672333333353,0.0,0.0,8187.955932654322,8187.955932654322
2025-01-06,2025-01-06T13:50:00,True,0.0,100.08200333333309,1100.4893333333332,841.6892666666665,0.9026,0.0,0.0,158.7180633333336,0.0,0.0,8187.955932654322,8187.955932654322
2025-01-06,2025-01-06T14:00:00,True,0.0,0.0,1100.6999999999998,795.1,0.9754,0.0,0.0,305.5999999999998,0.0,0.0,8187.955932654322,8187.955932654322
2025-01-06,2025-01-06T14:10:00,True,0.0,0.0,1091.1499833333332,787.8713666666665,1.0002,0.0,303.2786166666667,0.0,0.0,0.0,8187.955932654322,7850.9796919135815
2025-01-06,2025-01-06T14:20:00,True,0.0,0.0,1103.4595666666667,760.5209666666666,0.9978,0.0,40.16396382222467,302.7746361777754,0.0,0.0,7850.9796919135815,7806.353065444443
2025-01-06,2025-01-06T14:30:00,True,0.0,0.0,1121.6466666666665,705.0,1.0271,0.0,222.8011749999996,193.84549166666693,0.0,0.0,7806.353065444443,7558.796204333333
2025-01-06,2025-01-06T14:40:00,True,0.0,0.0,1093.2435833333334,671.7037833333333,1.0906,0.0,272.9434544444463,148.59634555555385,0.0,0.0,7558.796204333333,7255.525699395059
2025-01-06,2025-01-06T14:50:00,True,0.0,0.0,1066.2487166666665,628.9981,0.9376,0.0,-4.547473508864641e-13,437.25061666666693,0.0,0.0,7255.525699395059,7255.52569939506
2025-01-06,2025-01-06T15:00:00,True,1199.1868,1199.1868,1074.6999999999998,570.08125,0.6694,694.5680500000001,0.0,0.0,0.0,1.0,7255.52569939506,7880.63694439506
2025-01-06,2025-01-06T15:10:00,True,1260.6695288888886,1260.6695288888886,1100.1180833333333,524.0023166666666,0.66,684.553762222222,0.0,0.0,0.0,1.0,7880.63694439506,8496.73533039506
2025-01-06,2025-01-06T15:20:00,True,565.842809986281,1254.473658888889,1077.6702166666666,479.2144166666667,0.7217,656.0178588888891,0.0,0.0,0.0,1.0,8496.73533039506,9087.15140339506
2025-01-06,2025-01-06T15:30:00,True,512.6267999999998,1285.1818833333332,1037.87,432.9375,0.7308,680.2493833333333,0.0,0.0,0.0,1.0,9087.15140339506,9699.37584839506
2025-01-06,2025-01-06T15:40:00,True,565.0400555555555,799.2457756721561,1069.4894,395.0314333333333,0.7534,124.78780900548952,0.0,0.0,0.0,1.0,9699.37584839506,9811.684876500001
2025-01-06,2025-01-06T15:50:00,True,624.1886444444447,624.1886444444447,1074.2876166666665,348.98908333333327,0.7823,0.0,0.0,101.10988888888858,0.0,0.0,9811.684876500001,9811.684876500001
2025-01-06,2025-01-06T16:00:00,True,674.2668,674.2668,1041.3366666666666,288.97499999999997,0.8055,0.0,0.0,78.09486666666669,0.0,0.0,9811.684876500001,9811.684876500001
2025-01-06,2025-01-06T16:10:00,True,699.311330555556,699.311330555556,1058.4165833333332,226.29261666666665,0.8271,0.0,-1.3073986337985843e-12,132.81263611111189,0.0,0.0,9811.684876500001,9811.684876500003
2025-01-06,2025-01-06T16:20:00,True,719.5558544444442,719.5558544444442,1070.2908,170.58158333333333,0.8519,0.0,0.0,180.15336222222243,0.0,0.0,9811.684876500003,9811.684876500003
2025-01-06,2025-01-06T16:30:00,True,747.5776416666668,747.5776416666668,1054.9233333333332,123.78125,0.8791,0.0,0.0,183.56444166666643,0.0,0.0,9811.684876500003,9811.684876500003
2025-01-06,2025-01-06T16:40:00,True,789.2154388888891,789.2154388888891,1050.6539666666665,80.79273333333333,0.9024,0.0,0.0,180.64579444444405,0.0,0.0,9811.684876500003,9811.684876500003
2025-01-06,2025-01-06T16:50:00,True,813.2613561111108,813.2613561111108,1055.68355,37.38191666666667,0.9163,0.0,0.0,205.04027722222247,0.0,0.0,9811.684876500003,9811.684876500003
2025-01-06,2025-01-06T17:00:00,True,824.8014833333332,824.8014833333332,1060.1666666666665,4.3687499999999995,0.9264,0.0,0.0,230.99643333333324,0.0,0.0,9811.684876500003,9811.684876500003
2025-01-06,2025-01-06T17:10:00,True,822.3404127777777,822.3404127777777,1056.3315499999999,0.0,0.9462,0.0,0.0,233.99113722222216,0.0,0.0,9811.684876500003,9811.684876500003
2025-01-06,2025-01-06T17:20:00,True,816.1160788888888,816.1160788888888,1035.3065166666665,0.7160166666666666,0.9742,0.0,0.0,218.47442111111104,0.0,0.0,9811.684876500003,9811.684876500003
2025-01-06,2025-01-06T17:30:00,True,812.7220749999999,812.7220749999999,1025.5666666666666,0.0,0.9862,0.0,0.0,212.8445916666667,0.0,0.0,9811.684876500003,9811.684876500003
2025-01-06,2025-01-06T17:40:00,True,832.8688911111111,832.8688911111111,1047.0666166666665,0.0,0.976,0.0,0.0,214.1977255555554,0.0,0.0,9811.684876500003,9811.684876500003
2025-01-06,2025-01-06T17:50:00,True,767.4407172222222,767.4407172222222,945.4766166666666,0.0514,1.0742,0.0,0.0,177.9844994444444,0.0,0.0,9811.684876500003,9811.684876500003
2025-01-06,2025-01-06T18:00:00,True,649.1076666666665,759.2116666666667,759.2116666666667,0.0,1.2313,0.0,0.0,0.0,0.0,0.0,9811.684876500003,9811.684876500003
2025-01-06,2025-01-06T18:10:00,True,0.0,432.6179278166644,698.3793333333333,0.0,1.2561,0.0,197.8732055166684,67.88820000000051,0.0,0.0,9811.684876500003,9591.82575925926
2025-01-06,2025-01-06T18:20:00,True,650.7102866666667,650.7102866666667,715.2248,0.0036833333333333336,1.2447,0.0,1.2363443602225743e-12,64.5108299999987,0.0,0.0,9591.82575925926,9591.825759259258
2025-01-06,2025-01-06T18:30:00,True,191.98365,648.8493333333332,746.9366666666666,0.0,1.2545,0.0,0.0,98.08733333333339,0.0,0.0,9591.825759259258,9591.825759259258
2025-01-06,2025-01-06T18:40:00,True,627.6180433333333,627.6180433333333,775.4514999999999,0.0,1.2522,0.0,0.0,147.83345666666662,0.0,0.0,9591.825759259258,9591.825759259258
2025-01-06,2025-01-06T18:50:00,True,0.0,0.0,756.72815,0.0002666666666666667,1.2881,0.0,618.4126333333322,138.31525000000119,0.0,0.0,9591.825759259258,8904.700611111111
2025-01-06,2025-01-06T19:00:00,True,0.0,0.0,709.5566666666666,0.0,1.3466,0.0,709.5566666666666,0.0,0.0,0.0,8904.700611111111,8116.304314814815
2025-01-06,2025-01-06T19:10:00,True,0.0,0.0,703.2557333333332,0.0,1.3523,0.0,703.2557333333332,0.0,0.0,0.0,8116.304314814815,7334.909055555556
2025-01-06,2025-01-06T19:20:00,True,0.0,0.0,729.3862,0.0,1.3445,0.0,729.3862,0.0,0.0,0.0,7334.909055555556,6524.479944444445
2025-01-06,2025-01-06T19:30:00,True,0.0,0.0,752.8483333333334,0.0,1.3483,0.0,752.8483333333334,0.0,0.0,0.0,6524.479944444445,5687.981796296297
2025-01-06,2025-01-06T19:40:00,True,0.0,0.0,748.1271833333333,0.0,1.349,0.0,748.1271833333333,0.0,0.0,0.0,5687.981796296297,4856.729370370371
2025-01-06,2025-01-06T19:50:00,True,0.0,0.0,751.6427,0.0,1.3473,0.0,751.6427,0.0,0.0,0.0,4856.729370370371,4021.570814814815
2025-01-06,2025-01-06T20:00:00,True,0.0,0.0,764.9416666666666,0.0,1.3482,0.0,647.9548566666671,116.98680999999956,0.0,0.0,4021.570814814815,3301.620974074074
2025-01-06,2025-01-06T20:10:00,True,0.0,0.0,751.5444166666666,0.0,1.3513,0.0,751.5444166666666,0.0,0.0,0.0,3301.620974074074,2466.5716222222227
2025-01-06,2025-01-06T20:20:00,True,0.0,0.0,724.6834,0.0,1.34,0.0,0.0,724.6834,0.0,0.0,2466.5716222222227,2466.5716222222227
2025-01-06,2025-01-06T20:30:00,True,0.0,0.0,713.01,0.0,1.3489,0.0,512.438723333334,200.57127666666602,0.0,0.0,2466.5716222222227,1897.1952629629627
2025-01-06,2025-01-06T20:40:00,True,0.0,0.0,735.1451166666667,0.0,1.3952,0.0,627.4757366666664,107.66938000000027,0.0,0.0,1897.1952629629627,1200.0
2025-01-06,2025-01-06T20:50:00,True,640.7367066666667,640.7367066666667,760.8267166666666,0.0,1.2226,0.0,0.0,120.0900099999999,0.0,0.0,1200.0,1200.0
2025-01-06,2025-01-06T21:00:00,True,658.4146666666667,658.4146666666667,769.9816666666667,0.0,0.9332,0.0,0.0,111.56700000000001,0.0,0.0,1200.0,1200.0
2025-01-06,2025-01-06T21:10:00,True,653.8297466666666,653.8297466666666,763.4571166666666,0.0,0.9068,0.0,0.0,109.62737000000004,0.0,0.0,1200.0,1200.0
2025-01-06,2025-01-06T21:20:00,True,643.5018699999999,643.5018699999999,737.8627833333333,0.0,0.9371,0.0,0.0,94.36091333333331,0.0,0.0,1200.0,1200.0
2025-01-06,2025-01-06T21:30:00,True,650.4023333333332,650.4023333333332,730.0516666666667,0.0,0.9371,0.0,0.0,79.64933333333352,0.0,0.0,1200.0,1200.0
2025-01-06,2025-01-06T21:40:00,True,669.4188099999999,669.4188099999999,771.5217166666666,0.0,0.9871,0.0,0.0,102.10290666666674,0.0,0.0,1200.0,1200.0
2025-01-06,2025-01-06T21:50:00,True,608.3650333333333,608.3650333333333,715.6153999999999,0.0,0.7764,0.0,0.0,107.25036666666665,0.0,0.0,1200.0,1200.0
2025-01-06,2025-01-06T22:00:00,True,506.6536666666667,506.6536666666667,585.9316666666666,0.0,0.4209,0.0,0.0,79.2779999999999,0.0,0.0,1200.0,1200.0
2025-01-06,2025-01-06T22:10:00,True,502.18070666666665,502.18070666666665,559.6959499999999,0.0,0.3859,0.0,0.0,57.515243333333274,0.0,0.0,1200.0,1200.0
2025-01-06,2025-01-06T22:20:00,True,517.6083766666667,517.6083766666667,570.9603999999999,0.0,0.4368,0.0,0.0,53.35202333333325,0.0,0.0,1200.0,1200.0
2025-01-06,2025-01-06T22:30:00,True,513.359,513.359,566.3416666666667,0.0,0.4198,0.0,0.0,52.98266666666666,0.0,0.0,1200.0,1200.0
2025-01-06,2025-01-06T22:40:00,True,524.0395,524.0395,563.5174333333333,0.0,0.4186,0.0,0.0,39.47793333333334,0.0,0.0,1200.0,1200.0
2025-01-06,2025-01-06T22:50:00,True,511.37342666666666,511.37342666666666,562.2307166666667,0.0,0.4241,0.0,0.0,50.857290000000035,0.0,0.0,1200.0,1200.0
2025-01-06,2025-01-06T23:00:00,True,495.0,495.0,573.1433333333333,0.0,0.4237,0.0,0.0,78.14333333333332,0.0,0.0,1200.0,1200.0
2025-01-06,2025-01-06T23:10:00,True,536.0185033333333,536.0185033333333,607.9602166666666,0.0,0.4248,0.0,0.0,71.94171333333327,0.0,0.0,1200.0,1200.0
2025-01-06,2025-01-06T23:20:00,True,556.8785533333333,556.8785533333333,619.9824333333333,0.0,0.424,0.0,0.0,63.103880000000004,0.0,0.0,1200.0,1200.0
2025-01-06,2025-01-06T23:30:00,True,539.0543333333333,539.0543333333333,601.48,0.0,0.422,0.0,0.0,62.42566666666676,0.0,0.0,1200.0,1200.0
2025-01-06,2025-01-06T23:40:00,True,540.8354933333333,540.8354933333333,586.9800333333333,0.0,0.424,0.0,0.0,46.144540000000006,0.0,0.0,1200.0,1200.0
2025-01-06,2025-01-06T23:50:00,True,550.3761466666666,550.3761466666666,567.1116166666666,0.0,0.4271,0.0,0.0,16.735469999999964,0.0,0.0,1200.0,1200.0
2025-01-06,2025-01-07T00:00:00,True,540.6191666666666,554.1456666666666,567.9683333333332,0.0,0.4276,0.0,0.0,13.822666666666692,0.0,0.0,1200.0,1200.0
2025-01-07,2025-01-07T00:10:00,True,1394.3585,1394.3585,623.5018333333333,0.0,0.4248,770.8566666666671,0.0,0.0,-4.2917324015611e-14,1.0,1200.0,1893.7710000000004
2025-01-07,2025-01-07T00:20:00,True,1398.6937888888888,1398.6937888888888,618.4973,0.0,0.4245,780.1964888888888,0.0,0.0,0.0,1.0,1893.7710000000004,2595.9478400000003
2025-01-07,2025-01-07T00:30:00,True,1402.8922222222222,1402.8922222222222,571.0066666666667,0.0,0.4269,831.8855555555556,0.0,0.0,0.0,1.0,2595.9478400000003,3344.6448400000004
2025-01-07,2025-01-07T00:40:00,True,1391.9313694444445,1391.9313694444445,613.1864666666667,0.0,0.4272,778.7449027777778,0.0,0.0,0.0,1.0,3344.6448400000004,4045.5152525000003
2025-01-07,2025-01-07T00:50:00,True,1385.112625,1385.112625,654.0969833333334,0.0,0.4271,731.0156416666666,0.0,0.0,0.0,1.0,4045.5152525000003,4703.42933
2025-01-07,2025-01-07T01:00:00,True,1396.7575000000002,1396.7575000000002,654.025,0.0,0.4285,742.7325000000002,0.0,0.0,0.0,1.0,4703.42933,5371.88858
2025-01-07,2025-01-07T01:10:00,True,1255.3598333333334,1255.3598333333334,661.0716833333333,0.0,0.4311,594.2881500000001,0.0,0.0,0.0,1.0,5371.88858,5906.747915
2025-01-07,2025-01-07T01:20:00,True,1435.0271138888888,1435.0271138888888,641.8623,0.0,0.4302,793.1648138888888,0.0,0.0,0.0,1.0,5906.747915,6620.5962475
2025-01-07,2025-01-07T01:30:00,True,1426.8397222222222,1426.8397222222222,604.89,0.0,0.4279,821.9497222222222,0.0,0.0,0.0,1.0,6620.5962475,7360.3509975
2025-01-07,2025-01-07T01:40:00,True,579.7859833333333,579.7859833333333,605.5048666666667,0.0,0.4312,0.0,0.0,25.718883333333338,0.0,0.0,7360.3509975,7360.3509975
2025-01-07,2025-01-07T01:50:00,True,584.7295916666667,584.7295916666667,632.8251499999999,0.0,0.4333,0.0,5.044853423896711e-13,48.0955583333327,0.0,0.0,7360.3509975,7360.350997499999
2025-01-07,2025-01-07T02:00:00,True,1435.6397222222222,1435.6397222222222,660.4033333333333,0.0,0.4311,775.2363888888889,0.0,0.0,0.0,1.0,7360.350997499999,8058.0637474999985
2025-01-07,2025-01-07T02:10:00,True,1438.5240305555556,1438.5240305555556,670.6950166666666,0.0,0.4293,767.829013888889,0.0,0.0,0.0,1.0,8058.0637474999985,8749.109859999999
2025-01-07,2025-01-07T02:20:00,True,608.5138777777778,608.5138777777778,674.4617999999999,0.0,0.4324,0.0,9.947598300641403e-14,65.94792222222203,0.0,0.0,8749.109859999999,8749.109859999999
2025-01-07,2025-01-07T02:30:00,True,619.1222222222221,619.1222222222221,677.03,0.0,0.4367,0.0,1.6342482922482304e-13,57.90777777777766,0.0,0.0,8749.109859999999,8749.109859999999
2025-01-07,2025-01-07T02:40:00,True,626.0744111111111,626.0744111111111,672.1629499999999,0.0,0.4348,0.0,-5.186961971048731e-13,46.08853888888934,0.0,0.0,8749.109859999999,8749.109859999999
2025-01-07,2025-01-07T02:50:00,True,624.715425,624.715425,657.8791166666666,0.0,0.4335,0.0,0.0,33.16369166666664,0.0,0.0,8749.109859999999,8749.109859999999
2025-01-07,2025-01-07T03:00:00,True,621.8994444444444,621.8994444444444,645.55,0.0,0.4357,0.0,-1.5987211554602254e-13,23.65055555555573,0.0,0.0,8749.109859999999,8749.109859999999
2025-01-07,2025-01-07T03:10:00,True,629.6225638888889,629.6225638888889,649.4781166666667,0.0,0.4374,0.0,-4.618527782440651e-14,19.85555277777785,0.0,0.0,8749.109859999999,8749.109859999999
2025-01-07,2025-01-07T03:20:00,True,641.4759861111111,641.4759861111111,648.51725,0.0,0.4371,0.0,2.0516921495072893e-13,7.041263888888715,0.0,0.0,8749.109859999999,8749.109859999999
2025-01-07,2025-01-07T03:30:00,True,644.79,644.79,645.1716666666666,0.0,0.4356,0.0,6.36657393471296e-13,0.38166666666602395,0.0,0.0,8749.109859999999,8749.109859999999
2025-01-07,2025-01-07T03:40:00,True,633.9278,633.9278,661.4518166666667,0.0,0.4353,0.0,-5.684341886080801e-13,27.524016666667194,0.0,0.0,8749.109859999999,8749.109859999999
2025-01-07,2025-01-07T03:50:00,True,636.0291694444444,636.0291694444444,668.7802333333333,0.0,0.436,0.0,0.0,32.75106388888889,0.0,0.0,8749.109859999999,8749.109859999999
2025-01-07,2025-01-07T04:00:00,True,650.8105555555554,650.8105555555554,670.4499999999999,0.0,0.4378,0.0,-8.881784197001252e-14,19.639444444444596,0.0,0.0,8749.109859999999,8749.109859999999
2025-01-07,2025-01-07T04:10:00,True,650.7922388888888,650.7922388888888,695.564,0.0,0.4401,0.0,0.0,44.77176111111112,0.0,0.0,8749.109859999999,8749.109859999999
2025-01-07,2025-01-07T04:20:00,True,642.1460305555555,642.1460305555555,699.6987999999999,0.0,0.4389,0.0,0.0,57.55276944444438,0.0,0.0,8749.109859999999,8749.109859999999
2025-01-07,2025-01-07T04:30:00,True,637.5230555555554,637.5230555555554,681.8783333333333,0.0,0.4364,0.0,0.0,44.35527777777793,0.0,0.0,8749.109859999999,8749.109859999999
2025-01-07,2025-01-07T04:40:00,True,643.7514833333333,643.7514833333333,689.5033333333333,0.0,0.4393,0.0,0.0,45.75184999999999,0.0,0.0,8749.109859999999,8749.109859999999
2025-01-07,2025-01-07T04:50:00,True,653.7047166666666,653.7047166666666,714.2354666666666,0.0,0.4422,0.0,0.0,60.53075000000001,0.0,0.0,8749.109859999999,8749.109859999999
2025-01-07,2025-01-07T05:00:00,True,657.6166666666667,657.6166666666667,734.0783333333334,0.0,0.4395,0.0,0.0,76.4616666666667,0.0,0.0,8749.109859999999,8749.109859999999
2025-01-07,2025-01-07T05:10:00,True,652.0377916666666,652.0377916666666,731.4117166666666,0.00023333333333333333,0.4333,0.0,0.0,79.37369166666667,0.0,0.0,8749.109859999999,8749.109859999999
2025-01-07,2025-01-07T05:20:00,True,654.2722972222222,654.2722972222222,703.3788,0.0,0.4439,0.0,0.0,49.10650277777779,0.0,0.0,8749.109859999999,8749.109859999999
2025-01-07,2025-01-07T05:30:00,True,1492.4288888888889,1492.4288888888889,675.9316666666666,0.0,0.4301,816.4972222222223,0.0,0.0,0.0,1.0,8749.109859999999,9483.957359999999
2025-01-07,2025-01-07T05:40:00,True,1487.3751305555554,1487.3751305555554,696.5622,0.003283333333333333,0.3713,790.8162138888888,0.0,0.0,0.0,1.0,9483.957359999999,10195.691952499998
2025-01-07,2025-01-07T05:50:00,True,703.8403277777778,703.8403277777778,794.0757666666666,0.0,0.5708,0.0,0.0,90.2354388888889,0.0,0.0,10195.691952499998,10195.691952499998
2025-01-07,2025-01-07T06:00:00,True,0.0,489.95848194444665,893.7950000000001,0.0,0.9099,0.0,403.8365180555534,0.0,0.0,0.0,10195.691952499998,9746.98471021605
2025-01-07,2025-01-07T06:10:00,True,0.0,0.0,883.3619999999999,0.04581666666666666,0.9368,0.0,801.7511361111129,81.5650472222203,0.0,0.0,9746.98471021605,8856.150114537035
2025-01-07,2025-01-07T06:20:00,True,797.361486111111,797.361486111111,887.0090499999999,0.0,0.8758,0.0,0.0,89.64756388888884,0.0,0.0,8856.150114537035,8856.150114537035
2025-01-07,2025-01-07T06:30:00,True,734.5584880555556,789.8138277777776,933.8866666666665,0.0,0.8759,0.0,0.0,144.0728388888889,0.0,0.0,8856.150114537035,8856.150114537035
2025-01-07,2025-01-07T06:40:00,True,787.1635055555556,787.1635055555556,930.09885,0.6380999999999999,0.8601,0.0,0.0,142.29724444444435,0.0,0.0,8856.150114537035,8856.150114537035
2025-01-07,2025-01-07T06:50:00,True,792.4470222222222,792.4470222222222,909.1203166666666,0.0,0.8442,0.0,0.0,116.67329444444431,0.0,0.0,8856.150114537035,8856.150114537035
2025-01-07,2025-01-07T07:00:00,True,807.1611055555555,807.4199388888889,899.4866666666667,4.9125,0.8334,0.0,0.0,87.1542277777778,0.0,0.0,8856.150114537035,8856.150114537035
2025-01-07,2025-01-07T07:10:00,True,775.8298611111109,775.9752916666665,896.7118,37.81588333333333,0.8092,0.0,0.0,82.9206250000002,0.0,0.0,8856.150114537035,8856.150114537035
2025-01-07,2025-01-07T07:20:00,True,738.1405777777778,738.1726055555555,915.6544666666666,83.06501666666666,0.7972,0.0,0.0,94.41684444444445,0.0,0.0,8856.150114537035,8856.150114537035
2025-01-07,2025-01-07T07:30:00,True,678.9335222222223,678.9335222222223,919.0416666666666,127.89999999999999,0.7644,0.0,0.0,112.20814444444432,0.0,0.0,8856.150114537035,8856.150114537035
2025-01-07,2025-01-07T07:40:00,True,1437.054575,1437.054575,876.8275,170.57399999999998,0.6899,730.8010750000001,0.0,0.0,0.0,1.0,8856.150114537035,9513.871082037034
2025-01-07,2025-01-07T07:50:00,True,649.8640444444444,649.8640444444444,1002.1062333333332,214.58763333333332,0.86,0.0,0.0,137.65455555555548,0.0,0.0,9513.871082037034,9513.871082037034
2025-01-07,2025-01-07T08:00:00,True,0.0,0.0,1220.59,265.64374999999995,1.1617,0.0,833.3333333333334,121.61291666666659,0.0,0.0,9513.871082037034,8587.94515611111
2025-01-07,2025-01-07T08:10:00,True,0.0,0.0,1228.9277499999998,324.2343333333333,1.1683,0.0,833.3333333333334,71.36008333333314,0.0,0.0,8587.94515611111,7662.019230185183
2025-01-07,2025-01-07T08:20:00,True,0.0,0.0,1194.3171,367.38738333333333,1.0956,0.0,826.9297166666666,0.0,0.0,0.0,7662.019230185183,6743.208433888887
2025-01-07,2025-01-07T08:30:00,True,0.0,0.0,1214.5549999999998,397.375,1.0849,0.0,817.1799999999998,0.0,0.0,0.0,6743.208433888887,5835.23065611111
2025-01-07,2025-01-07T08:40:00,True,0.0,0.0,1214.1978833333333,440.98769999999996,1.061,0.0,773.2101833333334,0.0,0.0,0.0,5835.23065611111,4976.108230185184
2025-01-07,2025-01-07T08:50:00,True,0.0,0.0,1188.9038833333334,498.37905,1.043,0.0,690.5248333333334,0.0,0.0,0.0,4976.108230185184,4208.858415370369
2025-01-07,2025-01-07T09:00:00,True,0.0,0.0,1167.4083333333333,557.55,1.036,0.0,609.8583333333333,0.0,0.0,0.0,4208.858415370369,3531.2380449999982
2025-01-07,2025-01-07T09:10:00,True,0.0,0.0,1179.10495,603.2544499999999,1.0147,0.0,575.8505,0.0,0.0,0.0,3531.2380449999982,2891.4041561111094
2025-01-07,2025-01-07T09:20:00,True,0.0,0.0,1203.5019499999999,628.7407499999999,0.9922,0.0,574.7611999999999,0.0,0.0,0.0,2891.4041561111094,2252.780600555554
2025-01-07,2025-01-07T09:30:00,True,0.0,0.0,1214.2733333333333,649.40625,0.97,0.0,172.44333494444334,392.42374838889,0.0,0.0,2252.780600555554,2061.176895061728
2025-01-07,2025-01-07T09:40:00,True,0.0,0.0,1199.3908999999999,688.8173666666667,0.9422,0.0,0.0,510.5735333333332,0.0,0.0,2061.176895061728,2061.176895061728
2025-01-07,2025-01-07T09:50:00,True,0.0,0.0,1176.6833,724.539,0.9569,0.0,0.0,452.14429999999993,0.0,0.0,2061.176895061728,2061.176895061728
2025-01-07,2025-01-07T10:00:00,True,0.0,0.0,1166.7016666666666,749.64375,0.9977,0.0,417.05791666666676,0.0,0.0,0.0,2061.176895061728,1597.7792098765426
2025-01-07,2025-01-07T10:10:00,True,0.0,0.0,1175.9679833333332,782.5945499999999,0.9919,0.0,358.0012888888883,35.37214444444488,0.0,0.0,1597.7792098765426,1200.0
2025-01-07,2025-01-07T10:20:00,True,0.0,0.0,1175.1191166666667,832.9956666666667,0.9588,0.0,0.0,342.12345000000005,0.0,0.0,1200.0,1200.0
2025-01-07,2025-01-07T10:30:00,True,0.0,0.0,1161.4266666666667,873.6,0.9549,0.0,0.0,287.8266666666667,0.0,0.0,1200.0,1200.0
2025-01-07,2025-01-07T10:40:00,True,0.0,0.0,1162.9998833333334,866.3125,0.9839,0.0,0.0,296.6873833333334,0.0,0.0,1200.0,1200.0
2025-01-07,2025-01-07T10:50:00,True,129.45481388888857,185.42709722222196,1187.1872166666667,864.1483333333333,0.799,0.0,0.0,137.61178611111143,0.0,0.0,1200.0,1200.0
2025-01-07,2025-01-07T11:00:00,True,928.8542000000001,993.0354500000001,1192.6883333333333,878.475,0.5025,678.8221166666668,0.0,0.0,-8.935765238859973e-14,1.0,1200.0,1810.9399050000002
2025-01-07,2025-01-07T11:10:00,True,919.5988944444446,987.6993805555555,1136.9261499999998,871.9162333333334,0.4662,722.6894638888891,0.0,0.0,0.0,1.0,1810.9399050000002,2461.3604225000004
2025-01-07,2025-01-07T11:20:00,True,910.9392166666668,982.958938888889,1137.6254833333332,869.9123666666666,0.5007,715.2458222222223,0.0,0.0,0.0,1.0,2461.3604225000004,3105.0816625000007
2025-01-07,2025-01-07T11:30:00,True,899.6772444444445,975.6162027777776,1196.9383333333333,882.05,0.4827,660.7278694444443,0.0,0.0,0.0,1.0,3105.0816625000007,3699.7367450000006
2025-01-07,2025-01-07T11:40:00,True,887.5326583333334,967.3908527777779,1194.3912666666665,890.948,0.4785,663.9475861111114,0.0,0.0,0.0,1.0,3699.7367450000006,4297.289572500001
2025-01-07,2025-01-07T11:50:00,True,859.1633555555555,942.9407861111112,1143.5714333333333,899.8598333333332,0.4662,699.2291861111111,0.0,0.0,0.0,1.0,4297.289572500001,4926.595840000001
2025-01-07,2025-01-07T12:00:00,True,817.462511111111,1023.8979166666667,1095.0333333333333,904.46875,0.4432,833.3333333333334,0.0,0.0,0.0,1.0,4926.595840000001,5676.595840000001
2025-01-07,2025-01-07T12:10:00,True,795.8202638888889,1002.1480833333335,1087.5478833333332,894.4417,0.4411,809.0419000000003,0.0,0.0,0.0,1.0,5676.595840000001,6404.733550000001
2025-01-07,2025-01-07T12:20:00,True,786.65175,992.9657888888889,1105.8556666666666,886.5409333333333,0.4551,773.6510555555557,0.0,0.0,0.0,1.0,6404.733550000001,7101.019500000001
2025-01-07,2025-01-07T12:30:00,True,785.5316305555556,991.831888888889,1122.3266666666666,877.7624999999999,0.4463,747.2677222222223,0.0,0.0,0.0,1.0,7101.019500000001,7773.560450000002
2025-01-07,2025-01-07T12:40:00,True,786.3606833333332,992.6471611111111,1122.7787833333332,848.5200333333333,0.4113,718.3884111111113,0.0,0.0,0.0,1.0,7773.560450000002,8420.110020000002
2025-01-07,2025-01-07T12:50:00,True,793.7480527777777,1000.0207499999999,1139.4096166666666,818.7607833333333,0.5682,679.3719166666666,0.0,0.0,0.0,1.0,8420.110020000002,9031.544745000001
2025-01-07,2025-01-07T13:00:00,True,0.0,180.22355555555555,1152.57,798.7624999999999,0.8279,0.0,0.0,173.58394444444446,0.0,0.0,9031.544745000001,9031.544745000001
2025-01-07,2025-01-07T13:10:00,True,5.312955555555504,204.88551388888902,1115.9225833333333,784.0687166666667,0.8636,0.0,0.0,126.96835277777757,0.0,0.0,9031.544745000001,9031.544745000001
2025-01-07,2025-01-07T13:20:00,True,33.45778611111109,226.343986111111,1123.6269166666666,789.1335833333333,0.8416,0.0,0.0,108.14934722222233,0.0,0.0,9031.544745000001,9031.544745000001
2025-01-07,2025-01-07T13:30:00,True,45.93203055555557,232.13187222222223,1158.5549999999998,798.3999999999999,0.8618,0.0,0.0,128.02312777777774,0.0,0.0,9031.544745000001,9031.544745000001
2025-01-07,2025-01-07T13:40:00,True,34.40647222222219,213.9199555555556,1110.6376833333334,776.9508833333332,0.8623,0.0,0.0,119.76684444444459,0.0,0.0,9031.544745000001,9031.544745000001
2025-01-07,2025-01-07T13:50:00,True,0.0,221.87003055555533,1080.8056166666665,750.8033499999999,0.9026,0.0,0.0,108.1322361111113,0.0,0.0,9031.544745000001,9031.544745000001
2025-01-07,2025-01-07T14:00:00,True,0.0,0.0,1095.3533333333332,728.5249999999999,0.9754,0.0,290.99720061110884,75.83113272222454,0.0,0.0,9031.544745000001,8708.21452209877
2025-01-07,2025-01-07T14:10:00,True,0.0,0.0,1081.8716166666666,693.4894166666666,1.0002,0.0,388.3822,0.0,0.0,0.0,8708.21452209877,8276.678744320992
2025-01-07,2025-01-07T14:20:00,True,0.0,0.0,1086.01145,659.7728999999999,0.9978,0.0,206.9006833333333,219.33786666666674,0.0,0.0,8276.678744320992,8046.789096172844
2025-01-07,2025-01-07T14:30:00,True,0.0,0.0,1113.0149999999999,631.5062499999999,1.0271,0.0,325.48199722222216,156.0267527777778,0.0,0.0,8046.789096172844,7685.142432592597
2025-01-07,2025-01-07T14:40:00,True,0.0,0.0,1113.8392166666665,598.0928166666666,1.0906,0.0,366.3874833333356,149.3589166666643,0.0,0.0,7685.142432592597,7278.045228888891
2025-01-07,2025-01-07T14:50:00,True,0.0,0.0,1106.25805,561.8000499999999,0.9376,0.0,-1.2505552149377763e-12,544.4580000000012,0.0,0.0,7278.045228888891,7278.045228888893
2025-01-07,2025-01-07T15:00:00,True,1127.7875,1244.998833333333,1093.5083333333332,524.5749999999999,0.6694,676.0654999999998,0.0,0.0,0.0,1.0,7278.045228888893,7886.504178888893
2025-01-07,2025-01-07T15:10:00,True,1194.115225,1301.3826194444443,1059.99145,485.8835333333333,0.66,727.2747027777776,0.0,0.0,0.0,1.0,7886.504178888893,8541.051411388893
2025-01-07,2025-01-07T15:20:00,True,411.4899916666669,1342.1467805555558,1041.48525,449.89903333333336,0.7217,750.5605638888892,0.0,0.0,0.0,1.0,8541.051411388893,9216.555918888893
2025-01-07,2025-01-07T15:30:00,True,443.1942555555553,1363.9071055555555,1055.5049999999999,415.09375,0.7308,723.4958555555556,0.0,0.0,0.0,1.0,9216.555918888893,9867.702188888892
2025-01-07,2025-01-07T15:40:00,True,502.9976388888889,1096.3204040123428,1085.2975666666666,374.348,0.7534,385.37083734567614,0.0,0.0,0.0,1.0,9867.702188888892,10214.5359425
2025-01-07,2025-01-07T15:50:00,True,563.9436027777779,631.4352416666668,1103.6871666666666,325.9980333333333,0.7823,0.0,0.0,146.2538916666665,0.0,0.0,10214.5359425,10214.5359425
2025-01-07,2025-01-07T16:00:00,True,611.0393444444444,668.5870444444444,1099.8183333333332,273.17499999999995,0.8055,0.0,0.0,158.05628888888896,0.0,0.0,10214.5359425,10214.5359425
2025-01-07,2025-01-07T16:10:00,True,655.0027444444447,703.0971055555553,1082.9799333333333,221.80936666666665,0.8271,0.0,0.0,158.0734611111111,0.0,0.0,10214.5359425,10214.5359425
2025-01-07,2025-01-07T16:20:00,True,694.0985222222218,732.7395444444445,1068.9197333333332,175.39951666666664,0.8519,0.0,0.0,160.78067222222205,0.0,0.0,10214.5359425,10214.5359425
2025-01-07,2025-01-07T16:30:00,True,735.1350722222222,764.3227555555555,1079.4066666666665,132.0375,0.8791,0.0,0.0,183.0464111111105,0.0,0.0,10214.5359425,10214.5359425
2025-01-07,2025-01-07T16:40:00,True,789.367980555556,809.102325,1118.1052666666665,86.4916,0.9024,0.0,0.0,222.51134166666634,0.0,0.0,10214.5359425,10214.5359425
2025-01-07,2025-01-07T16:50:00,True,830.4908138888884,840.7718194444445,1102.6086,39.75691666666667,0.9163,0.0,0.0,222.07986388888878,0.0,0.0,10214.5359425,10214.5359425
2025-01-07,2025-01-07T17:00:00,True,861.1010777777776,861.9287444444442,1037.8716666666664,5.26875,0.9264,0.0,0.0,170.6741722222232,0.0,0.0,10214.5359425,10214.5359425
2025-01-07,2025-01-07T17:10:00,True,858.8989888888889,859.588711111111,1013.4569666666666,0.0,0.9462,0.0,0.0,153.86825555555515,0.0,0.0,10214.5359425,10214.5359425
2025-01-07,2025-01-07T17:20:00,True,850.695861111111,851.2476388888888,1022.7238833333333,0.66025,0.9742,0.0,0.0,170.8159944444451,0.0,0.0,10214.5359425,10214.5359425
2025-01-07,2025-01-07T17:30:00,True,846.7322055555554,847.1460388888888,1058.5549999999998,0.0,0.9862,0.0,0.0,211.408961111111,0.0,0.0,10214.5359425,10214.5359425
2025-01-07,2025-01-07T17:40:00,True,867.5925333333333,867.8684222222222,1095.1345999999999,0.0,0.976,0.0,0.0,227.26617777777756,0.0,0.0,10214.5359425,10214.5359425
2025-01-07,2025-01-07T17:50:00,True,796.6253777777778,796.7633222222222,946.9977666666666,0.0474,1.0742,0.0,0.0,150.18704444444484,0.0,0.0,10214.5359425,10214.5359425
2025-01-07,2025-01-07T18:00:00,True,667.4583333333333,712.1733333333333,712.1733333333333,0.0,1.2313,0.0,0.0,0.0,3.6153621807422104e-13,0.0,10214.5359425,10214.5359425
2025-01-07,2025-01-07T18:10:00,True,0.0,296.0710656388884,694.2027666666665,0.0,1.2561,0.0,345.73476769444494,52.396933333333436,0.0,0.0,10214.5359425,9830.386200617284
2025-01-07,2025-01-07T18:20:00,True,661.4627055555555,661.4627055555555,732.0895999999999,0.0034000000000000002,1.2447,0.0,1.5916157281026244e-12,70.62349444444271,0.0,0.0,9830.386200617284,9830.386200617282
2025-01-07,2025-01-07T18:30:00,True,434.3506361111111,665.1972222222221,729.9816666666667,0.0,1.2545,0.0,0.0,64.7844444444446,0.0,0.0,9830.386200617282,9830.386200617282
2025-01-07,2025-01-07T18:40:00,True,652.2569527777778,652.2569527777778,750.15395,0.0,1.2522,0.0,0.0,97.89699722222224,0.0,0.0,9830.386200617282,9830.386200617282
2025-01-07,2025-01-07T18:50:00,True,0.0,0.0,751.1373166666667,0.00025,1.2881,0.0,641.4652194444445,109.67184722222208,0.0,0.0,9830.386200617282,9117.647067901233
2025-01-07,2025-01-07T19:00:00,True,0.0,0.0,733.7933333333333,0.0,1.3466,0.0,733.7933333333333,0.0,0.0,0.0,9117.647067901233,8302.321141975306
2025-01-07,2025-01-07T19:10:00,True,0.0,0.0,747.6879333333333,0.0,1.3523,0.0,747.6879333333333,0.0,0.0,0.0,8302.321141975306,7471.556771604935
2025-01-07,2025-01-07T19:20:00,True,0.0,0.0,757.6117333333333,0.0,1.3445,0.0,757.6117333333333,0.0,0.0,0.0,7471.556771604935,6629.765956790121
2025-01-07,2025-01-07T19:30:00,True,0.0,0.0,742.7633333333333,0.0,1.3483,0.0,742.7633333333333,0.0,0.0,0.0,6629.765956790121,5804.473364197528
2025-01-07,2025-01-07T19:40:00,True,0.0,0.0,717.8656666666667,0.0,1.349,0.0,717.8656666666667,0.0,0.0,0.0,5804.473364197528,5006.844845679009
2025-01-07,2025-01-07T19:50:00,True,0.0,0.0,694.6878833333333,0.0,1.3473,0.0,694.6878833333333,0.0,0.0,0.0,5006.844845679009,4234.9694197530835
2025-01-07,2025-01-07T20:00:00,True,0.0,0.0,694.0033333333333,0.0,1.3482,0.0,694.0033333333333,0.0,0.0,0.0,4234.9694197530835,3463.8546049382685
2025-01-07,2025-01-07T20:10:00,True,0.0,0.0,729.1727166666666,0.0,1.3513,0.0,729.1727166666666,0.0,0.0,0.0,3463.8546049382685,2653.6626975308614
2025-01-07,2025-01-07T20:20:00,True,0.0,0.0,746.2967333333332,0.0,1.34,0.0,18.604405555553058,727.6923277777802,0.0,0.0,2653.6626975308614,2632.991135802469
2025-01-07,2025-01-07T20:30:00,True,0.0,0.0,741.8833333333333,0.0,1.3489,0.0,644.2713888888889,97.61194444444445,0.0,0.0,2632.991135802469,1917.1340370370372
2025-01-07,2025-01-07T20:40:00,True,0.0,0.0,756.4752333333332,0.0,1.3952,0.0,645.4206333333334,111.05459999999994,0.0,0.0,1917.1340370370372,1200.0
2025-01-07,2025-01-07T20:50:00,True,660.7517083333333,660.7517083333333,741.1412999999999,0.0,1.2226,0.0,0.0,80.38959166666655,0.0,0.0,1200.0,1200.0
2025-01-07,2025-01-07T21:00:00,True,677.0091666666666,677.0091666666666,708.5049999999999,0.0,0.9332,0.0,0.0,31.49583333333328,0.0,0.0,1200.0,1200.0
2025-01-07,2025-01-07T21:10:00,True,672.100975,672.100975,724.1612,0.0,0.9068,0.0,0.0,52.06022500000006,0.0,0.0,1200.0,1200.0
2025-01-07,2025-01-07T21:20:00,True,659.2286888888889,659.2286888888889,731.1407999999999,0.0,0.9371,0.0,0.0,71.91211111111102,0.0,0.0,1200.0,1200.0
2025-01-07,2025-01-07T21:30:00,True,663.6772222222222,663.6772222222222,736.515,0.0,0.9371,0.0,0.0,72.83777777777777,0.0,0.0,1200.0,1200.0
2025-01-07,2025-01-07T21:40:00,True,686.4359611111109,686.4359611111109,786.3264666666666,0.0,0.9871,0.0,0.0,99.8905055555557,0.0,0.0,1200.0,1200.0
2025-01-07,2025-01-07T21:50:00,True,626.2400944444444,626.2400944444444,711.90145,0.0,0.7764,0.0,0.0,85.66135555555559,0.0,0.0,1200.0,1200.0
2025-01-07,2025-01-07T22:00:00,True,519.8666666666667,519.8666666666667,559.2916666666666,0.0,0.4209,0.0,0.0,39.424999999999955,0.0,0.0,1200.0,1200.0
2025-01-07,2025-01-07T22:10:00,True,511.7665805555555,511.7665805555555,555.71955,0.0,0.3859,0.0,0.0,43.952969444444534,0.0,0.0,1200.0,1200.0
2025-01-07,2025-01-07T22:20:00,True,526.5003805555556,526.5003805555556,581.2701833333333,0.0,0.4368,0.0,0.0,54.76980277777773,0.0,0.0,1200.0,1200.0
2025-01-07,2025-01-07T22:30:00,True,522.1894444444445,522.1894444444445,562.8116666666666,0.0,0.4198,0.0,0.0,40.62222222222215,0.0,0.0,1200.0,1200.0
2025-01-07,2025-01-07T22:40:00,True,530.6191555555555,530.6191555555555,551.3763833333333,0.0,0.4186,0.0,0.0,20.757227777777757,0.0,0.0,1200.0,1200.0
2025-01-07,2025-01-07T22:50:00,True,519.8496416666667,519.8496416666667,549.1314833333333,0.0,0.4241,0.0,0.0,29.28184166666665,0.0,0.0,1200.0,1200.0
2025-01-07,2025-01-07T23:00:00,True,508.0238888888889,508.0238888888889,557.9616666666666,0.0,0.4237,0.0,0.0,49.93777777777768,0.0,0.0,1200.0,1200.0
2025-01-07,2025-01-07T23:10:00,True,548.0087888888888,548.0087888888888,583.5299333333332,0.0,0.4248,0.0,0.0,35.52114444444442,0.0,0.0,1200.0,1200.0
2025-01-07,2025-01-07T23:20:00,True,567.3958666666667,567.3958666666667,594.66525,0.0,0.424,0.0,0.0,27.26938333333328,0.0,0.0,1200.0,1200.0
2025-01-07,2025-01-07T23:30:00,True,549.458611111111,549.458611111111,591.5566666666666,0.0,0.422,0.0,0.0,42.09805555555556,0.0,0.0,1200.0,1200.0
2025-01-07,2025-01-07T23:40:00,True,548.52625,548.52625,602.1643333333333,0.0,0.424,0.0,0.0,53.63808333333327,0.0,0.0,1200.0,1200.0
2025-01-07,2025-01-07T23:50:00,True,553.1653916666666,553.1653916666666,604.4895833333333,0.0,0.4271,0.0,0.0,51.32419166666671,0.0,0.0,1200.0,1200.0
2025-01-07,2025-01-08T00:00:00,True,554.1456666666666,556.4494444444443,605.035,0.0,0.4276,0.0,0.0,48.58555555555563,0.0,0.0,1200.0,1200.0
2025-01-08,2025-01-08T00:10:00,True,1403.283738095238,1403.283738095238,634.1137833333332,0.0,0.4248,769.1699547619049,0.0,0.0,1.0874003133558009e-13,1.0,1200.0,1892.2529592857145
2025-01-08,2025-01-08T00:20:00,True,1406.2847666666667,1406.2847666666667,652.5348833333333,0.0,0.4245,753.7498833333334,0.0,0.0,0.0,1.0,1892.2529592857145,2570.6278542857144
2025-01-08,2025-01-08T00:30:00,True,1403.0990476190477,1403.0990476190477,626.1716666666666,0.0,0.4269,776.9273809523811,0.0,0.0,0.0,1.0,2570.6278542857144,3269.8624971428576
2025-01-08,2025-01-08T00:40:00,True,1399.7297166666667,1399.7297166666667,566.1060166666666,0.0,0.4272,833.3333333333331,0.0,0.0,0.2903666666669551,1.0,3269.8624971428576,4019.8624971428576
2025-01-08,2025-01-08T00:50:00,True,1399.729438095238,1399.729438095238,567.1729499999999,0.0,0.4271,832.5564880952381,0.0,0.0,0.0,1.0,4019.8624971428576,4769.163336428572
2025-01-08,2025-01-08T01:00:00,True,1409.7004761904764,1409.7004761904764,619.8166666666666,0.0,0.4285,789.8838095238098,0.0,0.0,0.0,1.0,4769.163336428572,5480.058765000001
2025-01-08,2025-01-08T01:10:00,True,1265.6996214285714,1265.6996214285714,621.4441333333333,0.0,0.4311,644.2554880952381,0.0,0.0,0.0,1.0,5480.058765000001,6059.888704285715
2025-01-08,2025-01-08T01:20:00,True,1440.7654738095239,1440.7654738095239,597.452,0.0,0.4302,833.3333333333331,0.0,0.0,9.98014047619074,1.0,6059.888704285715,6809.888704285715
2025-01-08,2025-01-08T01:30:00,True,1428.4659523809523,1428.4659523809523,602.7116666666666,0.0,0.4279,825.7542857142857,0.0,0.0,0.0,1.0,6809.888704285715,7553.067561428572
2025-01-08,2025-01-08T01:40:00,True,583.4601095238095,583.4601095238095,655.6580666666666,0.0,0.4312,0.0,1.4210854715202004e-13,72.197957142857,0.0,0.0,7553.067561428572,7553.067561428572
2025-01-08,2025-01-08T01:50:00,True,591.6003857142857,591.6003857142857,651.8044166666666,0.0,0.4333,0.0,-1.7763568394002505e-13,60.20403095238107,0.0,0.0,7553.067561428572,7553.067561428572
2025-01-08,2025-01-08T02:00:00,True,1443.9392857142857,1443.9392857142857,620.5799999999999,0.0,0.4311,823.3592857142858,0.0,0.0,0.0,1.0,7553.067561428572,8294.09091857143
2025-01-08,2025-01-08T02:10:00,True,1447.8817904761904,1447.8817904761904,684.2158333333333,0.0,0.4293,763.6659571428571,0.0,0.0,0.0,1.0,8294.09091857143,8981.390280000001
2025-01-08,2025-01-08T02:20:00,True,617.9350095238095,617.9350095238095,687.6279,0.0,0.4324,0.0,-1.5631940186722204e-13,69.69289047619058,0.0,0.0,8981.390280000001,8981.390280000001
2025-01-08,2025-01-08T02:30:00,True,627.3947619047619,627.3947619047619,629.6633333333333,0.0,0.4367,0.0,2.0472512574087887e-13,2.2685714285711582,0.0,0.0,8981.390280000001,8981.390280000001
2025-01-08,2025-01-08T02:40:00,True,632.658488095238,632.658488095238,667.8490999999999,0.0,0.4348,0.0,4.973799150320701e-14,35.19061190476186,0.0,0.0,8981.390280000001,8981.390280000001
2025-01-08,2025-01-08T02:50:00,True,629.4530952380953,629.4530952380953,699.57645,0.0,0.4335,0.0,6.821210263296962e-13,70.12335476190401,0.0,0.0,8981.390280000001,8981.390280000001
2025-01-08,2025-01-08T03:00:00,True,625.2780952380953,625.2780952380953,678.0283333333333,0.0,0.4357,0.0,-2.2737367544323206e-13,52.750238095238274,0.0,0.0,8981.390280000001,8981.390280000001
2025-01-08,2025-01-08T03:10:00,True,632.4590714285714,632.4590714285714,667.9764666666666,0.0,0.4374,0.0,7.531752999057062e-13,35.517395238094466,0.0,0.0,8981.390280000001,8981.390280000001
2025-01-08,2025-01-08T03:20:00,True,642.481880952381,642.481880952381,686.3080333333334,0.0,0.4371,0.0,3.623767952376511e-13,43.826152380952045,0.0,0.0,8981.390280000001,8981.390280000001
2025-01-08,2025-01-08T03:30:00,True,644.8445238095238,644.8445238095238,712.835,0.0,0.4356,0.0,6.110667527536862e-13,67.9904761904756,0.0,0.0,8981.390280000001,8981.390280000001
2025-01-08,2025-01-08T03:40:00,True,637.8598023809524,637.8598023809524,717.4963166666666,0.0,0.4353,0.0,7.105427357601002e-13,79.63651428571356,0.0,0.0,8981.390280000001,8981.390280000001
2025-01-08,2025-01-08T03:50:00,True,640.7078928571427,640.7078928571427,724.3644666666667,0.0,0.436,0.0,-4.121147867408581e-13,83.65657380952435,0.0,0.0,8981.390280000001,8981.390280000001
2025-01-08,2025-01-08T04:00:00,True,653.6161904761904,653.6161904761904,740.1066666666667,0.0,0.4378,0.0,-1.8474111129762605e-13,86.49047619047651,0.0,0.0,8981.390280000001,8981.390280000001
2025-01-08,2025-01-08T04:10:00,True,657.1882047619048,657.1882047619048,741.62825,0.0,0.4401,0.0,0.0,84.4400452380952,0.0,0.0,8981.390280000001,8981.390280000001
2025-01-08,2025-01-08T04:20:00,True,650.3678547619047,650.3678547619047,713.5997333333332,0.0,0.4389,0.0,0.0,63.231878571428524,0.0,0.0,8981.390280000001,8981.390280000001
2025-01-08,2025-01-08T04:30:00,True,643.8595238095237,643.8595238095237,688.8083333333334,0.0,0.4364,0.0,0.0,44.9488095238097,0.0,0.0,8981.390280000001,8981.390280000001
2025-01-08,2025-01-08T04:40:00,True,650.2874619047618,650.2874619047618,715.7632666666666,0.0,0.4393,0.0,0.0,65.47580476190478,0.0,0.0,8981.390280000001,8981.390280000001
2025-01-08,2025-01-08T04:50:00,True,662.3519666666667,662.3519666666667,726.0193833333333,0.0,0.4422,0.0,0.0,63.667416666666554,0.0,0.0,8981.390280000001,8981.390280000001
2025-01-08,2025-01-08T05:00:00,True,668.5397619047619,668.5397619047619,700.7333333333332,0.0,0.4395,0.0,0.0,32.19357142857132,0.0,0.0,8981.390280000001,8981.390280000001
2025-01-08,2025-01-08T05:10:00,True,663.3769238095238,663.3769238095238,688.2134833333332,0.0,0.4333,0.0,0.0,24.836559523809456,0.0,0.0,8981.390280000001,8981.390280000001
2025-01-08,2025-01-08T05:20:00,True,661.2875119047619,661.2875119047619,688.1272666666666,0.0,0.4439,0.0,0.0,26.839754761904715,0.0,0.0,8981.390280000001,8981.390280000001
2025-01-08,2025-01-08T05:30:00,True,1494.8340476190474,1494.8340476190474,690.0316666666665,0.0,0.4301,804.8023809523809,0.0,0.0,0.0,1.0,8981.390280000001,9705.712422857145
2025-01-08,2025-01-08T05:40:00,True,1493.4494738095236,1493.4494738095236,705.6226833333333,0.0023,0.3713,787.8290904761903,0.0,0.0,0.0,1.0,9705.712422857145,10414.758604285717
2025-01-08,2025-01-08T05:50:00,True,716.7311047619048,716.7311047619048,815.7728833333333,0.0,0.5708,0.0,0.0,99.04177857142895,0.0,0.0,10414.758604285717,10414.758604285717
2025-01-08,2025-01-08T06:00:00,True,801.8340476190476,801.8340476190476,943.6016666666666,0.0,0.9099,0.0,141.76761904761895,0.0,0.0,0.0,10414.758604285717,10257.23902756614
2025-01-08,2025-01-08T06:10:00,True,0.0,0.0,920.9554833333333,0.032016666666666665,0.9368,0.0,833.3333333333326,87.59013333333405,0.0,0.0,10257.23902756614,9331.313101640215
2025-01-08,2025-01-08T06:20:00,True,809.8641619047617,809.8641619047617,905.84575,0.0,0.8758,0.0,95.9815880952383,0.0,0.0,0.0,9331.313101640215,9224.666892645506
2025-01-08,2025-01-08T06:30:00,True,811.9402476190475,811.9402476190475,939.4583333333333,0.0,0.8759,0.0,127.5180857142858,0.0,0.0,0.0,9224.666892645506,9082.980130740743
2025-01-08,2025-01-08T06:40:00,True,806.9746023809525,806.9746023809525,911.0178666666667,0.446,0.8601,0.0,6.9126531587333915,96.68461112698073,0.0,0.0,9082.980130740743,9075.299405008818
2025-01-08,2025-01-08T06:50:00,True,808.3543380952381,808.3543380952381,898.1154166666666,0.0,0.8442,0.0,0.0,89.76107857142858,0.0,0.0,9075.299405008818,9075.299405008818
2025-01-08,2025-01-08T07:00:00,True,819.4381142857142,819.4381142857142,915.05,5.5249999999999995,0.8334,0.0,0.0,90.08688571428581,0.0,0.0,9075.299405008818,9075.299405008818
2025-01-08,2025-01-08T07:10:00,True,789.8608626984126,789.8608626984126,897.4513166666667,34.80186666666667,0.8092,0.0,0.0,72.78858730158743,0.0,0.0,9075.299405008818,9075.299405008818
2025-01-08,2025-01-08T07:20:00,True,757.9363682539683,757.9363682539683,911.3311333333332,74.30951666666667,0.7972,0.0,0.0,79.0852484126982,0.0,0.0,9075.299405008818,9075.299405008818
2025-01-08,2025-01-08T07:30:00,True,705.3458595238096,705.3458595238096,936.4366666666666,115.26874999999998,0.7644,0.0,0.0,115.82205714285703,0.0,0.0,9075.299405008818,9075.299405008818
2025-01-08,2025-01-08T07:40:00,True,1465.8554388888888,1465.8554388888888,903.03415,159.60953333333333,0.6899,722.4308222222221,0.0,0.0,0.0,1.0,9075.299405008818,9725.487145008818
2025-01-08,2025-01-08T07:50:00,True,687.6445515873015,687.6445515873015,1009.9657333333332,208.5796333333333,0.86,0.0,0.0,113.74154841269842,0.0,0.0,9725.487145008818,9725.487145008818
2025-01-08,2025-01-08T08:00:00,True,0.0,0.0,1208.5516666666667,261.20624999999995,1.1617,0.0,833.3333333333334,114.01208333333341,0.0,0.0,9725.487145008818,8799.561219082892
2025-01-08,2025-01-08T08:10:00,True,0.0,0.0,1233.3754833333332,315.2749333333333,1.1683,0.0,833.3333333333334,84.76721666666651,0.0,0.0,8799.561219082892,7873.635293156966
2025-01-08,2025-01-08T08:20:00,True,0.0,0.0,1209.5204666666666,370.8334333333333,1.0956,0.0,833.3333333333334,5.3537000000000035,0.0,0.0,7873.635293156966,6947.70936723104
2025-01-08,2025-01-08T08:30:00,True,0.0,0.0,1215.3866666666665,417.275,1.0849,0.0,798.1116666666666,0.0,0.0,0.0,6947.70936723104,6060.9186264903
2025-01-08,2025-01-08T08:40:00,True,0.0,0.0,1200.41325,444.4204,1.061,0.0,755.9928500000001,0.0,0.0,0.0,6060.9186264903,5220.926570934745
2025-01-08,2025-01-08T08:50:00,True,0.0,0.0,1188.2149333333332,486.9480166666666,1.043,0.0,701.2669166666666,0.0,0.0,0.0,5220.926570934745,4441.741107971782
2025-01-08,2025-01-08T09:00:00,True,0.0,0.0,1197.475,549.525,1.036,0.0,647.9499999999999,0.0,0.0,0.0,4441.741107971782,3721.796663527338
2025-01-08,2025-01-08T09:10:00,True,0.0,0.0,1214.1881166666667,600.3951999999999,1.0147,0.0,613.7929166666668,0.0,0.0,0.0,3721.796663527338,3039.804533897708
2025-01-08,2025-01-08T09:20:00,True,0.0,0.0,1196.6387666666665,628.4017833333332,0.9922,0.0,568.2369833333332,0.0,0.0,0.0,3039.804533897708,2408.4301079717825
2025-01-08,2025-01-08T09:30:00,True,0.0,0.0,1156.6816666666666,648.375,0.97,0.0,317.5089098730171,190.7977567936495,0.0,0.0,2408.4301079717825,2055.642430335097
2025-01-08,2025-01-08T09:40:00,True,0.0,0.0,1150.6689,684.1587333333333,0.9422,0.0,-0.0,466.5101666666666,0.0,0.0,2055.642430335097,2055.642430335097
2025-01-08,2025-01-08T09:50:00,True,0.0,0.0,1171.6042333333332,715.4128333333333,0.9569,0.0,0.0,456.19139999999993,0.0,0.0,2055.642430335097,2055.642430335097
2025-01-08,2025-01-08T10:00:00,True,0.0,0.0,1185.7616666666665,739.94375,0.9977,0.0,445.81791666666675,0.0,0.0,0.0,2055.642430335097,1560.289189594356
2025-01-08,2025-01-08T10:10:00,True,0.0,0.0,1168.0045833333334,775.2897666666665,0.9919,0.0,324.2602706349204,68.45454603174642,0.0,0.0,1560.289189594356,1200.0
2025-01-08,2025-01-08T10:20:00,True,0.0,0.0,1165.8362833333333,801.5973333333333,0.9588,0.0,0.0,364.23895000000005,0.0,0.0,1200.0,1200.0
2025-01-08,2025-01-08T10:30:00,True,0.0,0.0,1184.9416666666666,819.9875,0.9549,0.0,0.0,364.95416666666665,0.0,0.0,1200.0,1200.0
2025-01-08,2025-01-08T10:40:00,True,0.0,0.0,1183.3013833333332,852.9138166666667,0.9839,0.0,0.0,330.38756666666654,0.0,0.0,1200.0,1200.0
2025-01-08,2025-01-08T10:50:00,True,260.76931071428544,260.76931071428544,1168.4708333333333,886.3496666666666,0.799,0.0,0.0,21.351855952381243,0.0,0.0,1200.0,1200.0
2025-01-08,2025-01-08T11:00:00,True,1072.4010880952383,1072.4010880952383,1161.7083333333333,914.3999999999999,0.5025,65.85530565843429,0.0,0.0,759.2374491034707,1.0,1200.0,1259.2697750925909
2025-01-08,2025-01-08T11:10:00,True,1070.3251753968252,1070.3251753968252,1174.02045,947.9933166666666,0.4662,0.0,0.0,0.0,844.2980420634918,0.0,1259.2697750925909,1259.2697750925909
2025-01-08,2025-01-08T11:20:00,True,1076.825731746032,1076.825731746032,1174.2303166666666,994.0507333333333,0.5007,833.0921333333339,0.0,0.0,63.55401507936483,1.0,1259.2697750925909,2009.0526950925914
2025-01-08,2025-01-08T11:30:00,True,1089.4691095238097,1089.4691095238097,1152.8916666666667,1036.7375,0.4827,0.0,0.0,0.0,973.314942857143,0.0,2009.0526950925914,2009.0526950925914
2025-01-08,2025-01-08T11:40:00,True,1092.5188301587302,1092.5188301587302,1134.0515166666667,1049.6528833333332,0.4785,-0.0,0.0,0.0,1008.1201968253968,0.0,2009.0526950925914,2009.0526950925914
2025-01-08,2025-01-08T11:50:00,True,1074.7655412698414,1074.7655412698414,1144.2158333333332,1049.5210666666667,0.4662,833.3333333333333,0.0,0.0,146.7374412698416,1.0,2009.0526950925914,2759.0526950925914
2025-01-08,2025-01-08T12:00:00,True,1045.9111785714285,1045.9111785714285,1156.0166666666667,1044.65625,0.4432,833.3333333333334,0.0,0.0,101.21742857142851,1.0,2759.0526950925914,3509.0526950925914
2025-01-08,2025-01-08T12:10:00,True,1020.9682357142858,1020.9682357142858,1116.1826333333333,1031.4342166666665,0.4411,833.3333333333334,0.0,0.0,102.88648571428564,1.0,3509.0526950925914,4259.052695092591
2025-01-08,2025-01-08T12:20:00,True,1010.4018119047621,1010.4018119047621,1081.727483333333,1034.6995333333332,0.4551,833.3333333333333,0.0,0.0,130.04052857142892,1.0,4259.052695092591,5009.052695092591
2025-01-08,2025-01-08T12:30:00,True,1006.4716142857144,1006.4716142857144,1077.85,1052.71875,0.4463,833.3333333333334,0.0,0.0,148.00703095238111,1.0,5009.052695092591,5759.052695092591
2025-01-08,2025-01-08T12:40:00,True,1001.9237238095238,1001.9237238095238,1079.31225,1057.75655,0.4113,833.3333333333334,0.0,0.0,147.03469047619058,1.0,5759.052695092591,6509.052695092591
2025-01-08,2025-01-08T12:50:00,True,1005.3084928571428,1005.3084928571428,1097.6717333333331,1052.9866333333332,0.5682,833.3333333333334,0.0,0.0,127.29005952380953,1.0,6509.052695092591,7259.052695092591
2025-01-08,2025-01-08T13:00:00,True,180.14633571428578,180.14633571428578,1122.9016666666666,1033.3374999999999,0.8279,90.582169047619,0.0,0.0,0.0,1.0,7259.052695092591,7340.576647235449
2025-01-08,2025-01-08T13:10:00,True,223.87257738095218,223.87257738095218,1126.4687333333331,986.5188166666667,0.8636,83.92266071428571,0.0,0.0,0.0,1.0,7340.576647235449,7416.1070418783065
2025-01-08,2025-01-08T13:20:00,True,271.1889380952382,271.1889380952382,1130.1795166666666,936.2877666666666,0.8416,77.2971880952382,0.0,0.0,0.0,1.0,7416.1070418783065,7485.674511164021
2025-01-08,2025-01-08T13:30:00,True,308.96247500000015,308.96247500000015,1136.8483333333334,905.19375,0.8618,77.30789166666682,0.0,0.0,0.0,1.0,7485.674511164021,7555.2516136640215
2025-01-08,2025-01-08T13:40:00,True,314.32969523809504,314.32969523809504,1123.7989833333331,894.2333166666667,0.8623,84.76402857142864,0.0,0.0,0.0,1.0,7555.2516136640215,7631.539239378308
2025-01-08,2025-01-08T13:50:00,True,344.70508690476197,344.70508690476197,1094.3851,861.9684333333332,0.9026,112.28842023809523,0.0,0.0,0.0,1.0,7631.539239378308,7732.598817592593
2025-01-08,2025-01-08T14:00:00,True,0.0,0.0,1065.6666666666665,806.0625,0.9754,0.0,0.0,259.6041666666665,0.0,0.0,7732.598817592593,7732.598817592593
2025-01-08,2025-01-08T14:10:00,True,0.0,0.0,1056.8727666666666,761.8072333333332,1.0002,0.0,238.47942230158424,56.58611103174917,0.0,0.0,7732.598817592593,7467.621681701944
2025-01-08,2025-01-08T14:20:00,True,0.0,0.0,1068.3543833333333,717.4595999999999,0.9978,0.0,1.1368683772161603e-12,350.89478333333227,0.0,0.0,7467.621681701944,7467.621681701943
2025-01-08,2025-01-08T14:30:00,True,0.0,0.0,1091.98,667.96875,1.0271,0.0,296.3522988095233,127.65895119047673,0.0,0.0,7467.621681701943,7138.341349691362
2025-01-08,2025-01-08T14:40:00,True,0.0,0.0,1114.0574333333334,624.4406666666666,1.0906,0.0,347.3136222222241,142.30314444444267,0.0,0.0,7138.341349691362,6752.437325000002
2025-01-08,2025-01-08T14:50:00,True,0.0,197.08910166667167,1114.4632166666665,586.5727499999999,0.9376,0.0,-3.126388037344441e-12,330.80136499999804,0.0,0.0,6752.437325000002,6752.437325000005
2025-01-08,2025-01-08T15:00:00,True,1411.1829238095238,1411.1829238095238,1095.6416666666667,549.80625,0.6694,833.3333333333334,0.0,0.0,32.014173809523754,1.0,6752.437325000005,7502.437325000005
2025-01-08,2025-01-08T15:10:00,True,1446.6048261904762,1446.6048261904762,1078.7497833333332,509.50488333333334,0.66,833.3333333333334,0.0,0.0,44.02659285714287,1.0,7502.437325000005,8252.437325000006
2025-01-08,2025-01-08T15:20:00,True,1470.7828619047618,1470.7828619047618,1063.41825,465.36465,0.7217,833.3333333333334,0.0,0.0,39.3959285714285,1.0,8252.437325000006,9002.437325000006
2025-01-08,2025-01-08T15:30:00,True,1483.3184595238095,1483.3184595238095,1047.3333333333333,415.025,0.7308,833.3333333333334,0.0,0.0,17.6767928571428,1.0,9002.437325000006,9752.437325000006
2025-01-08,2025-01-08T15:40:00,True,1480.1040222222223,1480.1040222222223,1038.7557166666666,357.16395,0.7534,798.5122555555557,0.0,0.0,0.0,1.0,9752.437325000006,10471.098355000006
2025-01-08,2025-01-08T15:50:00,True,727.083119047619,727.083119047619,1069.7995666666666,306.45861666666667,0.7823,0.0,0.0,36.257830952380914,0.0,0.0,10471.098355000006,10471.098355000006
2025-01-08,2025-01-08T16:00:00,True,750.2558999999999,750.2558999999999,1095.815,264.17499999999995,0.8055,0.0,0.0,81.38410000000113,0.0,0.0,10471.098355000006,10471.098355000006
2025-01-08,2025-01-08T16:10:00,True,773.8537706349208,773.8537706349208,1037.4018666666666,218.2323,0.8271,0.0,0.0,45.315796031745776,0.0,0.0,10471.098355000006,10471.098355000006
2025-01-08,2025-01-08T16:20:00,True,793.676279365079,793.676279365079,1001.92515,172.69129999999998,0.8519,0.0,0.0,35.55757063492092,0.0,0.0,10471.098355000006,10471.098355000006
2025-01-08,2025-01-08T16:30:00,True,818.6690404761905,818.6690404761905,1031.0233333333333,130.08124999999998,0.8791,0.0,0.0,82.27304285714308,0.0,0.0,10471.098355000006,10471.098355000006
2025-01-08,2025-01-08T16:40:00,True,859.0032039682542,859.0032039682542,1058.2079666666666,87.23024999999998,0.9024,0.0,0.0,111.97451269841258,0.0,0.0,10471.098355000006,10471.098355000006
2025-01-08,2025-01-08T16:50:00,True,880.357979365079,880.357979365079,1041.3350833333334,41.834966666666666,0.9163,0.0,0.0,119.14213730158735,0.0,0.0,10471.098355000006,10471.098355000006
2025-01-08,2025-01-08T17:00:00,True,885.6676571428569,885.6676571428569,1026.2716666666665,6.3999999999999995,0.9264,0.0,0.0,134.20400952380987,0.0,0.0,10471.098355000006,10471.098355000006
2025-01-08,2025-01-08T17:10:00,True,880.4067317460317,880.4067317460317,1086.1207,0.0,0.9462,0.0,0.0,205.71396825396914,0.0,0.0,10471.098355000006,10471.098355000006
2025-01-08,2025-01-08T17:20:00,True,874.8137182539682,874.8137182539682,1088.5671666666667,0.5872499999999999,0.9742,0.0,0.0,213.16619841269858,0.0,0.0,10471.098355000006,10471.098355000006
2025-01-08,2025-01-08T17:30:00,True,876.6494238095238,876.6494238095238,1039.1533333333332,0.0,0.9862,0.0,0.0,162.50390952380985,0.0,0.0,10471.098355000006,10471.098355000006
2025-01-08,2025-01-08T17:40:00,True,899.8697555555555,899.8697555555555,1050.8732666666665,0.0,0.976,0.0,0.0,151.00351111111195,0.0,0.0,10471.098355000006,10471.098355000006
2025-01-08,2025-01-08T17:50:00,True,817.992753968254,817.992753968254,921.0365499999999,0.042166666666666665,1.0742,0.0,0.0,103.00162936507877,0.0,0.0,10471.098355000006,10471.098355000006
2025-01-08,2025-01-08T18:00:00,True,673.8461904761905,704.9683333333334,704.9683333333334,0.0,1.2313,0.0,0.0,0.0,2.02424597528506e-13,0.0,10471.098355000006,10471.098355000006
2025-01-08,2025-01-08T18:10:00,True,0.0,222.08316621427957,688.5141,0.0,1.2561,0.0,427.2079433095283,39.222990476193445,0.0,0.0,10471.098355000006,9996.422862433863
2025-01-08,2025-01-08T18:20:00,True,671.5522619047618,671.5522619047618,730.1875666666666,0.003033333333333333,1.2447,0.0,7.105427357601002e-14,58.6322714285714,0.0,0.0,9996.422862433863,9996.422862433863
2025-01-08,2025-01-08T18:30:00,True,600.5238285714275,674.4521428571427,730.135,0.0,1.2545,0.0,-3.126388037344441e-13,55.682857142857614,0.0,0.0,9996.422862433863,9996.422862433863
2025-01-08,2025-01-08T18:40:00,True,666.2422380952381,666.2422380952381,728.8338,0.0,1.2522,0.0,1.8189894035458565e-12,62.591561904760056,0.0,0.0,9996.422862433863,9996.422862433861
2025-01-08,2025-01-08T18:50:00,True,0.0,0.0,720.3681499999999,0.00021666666666666666,1.2881,0.0,657.132661904761,63.23527142857219,0.0,0.0,9996.422862433861,9266.27546031746
2025-01-08,2025-01-08T19:00:00,True,0.0,0.0,709.3599999999999,0.0,1.3466,0.0,709.3599999999999,0.0,0.0,0.0,9266.27546031746,8478.097682539683
2025-01-08,2025-01-08T19:10:00,True,0.0,0.0,715.7542666666666,0.0,1.3523,0.0,715.7542666666666,0.0,0.0,0.0,8478.097682539683,7682.8151640211645
2025-01-08,2025-01-08T19:20:00,True,0.0,0.0,725.89945,0.0,1.3445,0.0,725.89945,0.0,0.0,0.0,7682.8151640211645,6876.26021957672
2025-01-08,2025-01-08T19:30:00,True,0.0,0.0,725.3383333333333,0.0,1.3483,0.0,725.3383333333333,0.0,0.0,0.0,6876.26021957672,6070.328738095239
2025-01-08,2025-01-08T19:40:00,True,0.0,0.0,716.5708,0.0,1.349,0.0,716.5708,0.0,0.0,0.0,6070.328738095239,5274.138960317461
2025-01-08,2025-01-08T19:50:00,True,0.0,0.0,735.6900666666667,0.0,1.3473,0.0,735.6900666666667,0.0,0.0,0.0,5274.138960317461,4456.7055529100535
2025-01-08,2025-01-08T20:00:00,True,0.0,0.0,763.0566666666666,0.0,1.3482,0.0,763.0566666666666,0.0,0.0,0.0,4456.7055529100535,3608.8648121693127
2025-01-08,2025-01-08T20:10:00,True,0.0,0.0,741.1062833333333,0.0,1.3513,0.0,741.1062833333333,0.0,0.0,0.0,3608.8648121693127,2785.413386243387
2025-01-08,2025-01-08T20:20:00,True,0.0,0.0,715.34615,0.0,1.34,0.0,107.37051904761972,607.9756309523802,0.0,0.0,2785.413386243387,2666.1128095238096
2025-01-08,2025-01-08T20:30:00,True,0.0,0.0,725.73,0.0,1.3489,0.0,658.2159523809524,67.51404761904762,0.0,0.0,2666.1128095238096,1934.7617513227515
2025-01-08,2025-01-08T20:40:00,True,0.0,0.0,765.65875,0.0,1.3952,0.0,661.2855761904763,104.37317380952379,0.0,0.0,1934.7617513227515,1200.0
2025-01-08,2025-01-08T20:50:00,True,672.2359357142857,672.2359357142857,773.9436999999999,0.0,1.2226,0.0,0.0,101.70776428571423,0.0,0.0,1200.0,1200.0
2025-01-08,2025-01-08T21:00:00,True,681.5085714285714,681.5085714285714,756.2033333333334,0.0,0.9332,0.0,0.0,74.694761904762,0.0,0.0,1200.0,1200.0
2025-01-08,2025-01-08T21:10:00,True,679.53815,679.53815,767.8431833333334,0.0,0.9068,0.0,0.0,88.30503333333343,0.0,0.0,1200.0,1200.0
2025-01-08,2025-01-08T21:20:00,True,669.5018476190477,669.5018476190477,748.1819833333334,0.0,0.9371,0.0,0.0,78.68013571428571,0.0,0.0,1200.0,1200.0
2025-01-08,2025-01-08T21:30:00,True,674.082619047619,674.082619047619,724.3933333333332,0.0,0.9371,0.0,0.0,50.3107142857142,0.0,0.0,1200.0,1200.0
2025-01-08,2025-01-08T21:40:00,True,700.7060333333332,700.7060333333332,771.7817333333334,0.0,0.9871,0.0,0.0,71.07570000000021,0.0,0.0,1200.0,1200.0
2025-01-08,2025-01-08T21:50:00,True,638.4774309523809,638.4774309523809,699.6481666666666,0.0,0.7764,0.0,0.0,61.170735714285684,0.0,0.0,1200.0,1200.0
2025-01-08,2025-01-08T22:00:00,True,525.4988095238094,525.4988095238094,533.8833333333333,0.0,0.4209,0.0,0.0,8.384523809523898,0.0,0.0,1200.0,1200.0
2025-01-08,2025-01-08T22:10:00,True,518.0455761904761,518.0455761904761,506.91411666666664,0.0,0.3859,11.131459523809704,0.0,0.0,-5.970623075311568e-14,1.0,1200.0,1210.0183135714287
2025-01-08,2025-01-08T22:20:00,True,534.324638095238,534.324638095238,542.7825166666667,0.0,0.4368,0.0,8.45787857142866,0.0,0.0,0.0,1210.0183135714287,1200.6206707142858
2025-01-08,2025-01-08T22:30:00,True,527.9926190476191,527.9926190476191,553.7533333333333,0.0,0.4198,0.0,0.5586036428572015,25.202110642856844,0.0,0.0,1200.6206707142858,1200.0
2025-01-08,2025-01-08T22:40:00,True,533.5844738095237,533.5844738095237,537.2946833333333,0.0,0.4186,0.0,0.0,3.710209523809567,0.0,0.0,1200.0,1200.0
2025-01-08,2025-01-08T22:50:00,True,524.032761904762,524.032761904762,553.9089166666666,0.0,0.4241,0.0,0.0,29.876154761904672,0.0,0.0,1200.0,1200.0
2025-01-08,2025-01-08T23:00:00,True,515.1578571428571,515.1578571428571,588.045,0.0,0.4237,0.0,0.0,72.88714285714286,0.0,0.0,1200.0,1200.0
2025-01-08,2025-01-08T23:10:00,True,553.083238095238,553.083238095238,568.9827666666666,0.0,0.4248,0.0,0.0,15.899528571428618,0.0,0.0,1200.0,1200.0
2025-01-08,2025-01-08T23:20:00,True,571.2914928571429,571.2914928571429,565.6842999999999,0.0,0.424,5.607192857143117,0.0,0.0,-3.41971623153009e-14,1.0,1200.0,1205.0464735714288
2025-01-08,2025-01-08T23:30:00,True,555.4726190476191,555.4726190476191,594.7416666666666,0.0,0.422,0.0,4.5418262142859245,34.727221404761515,0.0,0.0,1205.0464735714288,1200.0
2025-01-08,2025-01-08T23:40:00,True,556.1888333333333,556.1888333333333,602.7068666666667,0.0,0.424,0.0,0.0,46.51803333333339,0.0,0.0,1200.0,1200.0
2025-01-08,2025-01-08T23:50:00,True,560.4974190476189,560.4974190476189,607.5746999999999,0.0,0.4271,0.0,0.0,47.07728095238099,0.0,0.0,1200.0,1200.0
2025-01-08,2025-01-09T00:00:00,True,556.4494444444443,563.390238095238,610.64,0.0,0.4276,0.0,0.0,47.249761904761954,0.0,0.0,1200.0,1200.0
2025-01-09,2025-01-09T00:10:00,True,1411.3041604166665,1411.3041604166665,593.6329,0.0,0.4248,817.6712604166662,0.0,0.0,3.0869607441240555e-13,1.0,1200.0,1935.9041343749996
2025-01-09,2025-01-09T00:20:00,True,1416.2326979166667,1416.2326979166667,599.5246833333333,0.0,0.4245,816.7080145833334,0.0,0.0,0.0,1.0,1935.9041343749996,2670.9413474999997
2025-01-09,2025-01-09T00:30:00,True,1410.1497916666667,1410.1497916666667,627.2983333333333,0.0,0.4269,782.8514583333334,0.0,0.0,0.0,1.0,2670.9413474999997,3375.5076599999998
2025-01-09,2025-01-09T00:40:00,True,1399.6934208333332,1399.6934208333332,633.51145,0.0,0.4272,766.1819708333333,0.0,0.0,0.0,1.0,3375.5076599999998,4065.07143375
2025-01-09,2025-01-09T00:50:00,True,1399.82654375,1399.82654375,642.2027499999999,0.0,0.4271,757.62379375,0.0,0.0,0.0,1.0,4065.07143375,4746.9328481249995
2025-01-09,2025-01-09T01:00:00,True,1415.1316666666667,1415.1316666666667,659.1383333333333,0.0,0.4285,755.9933333333333,0.0,0.0,0.0,1.0,4746.9328481249995,5427.326848125
2025-01-09,2025-01-09T01:10:00,True,1268.50101875,1268.50101875,662.83455,0.0,0.4311,605.6664687499999,0.0,0.0,0.0,1.0,5427.326848125,5972.42667
2025-01-09,2025-01-09T01:20:00,True,1439.5179562500002,1439.5179562500002,664.9293333333333,0.0,0.4302,774.588622916667,0.0,0.0,0.0,1.0,5972.42667,6669.556430625
2025-01-09,2025-01-09T01:30:00,True,1429.4133333333334,1429.4133333333334,661.2866666666666,0.0,0.4279,768.1266666666668,0.0,0.0,0.0,1.0,6669.556430625,7360.870430625
2025-01-09,2025-01-09T01:40:00,True,592.4848541666667,592.4848541666667,640.2898166666666,0.0,0.4312,0.0,0.0,47.80496249999999,0.0,0.0,7360.870430625,7360.870430625
2025-01-09,2025-01-09T01:50:00,True,599.1258895833333,599.1258895833333,654.3395833333333,0.0,0.4333,0.0,-1.7763568394002505e-13,55.213693750000125,0.0,0.0,7360.870430625,7360.870430625
2025-01-09,2025-01-09T02:00:00,True,1445.1860416666668,1445.1860416666668,684.5016666666667,0.0,0.4311,760.6843750000002,0.0,0.0,0.0,1.0,7360.870430625,8045.486368125001
2025-01-09,2025-01-09T02:10:00,True,1456.5902125,1456.5902125,661.4266666666666,0.0,0.4293,795.1635458333334,0.0,0.0,0.0,1.0,8045.486368125001,8761.133559375001
2025-01-09,2025-01-09T02:20:00,True,626.6466208333334,626.6466208333334,659.6080333333333,0.0,0.4324,0.0,-2.4868995751603507e-13,32.961412500000186,0.0,0.0,8761.133559375001,8761.133559375001
2025-01-09,2025-01-09T02:30:00,True,627.6783333333333,627.6783333333333,678.3316666666666,0.0,0.4367,0.0,3.907985046680551e-13,50.65333333333292,0.0,0.0,8761.133559375001,8761.133559375001
2025-01-09,2025-01-09T02:40:00,True,637.0573145833332,637.0573145833332,646.8873166666666,0.0,0.4348,0.0,5.240252676230739e-13,9.830002083332873,0.0,0.0,8761.133559375001,8761.133559375001
2025-01-09,2025-01-09T02:50:00,True,638.2185145833334,638.2185145833334,657.0931333333333,0.0,0.4335,0.0,-7.709388682997087e-13,18.874618750000625,0.0,0.0,8761.133559375001,8761.133559375001
2025-01-09,2025-01-09T03:00:00,True,631.871875,631.871875,705.8799999999999,0.0,0.4357,0.0,-8.100187187665142e-13,74.00812500000065,0.0,0.0,8761.133559375001,8761.133559375001
2025-01-09,2025-01-09T03:10:00,True,636.8987458333334,636.8987458333334,694.448,0.0,0.4374,0.0,7.105427357601002e-13,57.54925416666592,0.0,0.0,8761.133559375001,8761.133559375001
2025-01-09,2025-01-09T03:20:00,True,647.96015,647.96015,684.30345,0.0,0.4371,0.0,-6.323830348264892e-13,36.34330000000063,0.0,0.0,8761.133559375001,8761.133559375001
2025-01-09,2025-01-09T03:30:00,True,653.3433333333334,653.3433333333334,692.5983333333334,0.0,0.4356,0.0,-1.1368683772161603e-13,39.25500000000011,0.0,0.0,8761.133559375001,8761.133559375001
2025-01-09,2025-01-09T03:40:00,True,647.8143666666666,647.8143666666666,672.86195,0.0,0.4353,0.0,-3.836930773104541e-13,25.047583333333748,0.0,0.0,8761.133559375001,8761.133559375001
2025-01-09,2025-01-09T03:50:00,True,651.1649645833332,651.1649645833332,665.6706166666667,0.0,0.436,0.0,7.744915819785092e-13,14.505652083332642,0.0,0.0,8761.133559375001,8761.133559375001
2025-01-09,2025-01-09T04:00:00,True,664.4274999999999,664.4274999999999,684.3433333333334,0.0,0.4378,0.0,1.8118839761882555e-13,19.915833333333286,0.0,0.0,8761.133559375001,8761.133559375001
2025-01-09,2025-01-09T04:10:00,True,667.7432104166667,667.7432104166667,696.5685333333332,0.0,0.4401,0.0,0.0,28.82532291666655,0.0,0.0,8761.133559375001,8761.133559375001
2025-01-09,2025-01-09T04:20:00,True,658.2718395833333,658.2718395833333,688.2587833333333,0.0,0.4389,0.0,0.0,29.986943750000023,0.0,0.0,8761.133559375001,8761.133559375001
2025-01-09,2025-01-09T04:30:00,True,649.4781249999999,649.4781249999999,670.7583333333333,0.0,0.4364,0.0,0.0,21.280208333333462,0.0,0.0,8761.133559375001,8761.133559375001
2025-01-09,2025-01-09T04:40:00,True,658.4719375,658.4719375,670.3511333333333,0.0,0.4393,0.0,0.0,11.87919583333337,0.0,0.0,8761.133559375001,8761.133559375001
2025-01-09,2025-01-09T04:50:00,True,670.31039375,670.31039375,691.0580333333334,0.0,0.4422,0.0,0.0,20.747639583333353,0.0,0.0,8761.133559375001,8761.133559375001
2025-01-09,2025-01-09T05:00:00,True,672.5639583333334,672.5639583333334,714.8266666666666,0.0,0.4395,0.0,0.0,42.262708333333194,0.0,0.0,8761.133559375001,8761.133559375001
2025-01-09,2025-01-09T05:10:00,True,666.4814937499999,666.4814937499999,719.9364166666666,0.0,0.4333,0.0,0.0,53.454922916666646,0.0,0.0,8761.133559375001,8761.133559375001
2025-01-09,2025-01-09T05:20:00,True,664.64248125,664.64248125,732.0130999999999,0.0,0.4439,0.0,0.0,67.37061874999995,0.0,0.0,8761.133559375001,8761.133559375001
2025-01-09,2025-01-09T05:30:00,True,1498.4004166666666,1498.4004166666666,717.7866666666666,0.0,0.4301,780.61375,0.0,0.0,0.0,1.0,8761.133559375001,9463.685934375
2025-01-09,2025-01-09T05:40:00,True,1499.1377916666665,1499.1377916666665,643.6599666666666,0.0023,0.3713,833.3333333333334,0.0,0.0,22.14679166666656,1.0,9463.685934375,10213.685934375
2025-01-09,2025-01-09T05:50:00,True,729.1113270833333,729.1113270833333,742.2176666666666,0.0,0.5708,0.0,0.0,13.106339583333465,0.0,0.0,10213.685934375,10213.685934375
2025-01-09,2025-01-09T06:00:00,True,427.0690729166656,570.7008748124949,945.8383333333333,0.0,0.9099,0.0,375.13745852083827,0.0,0.0,0.0,10213.685934375,9796.866536018513
2025-01-09,2025-01-09T06:10:00,True,0.0,0.0,940.9293666666667,0.032016666666666665,0.9368,0.0,823.4306333333286,117.46671666667146,0.0,0.0,9796.866536018513,8881.943610092592
2025-01-09,2025-01-09T06:20:00,True,821.1561104166665,821.1561104166665,891.9264166666667,0.0,0.8758,0.0,0.0,70.7703062500002,0.0,0.0,8881.943610092592,8881.943610092592
2025-01-09,2025-01-09T06:30:00,True,826.8213833333332,826.8213833333332,900.0183333333332,0.0,0.8759,0.0,0.0,73.19695000000002,0.0,0.0,8881.943610092592,8881.943610092592
2025-01-09,2025-01-09T06:40:00,True,818.5685104166668,818.5685104166668,898.1990666666667,0.4459666666666667,0.8601,0.0,0.0,79.18458958333326,0.0,0.0,8881.943610092592,8881.943610092592
2025-01-09,2025-01-09T06:50:00,True,817.8100979166666,817.8100979166666,893.2302833333333,0.0,0.8442,0.0,0.0,75.42018541666675,0.0,0.0,8881.943610092592,8881.943610092592
2025-01-09,2025-01-09T07:00:00,True,829.27235,829.27235,898.18,7.06875,0.8334,0.0,0.0,61.83889999999997,0.0,0.0,8881.943610092592,8881.943610092592
2025-01-09,2025-01-09T07:10:00,True,794.2090743055554,794.2090743055554,911.7967166666667,40.51305,0.8092,0.0,0.0,77.07459236111129,0.0,0.0,8881.943610092592,8881.943610092592
2025-01-09,2025-01-09T07:20:00,True,761.0267736111111,761.0267736111111,931.4382666666667,82.70298333333332,0.7972,0.0,0.0,87.70850972222217,0.0,0.0,8881.943610092592,8881.943610092592
2025-01-09,2025-01-09T07:30:00,True,711.164925,711.164925,934.5899999999999,125.27499999999999,0.7644,0.0,0.0,98.1500749999999,0.0,0.0,8881.943610092592,8881.943610092592
2025-01-09,2025-01-09T07:40:00,True,1469.6188138888888,1469.6188138888888,921.2082166666667,173.23815000000002,0.6899,721.6487472222221,0.0,0.0,0.0,1.0,8881.943610092592,9531.427482592593
2025-01-09,2025-01-09T07:50:00,True,690.9007236111111,690.9007236111111,1047.3628166666667,218.49665,0.86,0.0,0.0,137.96544305555562,0.0,0.0,9531.427482592593,9531.427482592593
2025-01-09,2025-01-09T08:00:00,True,0.0,0.0,1224.165,264.075,1.1617,0.0,833.3333333333334,126.75666666666655,0.0,0.0,9531.427482592593,8605.501556666668
2025-01-09,2025-01-09T08:10:00,True,0.0,0.0,1196.5498166666666,320.8763833333333,1.1683,0.0,833.3333333333334,42.34010000000001,0.0,0.0,8605.501556666668,7679.575630740742
2025-01-09,2025-01-09T08:20:00,True,0.0,0.0,1170.8678166666666,373.73021666666665,1.0956,0.0,797.1376,0.0,0.0,0.0,7679.575630740742,6793.867186296297
2025-01-09,2025-01-09T08:30:00,True,0.0,0.0,1228.675,417.53749999999997,1.0849,0.0,811.1375,0.0,0.0,0.0,6793.867186296297,5892.603297407409
2025-01-09,2025-01-09T08:40:00,True,0.0,0.0,1241.78525,462.2836333333333,1.061,0.0,779.5016166666667,0.0,0.0,0.0,5892.603297407409,5026.490390000001
2025-01-09,2025-01-09T08:50:00,True,0.0,0.0,1216.3218833333333,511.0790333333333,1.043,0.0,705.24285,0.0,0.0,0.0,5026.490390000001,4242.887223333334
2025-01-09,2025-01-09T09:00:00,True,0.0,0.0,1199.0183333333332,560.3187499999999,1.036,0.0,638.6995833333333,0.0,0.0,0.0,4242.887223333334,3533.2210196296305
2025-01-09,2025-01-09T09:10:00,True,0.0,0.0,1218.1784333333333,603.97195,1.0147,0.0,614.2064833333333,0.0,0.0,0.0,3533.2210196296305,2850.7693714814823
2025-01-09,2025-01-09T09:20:00,True,0.0,0.0,1214.4677166666665,645.2927666666667,0.9922,0.0,569.1749499999999,0.0,0.0,0.0,2850.7693714814823,2218.3527603703715
2025-01-09,2025-01-09T09:30:00,True,0.0,0.0,1186.6233333333332,683.94375,0.97,0.0,256.43886558333486,246.24071774999834,0.0,0.0,2218.3527603703715,1933.4206874999995
2025-01-09,2025-01-09T09:40:00,True,0.0,0.0,1191.4271333333331,713.7226333333333,0.9422,0.0,0.0,477.7044999999998,0.0,0.0,1933.4206874999995,1933.4206874999995
2025-01-09,2025-01-09T09:50:00,True,0.0,0.0,1199.1813499999998,729.6684166666666,0.9569,0.0,0.0,469.5129333333332,0.0,0.0,1933.4206874999995,1933.4206874999995
2025-01-09,2025-01-09T10:00:00,True,0.0,0.0,1190.8516666666665,746.25625,0.9977,0.0,444.5954166666667,0.0,0.0,0.0,1933.4206874999995,1439.425780092592
2025-01-09,2025-01-09T10:10:00,True,0.0,0.0,1180.83955,788.07675,0.9919,0.0,215.48320208333283,177.27959791666706,0.0,0.0,1439.425780092592,1200.0
2025-01-09,2025-01-09T10:20:00,True,0.0,0.0,1183.6560166666666,844.2055333333333,0.9588,0.0,0.0,339.4504833333333,0.0,0.0,1200.0,1200.0
2025-01-09,2025-01-09T10:30:00,True,0.0,0.0,1191.125,900.6374999999999,0.9549,0.0,0.0,290.48750000000007,0.0,0.0,1200.0,1200.0
2025-01-09,2025-01-09T10:40:00,True,0.0,0.0,1182.6243833333333,950.6414833333333,0.9839,0.0,0.0,231.98289999999997,0.0,0.0,1200.0,1200.0
2025-01-09,2025-01-09T10:50:00,True,78.994714583333,78.994714583333,1176.1524333333332,991.84445,0.799,0.0,0.0,105.31326875000013,0.0,0.0,1200.0,1200.0
2025-01-09,2025-01-09T11:00:00,True,862.2800583333336,862.2800583333336,1176.9616666666666,1006.8,0.5025,692.118391666667,0.0,0.0,-8.994812561446965e-14,1.0,1200.0,1822.9065525000003
2025-01-09,2025-01-09T11:10:00,True,864.9683597222222,864.9683597222222,1173.9096,982.0886166666666,0.4662,673.1473763888888,0.0,0.0,0.0,1.0,1822.9065525000003,2428.73919125
2025-01-09,2025-01-09T11:20:00,True,873.6482902777778,873.6482902777778,1179.7797333333333,981.28225,0.5007,675.1508069444445,0.0,0.0,0.0,1.0,2428.73919125,3036.3749175000003
2025-01-09,2025-01-09T11:30:00,True,885.009625,885.009625,1189.0149999999999,1007.6812499999999,0.4827,703.675875,0.0,0.0,0.0,1.0,3036.3749175000003,3669.6832050000003
2025-01-09,2025-01-09T11:40:00,True,888.2888222222222,888.2888222222222,1179.15095,1006.3747333333333,0.4785,715.5126055555555,0.0,0.0,0.0,1.0,3669.6832050000003,4313.64455
2025-01-09,2025-01-09T11:50:00,True,876.9909444444446,876.9909444444446,1157.6973833333332,1006.46105,0.4662,725.7546111111114,0.0,0.0,0.0,1.0,4313.64455,4966.8237
2025-01-09,2025-01-09T12:00:00,True,856.1841916666666,942.8329166666666,1124.4683333333332,1014.96875,0.4432,833.3333333333334,0.0,0.0,0.0,1.0,4966.8237,5716.8237
2025-01-09,2025-01-09T12:10:00,True,852.4899743055556,964.7521354166669,1078.7658166666665,1000.4679833333332,0.4411,833.3333333333334,0.0,0.0,53.1209687500002,1.0,5716.8237,6466.8237
2025-01-09,2025-01-09T12:20:00,True,862.0475715277779,955.84699375,1075.6932333333332,954.4675833333333,0.4551,833.3333333333334,0.0,0.0,1.2880104166667934,1.0,6466.8237,7216.8237
2025-01-09,2025-01-09T12:30:00,True,881.234075,956.5707583333334,1093.7399999999998,897.0,0.4463,759.8307583333336,0.0,0.0,0.0,1.0,7216.8237,7900.671382500001
2025-01-09,2025-01-09T12:40:00,True,900.5475638888888,957.4215083333333,1065.1093999999998,863.4748999999999,0.4113,755.7870083333335,0.0,0.0,0.0,1.0,7900.671382500001,8580.879690000002
2025-01-09,2025-01-09T12:50:00,True,928.9142840277779,967.3254895833333,1092.3361333333332,860.7432166666667,0.5682,735.7325729166668,0.0,0.0,0.0,1.0,8580.879690000002,9243.039005625002
2025-01-09,2025-01-09T13:00:00,True,128.99458333333325,148.94304999999997,1151.8033333333333,869.0749999999999,0.8279,0.0,0.0,133.78528333333338,0.0,0.0,9243.039005625002,9243.039005625002
2025-01-09,2025-01-09T13:10:00,True,130.6846902777778,178.23393472222222,1113.5318,861.4600999999999,0.8636,0.0,0.0,73.83776527777786,0.0,0.0,9243.039005625002,9243.039005625002
2025-01-09,2025-01-09T13:20:00,True,135.53411597222225,210.68413819444459,1094.2901833333333,856.8589333333332,0.8416,0.0,0.0,26.747111805555505,0.0,0.0,9243.039005625002,9243.039005625002
2025-01-09,2025-01-09T13:30:00,True,132.403325,235.15412500000002,1121.3049999999998,847.4312499999999,0.8618,0.0,0.0,38.71962499999995,0.0,0.0,9243.039005625002,9243.039005625002
2025-01-09,2025-01-09T13:40:00,True,98.452236111111,228.80381388888884,1105.8807333333332,803.1166333333333,0.8623,0.0,0.0,73.96028611111103,0.0,0.0,9243.039005625002,9243.039005625002
2025-01-09,2025-01-09T13:50:00,True,29.79180347222209,242.2900861111109,1104.10255,757.7833833333334,0.9026,0.0,0.0,104.02908055555577,0.0,0.0,9243.039005625002,9243.039005625002
2025-01-09,2025-01-09T14:00:00,True,0.0,0.0,1121.0316666666665,734.2312499999999,0.9754,0.0,386.8004166666666,0.0,0.0,0.0,9243.039005625002,8813.26076488426
2025-01-09,2025-01-09T14:10:00,True,0.0,0.0,1099.1528166666667,721.9807999999999,1.0002,0.0,377.17201666666676,0.0,0.0,0.0,8813.26076488426,8394.180746365742
2025-01-09,2025-01-09T14:20:00,True,0.0,0.0,1083.6322833333334,688.9949833333333,0.9978,0.0,394.6373000000001,0.0,0.0,0.0,8394.180746365742,7955.694857476853
2025-01-09,2025-01-09T14:30:00,True,0.0,0.0,1086.7216666666666,635.99375,1.0271,0.0,394.3967474236123,56.33116924305432,0.0,0.0,7955.694857476853,7517.476249228395
2025-01-09,2025-01-09T14:40:00,True,0.0,0.0,1075.5929999999998,592.8049333333333,1.0906,0.0,420.72862430555733,62.05944236110918,0.0,0.0,7517.476249228395,7049.999999999998
2025-01-09,2025-01-09T14:50:00,True,0.0,9.105126250000353,1073.9688166666665,554.4557833333333,0.9376,0.0,0.0,510.4079070833328,0.0,0.0,7049.999999999998,7049.999999999998
2025-01-09,2025-01-09T15:00:00,True,1259.5442583333333,1301.286825,1088.9966666666664,510.1875,0.6694,722.4776583333335,0.0,0.0,0.0,1.0,7049.999999999998,7700.229892499999
2025-01-09,2025-01-09T15:10:00,True,1308.3618118055554,1345.3301451388888,1097.4280666666666,457.33023333333335,0.66,705.2323118055556,0.0,0.0,0.0,1.0,7700.229892499999,8334.938973125
2025-01-09,2025-01-09T15:20:00,True,1347.5360256944446,1379.7301256944443,1081.2755,411.43744999999996,0.7217,709.8920756944442,0.0,0.0,0.0,1.0,8334.938973125,8973.84184125
2025-01-09,2025-01-09T15:30:00,True,543.0955999999999,1403.8487999999998,1055.5216666666665,374.09375,0.7308,722.4208833333332,0.0,0.0,0.0,1.0,8973.84184125,9624.02063625
2025-01-09,2025-01-09T15:40:00,True,595.9728618055555,1451.9518284722221,1055.4207166666665,333.46601666666663,0.7534,729.9971284722222,0.0,0.0,0.0,1.0,9624.02063625,10281.018051874998
2025-01-09,2025-01-09T15:50:00,True,653.2343715277779,671.1057715277777,1071.9044,297.34175,0.7823,0.0,0.0,103.45687847222143,0.0,0.0,10281.018051874998,10281.018051874998
2025-01-09,2025-01-09T16:00:00,True,696.6973583333332,709.7945249999999,1080.67,263.575,0.8055,0.0,0.0,107.300475,0.0,0.0,10281.018051874998,10281.018051874998
2025-01-09,2025-01-09T16:10:00,True,725.6691625000002,736.7475180555555,1065.9254666666666,220.22831666666664,0.8271,0.0,0.0,108.94963194444426,0.0,0.0,10281.018051874998,10281.018051874998
2025-01-09,2025-01-09T16:20:00,True,754.204577083333,763.2641215277777,1059.2460166666665,175.88559999999998,0.8519,0.0,0.0,120.09629513888831,0.0,0.0,10281.018051874998,10281.018051874998
2025-01-09,2025-01-09T16:30:00,True,795.3358250000001,802.3765583333334,1060.52,133.52499999999998,0.8791,0.0,1.6370904631912707e-12,124.61844166666742,0.0,0.0,10281.018051874998,10281.018051874997
2025-01-09,2025-01-09T16:40:00,True,849.6516062500003,854.6735284722223,1042.2201,87.42005,0.9024,0.0,0.0,100.1265215277781,0.0,0.0,10281.018051874997,10281.018051874997
2025-01-09,2025-01-09T16:50:00,True,881.8532333333328,884.8563444444442,1039.1637166666665,40.95358333333333,0.9163,0.0,0.0,113.35378888888954,0.0,0.0,10281.018051874997,10281.018051874997
2025-01-09,2025-01-09T17:00:00,True,900.2415833333331,901.2258833333331,1050.48,7.2437499999999995,0.9264,0.0,0.0,142.01036666666732,0.0,0.0,10281.018051874997,10281.018051874997
2025-01-09,2025-01-09T17:10:00,True,903.6196652777777,904.4399152777777,1040.6582166666667,0.0,0.9462,0.0,0.0,136.2183013888898,0.0,0.0,10281.018051874997,10281.018051874997
2025-01-09,2025-01-09T17:20:00,True,899.5318493055555,900.1880493055555,1040.8204666666666,0.40865,0.9742,0.0,-1.6370904631912707e-12,140.22376736111073,0.0,0.0,10281.018051874997,10281.018051874998
2025-01-09,2025-01-09T17:30:00,True,895.461625,895.9537750000001,1057.8983333333333,0.0,0.9862,0.0,0.0,161.94455833333268,0.0,0.0,10281.018051874998,10281.018051874998
2025-01-09,2025-01-09T17:40:00,True,917.7446694444443,918.0727694444444,1043.88335,0.0,0.976,0.0,0.0,125.81058055555513,0.0,0.0,10281.018051874998,10281.018051874998
2025-01-09,2025-01-09T17:50:00,True,830.3729659722222,830.5370159722222,905.0344333333334,0.02933333333333333,1.0742,0.0,1.6370904631912707e-12,74.46808402777788,0.0,0.0,10281.018051874998,10281.018051874997
2025-01-09,2025-01-09T18:00:00,True,677.7364583333333,726.7866666666666,726.7866666666666,0.0,1.2313,0.0,0.0,0.0,7.312388962676938e-13,0.0,10281.018051874997,10281.018051874997
2025-01-09,2025-01-09T18:10:00,True,36.361852083333474,503.44560539583654,708.26135,0.0,1.2561,0.0,150.74837793749847,54.067366666664384,0.0,0.0,10281.018051874997,10113.519854166665
2025-01-09,2025-01-09T18:20:00,True,678.881675,678.881675,746.7409666666667,0.0021,1.2447,0.0,0.0,67.85719166666604,0.0,0.0,10113.519854166665,10113.519854166665
2025-01-09,2025-01-09T18:30:00,True,681.4124999999999,681.4124999999999,753.7033333333334,0.0,1.2545,0.0,1.6370904631912707e-12,72.29083333333256,0.0,0.0,10113.519854166665,10113.519854166663
2025-01-09,2025-01-09T18:40:00,True,674.0661833333334,674.0661833333334,738.3958666666667,0.0,1.2522,0.0,0.0,64.32968333333338,0.0,0.0,10113.519854166663,10113.519854166663
2025-01-09,2025-01-09T18:50:00,True,0.0,0.0,732.5549166666666,0.0,1.2881,0.0,665.0370979166629,67.51781875000415,0.0,0.0,10113.519854166663,9374.589745370371
2025-01-09,2025-01-09T19:00:00,True,0.0,0.0,735.8883333333333,0.0,1.3466,0.0,735.8883333333333,0.0,0.0,0.0,9374.589745370371,8556.936041666668
2025-01-09,2025-01-09T19:10:00,True,0.0,0.0,724.5254333333334,0.0,1.3523,0.0,724.5254333333334,0.0,0.0,0.0,8556.936041666668,7751.907782407408
2025-01-09,2025-01-09T19:20:00,True,0.0,0.0,725.2221333333333,0.0,1.3445,0.0,725.2221333333333,0.0,0.0,0.0,7751.907782407408,6946.105412037038
2025-01-09,2025-01-09T19:30:00,True,0.0,0.0,740.7199999999999,0.0,1.3483,0.0,740.7199999999999,0.0,0.0,0.0,6946.105412037038,6123.083189814816
2025-01-09,2025-01-09T19:40:00,True,0.0,0.0,744.2487333333333,0.0,1.349,0.0,744.2487333333333,0.0,0.0,0.0,6123.083189814816,5296.140152777779
2025-01-09,2025-01-09T19:50:00,True,0.0,0.0,738.9341666666666,0.0,1.3473,0.0,738.9341666666666,0.0,0.0,0.0,5296.140152777779,4475.102189814816
2025-01-09,2025-01-09T20:00:00,True,0.0,0.0,727.7816666666665,0.0,1.3482,0.0,727.7816666666665,0.0,0.0,0.0,4475.102189814816,3666.4558935185196
2025-01-09,2025-01-09T20:10:00,True,0.0,0.0,712.6180333333333,0.0,1.3513,0.0,712.6180333333333,0.0,0.0,0.0,3666.4558935185196,2874.6580787037046
2025-01-09,2025-01-09T20:20:00,True,0.0,0.0,720.4747333333332,0.0,1.34,0.0,166.20483958333443,554.2698937499988,0.0,0.0,2874.6580787037046,2689.986034722222
2025-01-09,2025-01-09T20:30:00,True,0.0,0.0,737.265,0.0,1.3489,0.0,666.6552083333331,70.60979166666684,0.0,0.0,2689.986034722222,1949.258025462963
2025-01-09,2025-01-09T20:40:00,True,0.0,0.0,724.8512000000001,0.0,1.3952,0.0,674.3322229166666,50.51897708333343,0.0,0.0,1949.258025462963,1200.0
2025-01-09,2025-01-09T20:50:00,True,684.9494062499999,684.9494062499999,735.8116833333333,0.0,1.2226,0.0,0.0,50.862277083333424,0.0,0.0,1200.0,1200.0
2025-01-09,2025-01-09T21:00:00,True,690.8454166666666,690.8454166666666,775.1783333333333,0.0,0.9332,0.0,0.0,84.33291666666673,0.0,0.0,1200.0,1200.0
2025-01-09,2025-01-09T21:10:00,True,690.5762791666666,690.5762791666666,786.89825,0.0,0.9068,0.0,0.0,96.32197083333335,0.0,0.0,1200.0,1200.0
2025-01-09,2025-01-09T21:20:00,True,679.3368645833334,679.3368645833334,756.1267166666667,0.0,0.9371,0.0,0.0,76.78985208333324,0.0,0.0,1200.0,1200.0
2025-01-09,2025-01-09T21:30:00,True,680.3714583333333,680.3714583333333,737.28,0.0,0.9371,0.0,0.0,56.90854166666668,0.0,0.0,1200.0,1200.0
2025-01-09,2025-01-09T21:40:00,True,709.5904958333332,709.5904958333332,781.5158833333332,0.0,0.9871,0.0,0.0,71.92538750000006,0.0,0.0,1200.0,1200.0
2025-01-09,2025-01-09T21:50:00,True,646.1237729166667,646.1237729166667,706.2948333333334,0.0,0.7764,0.0,0.0,60.171060416666705,0.0,0.0,1200.0,1200.0
2025-01-09,2025-01-09T22:00:00,True,526.546875,526.546875,544.4316666666666,0.0,0.4209,0.0,0.0,17.884791666666615,0.0,0.0,1200.0,1200.0
2025-01-09,2025-01-09T22:10:00,True,516.65414375,516.65414375,521.8748166666667,0.0,0.3859,0.0,0.0,5.220672916666672,0.0,0.0,1200.0,1200.0
2025-01-09,2025-01-09T22:20:00,True,535.3818729166667,535.3818729166667,544.5650666666667,0.0,0.4368,0.0,0.0,9.183193749999987,0.0,0.0,1200.0,1200.0
2025-01-09,2025-01-09T22:30:00,True,531.2127083333334,531.2127083333334,552.1366666666667,0.0,0.4198,0.0,0.0,20.923958333333303,0.0,0.0,1200.0,1200.0
2025-01-09,2025-01-09T22:40:00,True,534.0482499999999,534.0482499999999,584.8221333333333,0.0,0.4186,0.0,0.0,50.7738833333334,0.0,0.0,1200.0,1200.0
2025-01-09,2025-01-09T22:50:00,True,527.76728125,527.76728125,618.6851166666667,0.0,0.4241,0.0,0.0,90.91783541666666,0.0,0.0,1200.0,1200.0
2025-01-09,2025-01-09T23:00:00,True,524.26875,524.26875,618.8699999999999,0.0,0.4237,0.0,0.0,94.60124999999994,0.0,0.0,1200.0,1200.0
2025-01-09,2025-01-09T23:10:00,True,555.0706791666667,555.0706791666667,577.9995666666666,0.0,0.4248,0.0,0.0,22.928887499999973,0.0,0.0,1200.0,1200.0
2025-01-09,2025-01-09T23:20:00,True,570.59059375,570.59059375,569.48735,0.0,0.424,1.1032437500001733,0.0,0.0,-3.39971467952813e-14,1.0,1200.0,1200.9929193750002
2025-01-09,2025-01-09T23:30:00,True,560.38125,560.38125,607.2316666666666,0.0,0.422,0.0,0.8936274375001403,45.95678922916648,0.0,0.0,1200.9929193750002,1200.0
2025-01-09,2025-01-09T23:40:00,True,562.0035875,562.0035875,624.5394833333332,0.0,0.424,0.0,0.0,62.53589583333326,0.0,0.0,1200.0,1200.0
2025-01-09,2025-01-09T23:50:00,True,566.3820791666666,566.3820791666666,555.9524166666666,0.0,0.4271,10.429662500000125,0.0,0.0,-8.493880642045248e-14,1.0,1200.0,1209.38669625
2025-01-09,2025-01-10T00:00:00,True,563.390238095238,569.2964583333332,451.63,0.0,0.4276,117.66645833333325,0.0,0.0,0.0,1.0,1209.38669625,1315.28650875
2025-01-10,2025-01-10T00:10:00,True,1413.0443907407407,1413.0443907407407,431.89034999999996,0.0,0.4248,833.3333333333334,0.0,0.0,147.82070740740744,1.0,1315.28650875,2065.28650875
2025-01-10,2025-01-10T00:20:00,True,1418.0799555555554,1418.0799555555554,442.57721666666663,0.0,0.4245,833.3333333333328,0.0,0.0,142.16940555555607,1.0,2065.28650875,2815.2865087499995
2025-01-10,2025-01-10T00:30:00,True,1415.7588888888888,1415.7588888888888,444.42999999999995,0.0,0.4269,833.3333333333333,0.0,0.0,137.9955555555556,1.0,2815.2865087499995,3565.2865087499995
2025-01-10,2025-01-10T00:40:00,True,1407.1546833333332,1407.1546833333332,450.3699,0.0,0.4272,833.3333333333334,0.0,0.0,123.45144999999991,1.0,3565.2865087499995,4315.2865087499995
2025-01-10,2025-01-10T00:50:00,True,1408.2387148148146,1408.2387148148146,444.6617166666666,0.0,0.4271,833.3333333333334,0.0,0.0,130.24366481481457,1.0,4315.2865087499995,5065.2865087499995
2025-01-10,2025-01-10T01:00:00,True,1423.7250000000001,1423.7250000000001,442.505,0.0,0.4285,833.3333333333334,0.0,0.0,147.88666666666677,1.0,5065.2865087499995,5815.2865087499995
2025-01-10,2025-01-10T01:10:00,True,1441.9454851851851,1441.9454851851851,474.38751666666667,0.0,0.4311,833.3333333333334,0.0,0.0,134.2246351851851,1.0,5815.2865087499995,6565.2865087499995
2025-01-10,2025-01-10T01:20:00,True,1446.0451462962965,1446.0451462962965,480.72951666666665,0.0,0.4302,833.3333333333329,0.0,0.0,131.9822962962969,1.0,6565.2865087499995,7315.2865087499995
2025-01-10,2025-01-10T01:30:00,True,1436.6585185185186,1436.6585185185186,465.505,0.0,0.4279,833.3333333333333,0.0,0.0,137.82018518518532,1.0,7315.2865087499995,8065.2865087499995
2025-01-10,2025-01-10T01:40:00,True,597.7965166666667,597.7965166666667,491.04434999999995,0.0,0.4312,0.0,0.0,0.0,106.75216666666671,1.0,8065.2865087499995,8065.2865087499995
2025-01-10,2025-01-10T01:50:00,True,605.2607444444444,605.2607444444444,509.29108333333335,0.0,0.4333,0.0,0.0,0.0,95.96966111111107,1.0,8065.2865087499995,8065.2865087499995
2025-01-10,2025-01-10T02:00:00,True,1158.4953606481488,1158.4953606481488,493.09666666666664,0.0,0.4311,665.3986939814822,0.0,0.0,0.0,1.0,8065.2865087499995,8664.145333333334
2025-01-10,2025-01-10T02:10:00,True,1460.8312999999998,1460.8312999999998,469.2202666666667,0.0,0.4293,706.5051851851846,0.0,0.0,285.10584814814854,1.0,8664.145333333334,9300.0
2025-01-10,2025-01-10T02:20:00,True,630.309,630.309,479.66675,0.0,0.4324,0.0,0.0,0.0,150.64225,1.0,9300.0,9300.0
2025-01-10,2025-01-10T02:30:00,True,633.3064814814815,633.3064814814815,511.3616666666667,0.0,0.4367,0.0,0.0,0.0,121.94481481481478,1.0,9300.0,9300.0
2025-01-10,2025-01-10T02:40:00,True,638.1495370370369,638.1495370370369,511.33078333333333,0.0,0.4348,0.0,0.0,0.0,126.81875370370358,1.0,9300.0,9300.0
2025-01-10,2025-01-10T02:50:00,True,640.3156944444446,640.3156944444446,500.0067333333333,0.0,0.4335,0.0,0.0,0.0,140.30896111111133,1.0,9300.0,9300.0
2025-01-10,2025-01-10T03:00:00,True,640.095,640.095,508.1033333333333,0.0,0.4357,0.0,0.0,0.0,131.99166666666673,1.0,9300.0,9300.0
2025-01-10,2025-01-10T03:10:00,True,643.2931074074074,643.2931074074074,541.6630166666666,0.0,0.4374,0.0,0.0,0.0,101.6300907407408,1.0,9300.0,9300.0
2025-01-10,2025-01-10T03:20:00,True,651.9982944444445,651.9982944444445,545.4906833333333,0.0,0.4371,0.0,0.0,0.0,106.50761111111115,1.0,9300.0,9300.0
2025-01-10,2025-01-10T03:30:00,True,657.705,657.705,508.355,0.0,0.4356,0.0,0.0,0.0,149.35000000000002,1.0,9300.0,9300.0
2025-01-10,2025-01-10T03:40:00,True,650.5974314814814,650.5974314814814,478.14840000000004,0.0,0.4353,0.0,0.0,0.0,172.44903148148137,1.0,9300.0,9300.0
2025-01-10,2025-01-10T03:50:00,True,652.7767037037036,652.7767037037036,499.49885,0.0,0.436,0.0,0.0,0.0,153.27785370370356,1.0,9300.0,9300.0
2025-01-10,2025-01-10T04:00:00,True,666.6403703703703,666.6403703703703,546.1949999999999,0.0,0.4378,0.0,0.0,0.0,120.44537037037037,0.0,9300.0,9300.0
2025-01-10,2025-01-10T04:10:00,True,670.9460240740741,670.9460240740741,544.9945499999999,0.0,0.4401,125.95147407407421,0.0,0.0,0.0,1.0,9300.0,9413.356326666666
2025-01-10,2025-01-10T04:20:00,True,661.6037222222222,661.6037222222222,512.7320333333332,0.0,0.4389,148.87168888888903,0.0,0.0,0.0,1.0,9413.356326666666,9547.340846666666
2025-01-10,2025-01-10T04:30:00,True,651.8425925925925,651.8425925925925,505.65166666666664,0.0,0.4364,0.0,0.0,0.0,146.19092592592585,0.0,9547.340846666666,9547.340846666666
2025-01-10,2025-01-10T04:40:00,True,659.7918481481481,659.7918481481481,561.8098166666666,0.0,0.4393,97.9820314814815,0.0,0.0,0.0,1.0,9547.340846666666,9635.524674999999
2025-01-10,2025-01-10T04:50:00,True,672.6156870370371,672.6156870370371,586.9613499999999,0.0,0.4422,85.65433703703718,0.0,0.0,0.0,1.0,9635.524674999999,9712.613578333332
2025-01-10,2025-01-10T05:00:00,True,677.259814814815,677.259814814815,566.5133333333333,0.0,0.4395,110.74648148148162,0.0,0.0,0.0,1.0,9712.613578333332,9812.285411666666
2025-01-10,2025-01-10T05:10:00,True,672.4209296296295,672.4209296296295,573.4412666666666,0.0,0.4333,0.0,0.0,0.0,98.97966296296295,0.0,9812.285411666666,9812.285411666666
2025-01-10,2025-01-10T05:20:00,True,672.1281055555555,672.1281055555555,580.8068666666666,0.0,0.4439,91.32123888888896,0.0,0.0,0.0,1.0,9812.285411666666,9894.474526666665
2025-01-10,2025-01-10T05:30:00,True,1504.2581481481482,1504.2581481481482,568.0233333333333,0.0,0.4301,172.8060814814833,0.0,0.0,763.4287333333316,1.0,9894.474526666665,10050.0
2025-01-10,2025-01-10T05:40:00,True,1496.6772925925925,1496.6772925925925,550.0466666666666,0.0017666666666666666,0.3713,833.3333333333333,0.0,0.0,113.29905925925925,1.0,10050.0,10800.0
2025-01-10,2025-01-10T05:50:00,True,730.567587037037,730.567587037037,552.3874833333333,0.0,0.5708,0.0,1.6370904631912707e-12,0.0,178.1801037037047,0.0,10800.0,10799.999999999998
2025-01-10,2025-01-10T06:00:00,True,833.5864814814814,833.5864814814814,572.4733333333334,0.0,0.9099,0.0,-1.6370904631912707e-12,0.0,261.1131481481471,0.0,10799.999999999998,10800.0
2025-01-10,2025-01-10T06:10:00,True,166.5476435185185,166.5476435185185,582.7121166666666,0.024566666666666667,0.9368,0.0,416.1399064814823,0.0,0.0,0.0,10800.0,10337.622326131686
2025-01-10,2025-01-10T06:20:00,True,828.5050240740738,828.5050240740738,577.2782333333333,0.0,0.8758,0.0,0.0,0.0,251.2267907407405,0.0,10337.622326131686,10337.622326131686
2025-01-10,2025-01-10T06:30:00,True,834.182697222222,834.182697222222,564.99,0.0,0.8759,0.0,0.0,0.0,269.192697222222,0.0,10337.622326131686,10337.622326131686
2025-01-10,2025-01-10T06:40:00,True,826.3874425925927,826.3874425925927,562.3919999999999,0.3421166666666667,0.8601,0.0,0.0,0.0,264.3375592592595,0.0,10337.622326131686,10337.622326131686
2025-01-10,2025-01-10T06:50:00,True,824.9039842592592,824.9039842592592,580.9321833333333,0.0,0.8442,0.0,0.0,0.0,243.9718009259259,0.0,10337.622326131686,10337.622326131686
2025-01-10,2025-01-10T07:00:00,True,835.3853944444444,835.3853944444444,618.685,9.212499999999999,0.8334,0.0,0.0,0.0,225.91289444444442,0.0,10337.622326131686,10337.622326131686
2025-01-10,2025-01-10T07:10:00,True,801.0233907407405,801.0233907407405,659.9798166666667,46.965450000000004,0.8092,0.0,0.0,0.0,188.00902407407386,0.0,10337.622326131686,10337.622326131686
2025-01-10,2025-01-10T07:20:00,True,769.0027907407408,769.0027907407408,682.7775166666667,98.23768333333334,0.7972,0.0,0.0,0.0,184.46295740740754,0.0,10337.622326131686,10337.622326131686
2025-01-10,2025-01-10T07:30:00,True,720.3237240740741,720.3237240740741,677.335,151.48125,0.7644,0.0,0.0,0.0,194.46997407407412,0.0,10337.622326131686,10337.622326131686
2025-01-10,2025-01-10T07:40:00,True,1480.9030703703702,1480.9030703703702,652.8473833333333,205.55499999999998,0.6899,0.0,0.0,0.0,1033.6106870370368,0.0,10337.622326131686,10337.622326131686
2025-01-10,2025-01-10T07:50:00,True,705.4261814814813,705.4261814814813,638.0857833333333,256.79285,0.86,0.0,0.0,0.0,324.13324814814797,0.0,10337.622326131686,10337.622326131686
2025-01-10,2025-01-10T08:00:00,True,1.0064981481481254,1.0064981481481254,640.3466666666666,304.48125,1.1617,0.0,334.85891851851846,0.0,0.0,0.0,10337.622326131686,9965.55686111111
2025-01-10,2025-01-10T08:10:00,True,0.0,0.0,646.0638166666666,350.64553333333333,1.1683,0.0,295.4182833333333,0.0,0.0,0.0,9965.55686111111,9637.314324074074
2025-01-10,2025-01-10T08:20:00,True,0.0,0.0,662.0704666666666,393.64071666666666,1.0956,0.0,268.4297499999999,0.0,0.0,0.0,9637.314324074074,9339.059046296295
2025-01-10,2025-01-10T08:30:00,True,0.0,0.0,677.3783333333333,435.32499999999993,1.0849,0.0,242.0533333333334,0.0,0.0,0.0,9339.059046296295,9070.110898148147
2025-01-10,2025-01-10T08:40:00,True,0.0,0.0,675.0169,479.96556666666663,1.061,0.0,195.05133333333333,0.0,0.0,0.0,9070.110898148147,8853.387194444444
2025-01-10,2025-01-10T08:50:00,True,0.0,0.0,703.6926833333333,523.7297833333333,1.043,0.0,179.9629,0.0,0.0,0.0,8853.387194444444,8653.428416666666
2025-01-10,2025-01-10T09:00:00,True,0.0,0.0,755.2583333333333,563.2125,1.036,0.0,192.04583333333335,0.0,0.0,0.0,8653.428416666666,8440.044157407407
2025-01-10,2025-01-10T09:10:00,True,0.0,0.0,769.4231,599.2222833333333,1.0147,0.0,170.2008166666667,0.0,0.0,0.0,8440.044157407407,8250.932138888887
2025-01-10,2025-01-10T09:20:00,True,0.0,0.0,770.0717333333333,639.0937166666666,0.9922,0.0,130.9780166666667,0.0,0.0,0.0,8250.932138888887,8105.401009259258
2025-01-10,2025-01-10T09:30:00,True,0.0,0.0,771.91,684.4187499999999,0.97,0.0,87.49125000000004,0.0,0.0,0.0,8105.401009259258,8008.188509259258
2025-01-10,2025-01-10T09:40:00,True,517.4583259259259,517.4583259259259,764.4136666666666,729.2405833333333,0.9422,0.0,0.0,0.0,482.2852425925927,0.0,8008.188509259258,8008.188509259258
2025-01-10,2025-01-10T09:50:00,True,419.1201675925907,419.1201675925907,759.5386666666666,766.9171833333332,0.9569,0.0,0.0,0.0,426.49868425925735,0.0,8008.188509259258,8008.188509259258
2025-01-10,2025-01-10T10:00:00,True,0.0,0.0,758.7533333333333,793.51875,0.9977,0.0,0.0,0.0,34.765416666666624,0.0,8008.188509259258,8008.188509259258
2025-01-10,2025-01-10T10:10:00,True,0.0,0.0,752.6044166666667,809.1539833333333,0.9919,0.0,0.0,0.0,56.54956666666658,0.0,8008.188509259258,8008.188509259258
2025-01-10,2025-01-10T10:20:00,True,0.0,0.0,752.6700833333332,819.1947499999999,0.9588,0.0,0.0,0.0,66.52466666666669,0.0,8008.188509259258,8008.188509259258
2025-01-10,2025-01-10T10:30:00,True,341.63712037037055,341.63712037037055,751.4616666666667,837.5874999999999,0.9549,0.0,0.0,0.0,427.7629537037037,0.0,8008.188509259258,8008.188509259258
2025-01-10,2025-01-10T10:40:00,True,0.0,0.0,729.2148833333333,876.0233499999999,0.9839,0.0,0.0,0.0,146.80846666666662,0.0,8008.188509259258,8008.188509259258
2025-01-10,2025-01-10T10:50:00,True,264.9871999999996,264.9871999999996,713.8183333333333,909.2961166666666,0.799,0.0,0.0,0.0,460.46498333333295,0.0,8008.188509259258,8008.188509259258
2025-01-10,2025-01-10T11:00:00,True,1060.4493925925926,1060.4493925925926,716.5466666666666,932.0749999999999,0.5025,0.0,0.0,0.0,1275.9777259259258,0.0,8008.188509259258,8008.188509259258
2025-01-10,2025-01-10T11:10:00,True,1048.905790740741,1048.905790740741,720.7586833333332,956.381,0.4662,0.0,0.0,0.0,1284.5281074074078,0.0,8008.188509259258,8008.188509259258
2025-01-10,2025-01-10T11:20:00,True,1043.6794370370371,1043.6794370370371,714.02145,949.3862999999999,0.5007,0.0,0.0,0.0,1279.044287037037,0.0,8008.188509259258,8008.188509259258
2025-01-10,2025-01-10T11:30:00,True,1041.2104574074074,1041.2104574074074,700.8716666666666,922.76875,0.4827,0.0,0.0,0.0,1263.1075407407407,0.0,8008.188509259258,8008.188509259258
2025-01-10,2025-01-10T11:40:00,True,1029.4352092592592,1029.4352092592592,696.4780666666667,926.44135,0.4785,0.0,0.0,0.0,1259.3984925925924,0.0,8008.188509259258,8008.188509259258
2025-01-10,2025-01-10T11:50:00,True,1003.4148370370373,1003.4148370370373,696.2294833333333,939.7617666666666,0.4662,0.0,0.0,0.0,1246.9471203703706,0.0,8008.188509259258,8008.188509259258
2025-01-10,2025-01-10T12:00:00,True,967.6337444444442,967.6337444444442,692.5916666666667,938.8062499999999,0.4432,0.0,0.0,0.0,1213.8483277777773,0.0,8008.188509259258,8008.188509259258
2025-01-10,2025-01-10T12:10:00,True,968.2275370370371,968.2275370370371,684.9471833333333,922.0930166666667,0.4411,0.0,0.0,0.0,1205.3733703703706,0.0,8008.188509259258,8008.188509259258
2025-01-10,2025-01-10T12:20:00,True,985.3373796296297,985.3373796296297,690.1724999999999,916.4926499999999,0.4551,715.994405761313,0.0,0.0,495.6631238683166,1.0,8008.188509259258,8652.58347444444
2025-01-10,2025-01-10T12:30:00,True,1013.3528444444445,1013.3528444444445,697.6533333333333,921.1499999999999,0.4463,-0.0,0.0,0.0,1236.849511111111,0.0,8652.58347444444,8652.58347444444
2025-01-10,2025-01-10T12:40:00,True,1036.294811111111,1036.294811111111,683.0025999999999,912.763,0.4113,-0.0,0.0,0.0,1266.055211111111,0.0,8652.58347444444,8652.58347444444
2025-01-10,2025-01-10T12:50:00,True,1073.490464814815,1073.490464814815,690.9398166666666,915.3335333333332,0.5682,735.911433333334,0.0,0.0,561.9727481481474,1.0,8652.58347444444,9314.90376444444
2025-01-10,2025-01-10T13:00:00,True,285.42120370370344,285.42120370370344,711.8599999999999,930.81875,0.8279,-0.0,0.0,0.0,504.37995370370356,0.0,9314.90376444444,9314.90376444444
2025-01-10,2025-01-10T13:10:00,True,298.12983703703696,298.12983703703696,687.6421666666666,931.5779333333332,0.8636,-0.0,0.0,0.0,542.0656037037036,0.0,9314.90376444444,9314.90376444444
2025-01-10,2025-01-10T13:20:00,True,315.7611888888888,315.7611888888888,653.0483333333333,908.6945166666666,0.8416,-2.1178690637486632e-10,0.0,0.0,571.4073722224339,0.0,9314.90376444444,9314.903764444249
2025-01-10,2025-01-10T13:30:00,True,331.43861851851864,331.43861851851864,647.355,860.81875,0.8618,1.4608474086208365e-07,0.0,0.0,544.9023683724339,0.0,9314.903764444249,9314.903764575725
2025-01-10,2025-01-10T13:40:00,True,315.004774074074,315.004774074074,672.2253166666667,796.0541833333333,0.8623,-0.0,0.0,0.0,438.83364074074063,0.0,9314.903764575725,9314.903764575725
2025-01-10,2025-01-10T13:50:00,True,317.71967962962947,317.71967962962947,661.0276666666666,748.4467666666666,0.9026,-0.0,0.0,0.0,405.1387796296294,0.0,9314.903764575725,9314.903764575725
2025-01-10,2025-01-10T14:00:00,True,0.0,0.0,625.155,716.78125,0.9754,-0.0,0.0,0.0,91.62625000000003,0.0,9314.903764575725,9314.903764575725
2025-01-10,2025-01-10T14:10:00,True,0.0,0.0,642.4182166666667,671.2728166666666,1.0002,-0.0,0.0,0.0,28.85459999999989,0.0,9314.903764575725,9314.903764575725
2025-01-10,2025-01-10T14:20:00,True,0.0,0.0,677.2823333333333,633.3479333333332,0.9978,0.0,43.934400000000096,0.0,0.0,0.0,9314.903764575725,9266.087764575725
2025-01-10,2025-01-10T14:30:00,True,0.0,0.0,676.6316666666667,606.1374999999999,1.0271,0.0,70.49416666666673,0.0,0.0,0.0,9266.087764575725,9187.760912723872
2025-01-10,2025-01-10T14:40:00,True,0.0,0.0,627.2036666666667,570.7039333333332,1.0906,0.0,56.49973333333344,0.0,0.0,0.0,9187.760912723872,9124.98343124239
2025-01-10,2025-01-10T14:50:00,True,0.0,0.0,622.1830166666666,544.88685,0.9376,0.0,77.29616666666664,0.0,0.0,0.0,9124.98343124239,9039.098801612761
2025-01-10,2025-01-10T15:00:00,True,1341.8897962962963,1341.8897962962963,649.935,529.30625,0.6694,-0.0,0.0,0.0,1221.2610462962962,0.0,9039.098801612761,9039.098801612761
2025-01-10,2025-01-10T15:10:00,True,1381.6813787037036,1381.6813787037036,616.15545,503.0187833333333,0.66,833.3333333333334,0.0,0.0,435.2113787037034,1.0,9039.098801612761,9789.098801612761
2025-01-10,2025-01-10T15:20:00,True,1410.1695518518518,1410.1695518518518,614.9143166666667,466.07219999999995,0.7217,554.5965544723286,0.0,0.0,706.7308807128564,1.0,9789.098801612761,10288.235700637857
2025-01-10,2025-01-10T15:30:00,True,1428.4519787037036,1428.4519787037036,648.8133333333333,428.63749999999993,0.7308,523.7881298468245,0.0,0.0,684.4880155235456,1.0,10288.235700637857,10759.645017499999
2025-01-10,2025-01-10T15:40:00,True,1050.3070233653423,1050.3070233653423,625.8107333333332,397.23181666666665,0.7534,-0.0,0.0,0.0,821.7281066986757,0.0,10759.645017499999,10759.645017499999
2025-01-10,2025-01-10T15:50:00,True,685.762837962963,685.762837962963,629.7744666666666,347.02406666666667,0.7823,-0.0,0.0,0.0,403.012437962963,0.0,10759.645017499999,10759.645017499999
2025-01-10,2025-01-10T16:00:00,True,720.8319388888888,720.8319388888888,664.1816666666666,281.54999999999995,0.8055,-0.0,0.0,0.0,338.2002722222221,0.0,10759.645017499999,10759.645017499999
2025-01-10,2025-01-10T16:10:00,True,747.8403861111112,747.8403861111112,639.1021833333333,230.39991666666666,0.8271,44.83886944444546,0.0,0.0,294.2992499999991,1.0,10759.645017499999,10800.0
2025-01-10,2025-01-10T16:20:00,True,775.3570518518516,775.3570518518516,593.8299833333333,183.02401666666665,0.8519,0.0,0.0,0.0,364.55108518518415,0.0,10800.0,10800.0
2025-01-10,2025-01-10T16:30:00,True,814.9537287037039,814.9537287037039,583.7516666666667,133.4125,0.8791,0.0,0.0,0.0,364.61456203703625,0.0,10800.0,10800.0
2025-01-10,2025-01-10T16:40:00,True,864.0951148148152,864.0951148148152,614.28685,87.93736666666666,0.9024,0.0,0.0,0.0,337.7456314814818,0.0,10800.0,10800.0
2025-01-10,2025-01-10T16:50:00,True,895.2731990740735,895.2731990740735,568.9919333333332,43.26338333333334,0.9163,0.0,0.0,0.0,369.54464907407333,0.0,10800.0,10800.0
2025-01-10,2025-01-10T17:00:00,True,915.7697777777777,915.7697777777777,474.4333333333333,8.456249999999999,0.9264,0.0,0.0,0.0,449.7926944444435,0.0,10800.0,10800.0
2025-01-10,2025-01-10T17:10:00,True,917.8753685185185,917.8753685185185,474.0867333333333,0.0,0.9462,0.0,0.0,0.0,443.788635185184,0.0,10800.0,10800.0
2025-01-10,2025-01-10T17:20:00,True,914.4539425925925,914.4539425925925,489.8739833333333,0.3374,0.9742,0.0,0.0,0.0,424.91735925925883,0.0,10800.0,10800.0
2025-01-10,2025-01-10T17:30:00,True,912.9276666666667,912.9276666666667,476.03,0.0,0.9862,0.0,0.0,0.0,436.897666666665,0.0,10800.0,10800.0
2025-01-10,2025-01-10T17:40:00,True,931.3717574074072,931.3717574074072,469.9139333333333,0.0,0.976,0.0,0.0,0.0,461.457824074073,0.0,10800.0,10800.0
2025-01-10,2025-01-10T17:50:00,True,838.474524074074,838.474524074074,481.69668333333334,0.024216666666666668,1.0742,0.0,1.6370904631912707e-12,0.0,356.8020574074079,0.0,10800.0,10799.999999999998
2025-01-10,2025-01-10T18:00:00,True,683.1864814814815,683.1864814814815,485.05333333333334,0.0,1.2313,0.0,0.0,0.0,198.13314814814916,0.0,10799.999999999998,10799.999999999998
2025-01-10,2025-01-10T18:10:00,True,124.91561296296254,124.91561296296254,448.63766666666663,0.0,1.2561,0.0,323.72205370370335,0.0,0.0,0.0,10799.999999999998,10440.308829218106
2025-01-10,2025-01-10T18:20:00,True,686.4215962962963,686.4215962962963,432.74063333333334,0.0017333333333333333,1.2447,253.68269629629634,0.0,0.0,0.0,1.0,10440.308829218106,10668.623255884771
2025-01-10,2025-01-10T18:30:00,True,689.4448148148147,689.4448148148147,449.57833333333326,0.0,1.2545,145.9741601280317,0.0,0.0,93.89232135344969,1.0,10668.623255884771,10800.0
2025-01-10,2025-01-10T18:40:00,True,681.213925925926,681.213925925926,454.03856666666667,0.0,1.2522,0.0,1.6370904631912707e-12,0.0,227.17535925926026,0.0,10800.0,10799.999999999998
2025-01-10,2025-01-10T18:50:00,True,0.0,0.0,456.29481666666663,0.0,1.2881,0.0,456.2948166666658,0.0,0.0,0.0,10799.999999999998,10293.005759259258
2025-01-10,2025-01-10T19:00:00,True,0.0,0.0,467.47499999999997,0.0,1.3466,0.0,467.47500000000105,0.0,0.0,0.0,10293.005759259258,9773.58909259259
2025-01-10,2025-01-10T19:10:00,True,0.0,0.0,483.53746666666666,0.0,1.3523,0.0,483.53746666666666,0.0,0.0,0.0,9773.58909259259,9236.325240740738
2025-01-10,2025-01-10T19:20:00,True,0.0,0.0,494.6097,0.0,1.3445,0.0,494.6097,0.0,0.0,0.0,9236.325240740738,8686.758907407404
2025-01-10,2025-01-10T19:30:00,True,0.0,0.0,495.09,0.0,1.3483,0.0,495.09,0.0,0.0,0.0,8686.758907407404,8136.658907407404
2025-01-10,2025-01-10T19:40:00,True,0.0,0.0,484.6943166666666,0.0,1.349,0.0,484.6943166666666,0.0,0.0,0.0,8136.658907407404,7598.109666666663
2025-01-10,2025-01-10T19:50:00,True,0.0,0.0,462.9375666666666,0.0,1.3473,0.0,462.9375666666666,0.0,0.0,0.0,7598.109666666663,7083.734592592588
2025-01-10,2025-01-10T20:00:00,True,0.0,0.0,448.3833333333333,0.0,1.3482,0.0,448.3833333333333,0.0,0.0,0.0,7083.734592592588,6585.530888888885
2025-01-10,2025-01-10T20:10:00,True,0.0,0.0,462.0856,0.0,1.3513,0.0,462.0856,0.0,0.0,0.0,6585.530888888885,6072.10244444444
2025-01-10,2025-01-10T20:20:00,True,0.0,0.0,461.13586666666663,0.0,1.34,0.0,461.13586666666663,0.0,0.0,0.0,6072.10244444444,5559.729259259255
2025-01-10,2025-01-10T20:30:00,True,0.0,0.0,448.23499999999996,0.0,1.3489,0.0,448.23499999999996,0.0,0.0,0.0,5559.729259259255,5061.690370370366
2025-01-10,2025-01-10T20:40:00,True,0.0,0.0,466.7966833333333,0.0,1.3952,0.0,466.7966833333333,0.0,0.0,0.0,5061.690370370366,4543.027388888884
2025-01-10,2025-01-10T20:50:00,True,690.6007703703704,690.6007703703704,477.62733333333335,0.0,1.2226,212.9734370370372,0.0,0.0,-1.9895196601282805e-13,1.0,4543.027388888884,4734.703482222218
2025-01-10,2025-01-10T21:00:00,True,700.2157407407407,700.2157407407407,460.78,0.0,0.9332,239.43574074074098,0.0,0.0,-2.8421709430404007e-13,1.0,4734.703482222218,4950.1956488888845
2025-01-10,2025-01-10T21:10:00,True,701.2787203703704,701.2787203703704,442.33865,0.0,0.9068,258.9400703703702,0.0,0.0,1.7053025658242404e-13,1.0,4950.1956488888845,5183.241712222218
2025-01-10,2025-01-10T21:20:00,True,687.8690703703704,687.8690703703704,467.10474999999997,0.0,0.9371,220.7643203703709,0.0,0.0,-4.547473508864641e-13,1.0,5183.241712222218,5381.929600555552
2025-01-10,2025-01-10T21:30:00,True,686.6946296296296,686.6946296296296,513.6949999999999,0.0,0.9371,172.99962962962934,0.0,0.0,3.410605131648481e-13,1.0,5381.929600555552,5537.629267222218
2025-01-10,2025-01-10T21:40:00,True,717.5822055555554,717.5822055555554,512.2294333333333,0.0,0.9871,205.35277222222248,0.0,0.0,-3.410605131648481e-13,1.0,5537.629267222218,5722.446762222218
2025-01-10,2025-01-10T21:50:00,True,652.8094462962963,652.8094462962963,479.7482,0.0,0.7764,173.0612462962967,0.0,0.0,-3.979039320256561e-13,1.0,5722.446762222218,5878.201883888885
2025-01-10,2025-01-10T22:00:00,True,528.534074074074,528.534074074074,438.36999999999995,0.0,0.4209,90.16407407407415,0.0,0.0,-4.263256414560601e-14,1.0,5878.201883888885,5959.349550555552
2025-01-10,2025-01-10T22:10:00,True,517.2342185185184,517.2342185185184,398.58504999999997,0.0,0.3859,118.64916851851848,0.0,0.0,0.0,1.0,5959.349550555552,6066.133802222219
2025-01-10,2025-01-10T22:20:00,True,536.4022277777779,536.4022277777779,392.15276666666665,0.0,0.4368,144.2494611111112,0.0,0.0,0.0,1.0,6066.133802222219,6195.958317222219
2025-01-10,2025-01-10T22:30:00,True,533.5375925925925,533.5375925925925,412.705,0.0,0.4198,120.83259259259256,0.0,0.0,0.0,1.0,6195.958317222219,6304.707650555552
2025-01-10,2025-01-10T22:40:00,True,539.6897925925925,539.6897925925925,419.4448,0.0,0.4186,120.24499259259255,0.0,0.0,0.0,1.0,6304.707650555552,6412.928143888886
2025-01-10,2025-01-10T22:50:00,True,537.8692629629629,537.8692629629629,409.3870333333333,0.0,0.4241,128.48222962962961,0.0,0.0,0.0,1.0,6412.928143888886,6528.562150555552
2025-01-10,2025-01-10T23:00:00,True,534.78,534.78,411.81,0.0,0.4237,122.96999999999997,0.0,0.0,0.0,1.0,6528.562150555552,6639.235150555552
2025-01-10,2025-01-10T23:10:00,True,557.6183333333333,557.6183333333333,451.76696666666663,0.0,0.4248,105.8513666666667,0.0,0.0,0.0,1.0,6639.235150555552,6734.501380555552
2025-01-10,2025-01-10T23:20:00,True,570.4680111111112,570.4680111111112,452.4115,0.0,0.424,118.0565111111112,0.0,0.0,0.0,1.0,6734.501380555552,6840.752240555552
2025-01-10,2025-01-10T23:30:00,True,565.5868518518519,565.5868518518519,409.55,0.0,0.422,156.03685185185185,0.0,0.0,0.0,1.0,6840.752240555552,6981.185407222219
2025-01-10,2025-01-10T23:40:00,True,568.9520203703703,568.9520203703703,397.4082166666667,0.0,0.424,171.5438037037036,0.0,0.0,0.0,1.0,6981.185407222219,7135.574830555552
2025-01-10,2025-01-10T23:50:00,True,565.2232277777778,565.2232277777778,410.5744666666667,0.0,0.4271,154.64876111111107,0.0,0.0,0.0,1.0,7135.574830555552,7274.758715555552
2025-01-10,2025-01-11T00:00:00,True,569.2964583333332,569.2964583333332,426.705,0.0,0.4276,142.591458333334,0.0,0.0,-7.389644451905042e-13,1.0,7274.758715555552,7403.091028055553
2025-01-11,2025-01-11T00:10:00,True,1398.2623199999998,1398.2623199999998,435.76261666666664,0.0,0.4248,833.3333333333331,0.0,0.0,129.16637000000003,1.0,7403.091028055553,8153.091028055553
2025-01-11,2025-01-11T00:20:00,True,1403.863015,1403.863015,458.7089166666666,0.0,0.4245,833.3333333333352,0.0,0.0,111.82076499999812,1.0,8153.091028055553,8903.091028055554
2025-01-11,2025-01-11T00:30:00,True,1401.9593333333332,1401.9593333333332,478.845,0.0,0.4269,833.3333333333333,0.0,0.0,89.78099999999995,1.0,8903.091028055554,9653.091028055554
2025-01-11,2025-01-11T00:40:00,True,561.4762049999999,561.4762049999999,456.7406,0.0,0.4272,0.0,0.0,0.0,104.73560499999996,1.0,9653.091028055554,9653.091028055554
2025-01-11,2025-01-11T00:50:00,True,1002.8909838271635,1002.8909838271635,441.4707166666667,0.0,0.4271,441.0099688271637,0.0,0.0,120.41029833333312,1.0,9653.091028055554,10050.000000000002
2025-01-11,2025-01-11T01:00:00,True,575.6030000000001,575.6030000000001,458.5083333333333,0.0,0.4285,0.0,0.0,0.0,117.09466666666674,1.0,10050.000000000002,10050.000000000002
2025-01-11,2025-01-11T01:10:00,True,595.1896883333334,595.1896883333334,485.10339999999997,0.0,0.4311,0.0,0.0,0.0,110.08628833333341,1.0,10050.000000000002,10050.000000000002
2025-01-11,2025-01-11T01:20:00,True,599.5135833333334,599.5135833333334,492.0435666666666,0.0,0.4302,0.0,0.0,0.0,107.47001666666677,1.0,10050.000000000002,10050.000000000002
2025-01-11,2025-01-11T01:30:00,True,589.5431666666666,589.5431666666666,483.64666666666665,0.0,0.4279,0.0,0.0,0.0,105.89649999999995,1.0,10050.000000000002,10050.000000000002
2025-01-11,2025-01-11T01:40:00,True,587.1213,587.1213,490.31759999999997,0.0,0.4312,0.0,0.0,0.0,96.80370000000005,1.0,10050.000000000002,10050.000000000002
2025-01-11,2025-01-11T01:50:00,True,595.6637783333333,595.6637783333333,507.94398333333334,0.0,0.4333,0.0,0.0,0.0,87.71979499999998,1.0,10050.000000000002,10050.000000000002
2025-01-11,2025-01-11T02:00:00,True,607.242,607.242,516.2383333333332,0.0,0.4311,91.0036666666666,0.0,0.0,1.2789769243681803e-13,1.0,10050.000000000002,10131.903300000002
2025-01-11,2025-01-11T02:10:00,True,611.6701966666666,611.6701966666666,501.4458666666667,0.0,0.4293,0.0,0.0,0.0,110.2243299999999,1.0,10131.903300000002,10131.903300000002
2025-01-11,2025-01-11T02:20:00,True,615.244775,615.244775,502.26131666666663,0.0,0.4324,0.0,0.0,0.0,112.98345833333337,1.0,10131.903300000002,10131.903300000002
2025-01-11,2025-01-11T02:30:00,True,621.112,621.112,517.2916666666666,0.0,0.4367,0.0,0.0,0.0,103.82033333333334,1.0,10131.903300000002,10131.903300000002
2025-01-11,2025-01-11T02:40:00,True,625.4676616666666,625.4676616666666,510.4945666666666,0.0,0.4348,0.0,0.0,0.0,114.97309499999994,1.0,10131.903300000002,10131.903300000002
2025-01-11,2025-01-11T02:50:00,True,626.2847983333335,626.2847983333335,517.7448166666666,0.0,0.4335,0.0,0.0,0.0,108.5399816666669,1.0,10131.903300000002,10131.903300000002
2025-01-11,2025-01-11T03:00:00,True,626.8958333333334,626.8958333333334,534.3199999999999,0.0,0.4357,0.0,0.0,0.0,92.57583333333343,1.0,10131.903300000002,10131.903300000002
2025-01-11,2025-01-11T03:10:00,True,633.1300983333333,633.1300983333333,521.9541999999999,0.0,0.4374,0.0,0.0,0.0,111.17589833333341,1.0,10131.903300000002,10131.903300000002
2025-01-11,2025-01-11T03:20:00,True,641.3475333333333,641.3475333333333,540.2833666666667,0.0,0.4371,0.0,0.0,0.0,101.06416666666667,1.0,10131.903300000002,10131.903300000002
2025-01-11,2025-01-11T03:30:00,True,642.7700000000001,642.7700000000001,570.0533333333333,0.0,0.4356,72.71666666666634,0.0,0.0,4.689582056016661e-13,1.0,10131.903300000002,10197.348300000001
2025-01-11,2025-01-11T03:40:00,True,633.3525283333332,633.3525283333332,529.7007833333332,0.0,0.4353,0.0,0.0,0.0,103.651745,1.0,10197.348300000001,10197.348300000001
2025-01-11,2025-01-11T03:50:00,True,637.4489183333333,637.4489183333333,500.6021333333333,0.0,0.436,0.0,0.0,0.0,136.84678499999995,1.0,10197.348300000001,10197.348300000001
2025-01-11,2025-01-11T04:00:00,True,654.5958333333332,654.5958333333332,517.6033333333332,0.0,0.4378,0.0,0.0,0.0,136.99249999999995,0.0,10197.348300000001,10197.348300000001
2025-01-11,2025-01-11T04:10:00,True,658.3508766666666,658.3508766666666,534.5654499999999,0.0,0.4401,-0.0,0.0,0.0,123.7854266666667,0.0,10197.348300000001,10197.348300000001
2025-01-11,2025-01-11T04:20:00,True,646.7165533333333,646.7165533333333,535.60875,0.0,0.4389,-0.0,0.0,0.0,111.10780333333332,0.0,10197.348300000001,10197.348300000001
2025-01-11,2025-01-11T04:30:00,True,637.2234999999998,637.2234999999998,526.2316666666666,0.0,0.4364,-0.0,0.0,0.0,110.99183333333326,0.0,10197.348300000001,10197.348300000001
2025-01-11,2025-01-11T04:40:00,True,649.993645,649.993645,523.0082166666666,0.0,0.4393,-0.0,0.0,0.0,126.9854283333334,0.0,10197.348300000001,10197.348300000001
2025-01-11,2025-01-11T04:50:00,True,664.0502533333333,664.0502533333333,534.4376,0.0,0.4422,-0.0,0.0,0.0,129.61265333333336,0.0,10197.348300000001,10197.348300000001
2025-01-11,2025-01-11T05:00:00,True,666.1851666666668,666.1851666666668,543.8766666666667,0.0,0.4395,-0.0,0.0,0.0,122.3085000000001,0.0,10197.348300000001,10197.348300000001
2025-01-11,2025-01-11T05:10:00,True,662.5229633333332,662.5229633333332,531.2656833333333,0.0,0.4333,-0.0,0.0,0.0,131.25727999999992,0.0,10197.348300000001,10197.348300000001
2025-01-11,2025-01-11T05:20:00,True,662.9959816666667,662.9959816666667,551.0473999999999,0.0,0.4439,-0.0,0.0,0.0,111.94858166666677,0.0,10197.348300000001,10197.348300000001
2025-01-11,2025-01-11T05:30:00,True,660.6346666666666,660.6346666666666,590.9633333333334,0.0,0.4301,-0.0,0.0,0.0,69.67133333333322,0.0,10197.348300000001,10197.348300000001
2025-01-11,2025-01-11T05:40:00,True,1485.3475633333333,1485.3475633333333,578.8492833333332,0.0013333333333333333,0.3713,669.6129999999984,0.0,0.0,236.88661333333505,1.0,10197.348300000001,10800.0
2025-01-11,2025-01-11T05:50:00,True,712.7495766666666,712.7495766666666,544.8251499999999,0.0,0.5708,0.0,1.6370904631912707e-12,0.0,167.92442666666724,0.0,10800.0,10799.999999999998
2025-01-11,2025-01-11T06:00:00,True,454.38003500000167,454.38003500000167,536.1866666666666,0.0,0.9099,0.0,81.80663166666436,0.0,0.0,0.0,10799.999999999998,10709.103742592593
2025-01-11,2025-01-11T06:10:00,True,0.0,0.0,568.41095,0.01865,0.9368,0.0,568.3922999999987,0.0,0.0,0.0,10709.103742592593,10077.556742592595
2025-01-11,2025-01-11T06:20:00,True,802.3911599999999,802.3911599999999,571.3024833333333,0.0,0.8758,0.0,0.0,0.0,231.08867666666663,0.0,10077.556742592595,10077.556742592595
2025-01-11,2025-01-11T06:30:00,True,805.7766499999998,805.7766499999998,550.2449999999999,0.0,0.8759,0.0,0.0,0.0,255.5316499999999,0.0,10077.556742592595,10077.556742592595
2025-01-11,2025-01-11T06:40:00,True,798.0055283333335,798.0055283333335,577.1569833333333,0.25966666666666666,0.8601,0.0,0.0,0.0,221.10821166666688,0.0,10077.556742592595,10077.556742592595
2025-01-11,2025-01-11T06:50:00,True,798.0288416666666,798.0288416666666,605.1416833333333,0.0,0.8442,0.0,0.0,0.0,192.88715833333333,0.0,10077.556742592595,10077.556742592595
2025-01-11,2025-01-11T07:00:00,True,810.7418000000001,810.7418000000001,616.255,9.549999999999999,0.8334,0.0,0.0,0.0,204.03680000000008,0.0,10077.556742592595,10077.556742592595
2025-01-11,2025-01-11T07:10:00,True,781.1271794444442,781.1271794444442,638.289,44.71106666666666,0.8092,0.0,0.0,0.0,187.54924611111085,0.0,10077.556742592595,10077.556742592595
2025-01-11,2025-01-11T07:20:00,True,751.7701105555556,751.7701105555556,645.0697333333333,85.38778333333332,0.7972,0.0,0.0,0.0,192.08816055555565,0.0,10077.556742592595,10077.556742592595
2025-01-11,2025-01-11T07:30:00,True,704.5964,704.5964,641.1916666666666,123.86874999999999,0.7644,0.0,0.0,0.0,187.2734833333334,0.0,10077.556742592595,10077.556742592595
2025-01-11,2025-01-11T07:40:00,True,1467.1840844444446,1467.1840844444446,658.6949,168.80605,0.6899,0.0,0.0,0.0,977.2952344444446,0.0,10077.556742592595,10077.556742592595
2025-01-11,2025-01-11T07:50:00,True,681.6270922222221,681.6270922222221,661.8809333333334,211.38963333333334,0.86,0.0,0.0,0.0,231.1357922222221,0.0,10077.556742592595,10077.556742592595
2025-01-11,2025-01-11T08:00:00,True,0.0,0.0,646.385,252.95624999999998,1.1617,0.0,393.4287499999989,0.0,0.0,0.0,10077.556742592595,9640.41368703704
2025-01-11,2025-01-11T08:10:00,True,0.0,0.0,645.5786333333333,305.8659,1.1683,0.0,339.7127333333333,0.0,0.0,0.0,9640.41368703704,9262.955094444447
2025-01-11,2025-01-11T08:20:00,True,0.0,0.0,649.1582333333333,367.5336,1.0956,0.0,281.62463333333335,0.0,0.0,0.0,9262.955094444447,8950.038835185187
2025-01-11,2025-01-11T08:30:00,True,0.0,0.0,645.0783333333333,429.8625,1.0849,0.0,215.21583333333325,0.0,0.0,0.0,8950.038835185187,8710.910131481483
2025-01-11,2025-01-11T08:40:00,True,0.0,0.0,638.1354166666666,484.83383333333336,1.061,0.0,153.30158333333327,0.0,0.0,0.0,8710.910131481483,8540.57503888889
2025-01-11,2025-01-11T08:50:00,True,0.0,0.0,659.9555499999999,531.3454166666667,1.043,0.0,128.61013333333324,0.0,0.0,0.0,8540.57503888889,8397.674890740742
2025-01-11,2025-01-11T09:00:00,True,0.0,0.0,710.3933333333332,573.4375,1.036,0.0,136.9558333333332,0.0,0.0,0.0,8397.674890740742,8245.501742592594
2025-01-11,2025-01-11T09:10:00,True,0.0,0.0,752.2063499999999,613.9011666666667,1.0147,0.0,138.30518333333328,0.0,0.0,0.0,8245.501742592594,8091.829316666668
2025-01-11,2025-01-11T09:20:00,True,0.0,0.0,755.4530333333333,638.1548666666666,0.9922,0.0,117.2981666666667,0.0,0.0,0.0,8091.829316666668,7961.498020370372
2025-01-11,2025-01-11T09:30:00,True,0.0,0.0,742.4849999999999,654.68125,0.97,0.0,87.80374999999992,0.0,0.0,0.0,7961.498020370372,7863.938298148149
2025-01-11,2025-01-11T09:40:00,True,0.0,0.0,761.3455666666666,690.7507333333333,0.9422,0.0,70.59483333333333,0.0,0.0,0.0,7863.938298148149,7785.499594444445
2025-01-11,2025-01-11T09:50:00,True,0.0,0.0,765.0443166666666,738.4695333333334,0.9569,0.0,26.574783333333244,0.0,0.0,0.0,7785.499594444445,7755.972057407408
2025-01-11,2025-01-11T10:00:00,True,0.0,0.0,736.5383333333332,768.6374999999999,0.9977,0.0,0.0,0.0,32.09916666666675,0.0,7755.972057407408,7755.972057407408
2025-01-11,2025-01-11T10:10:00,True,0.0,0.0,709.7666333333333,760.9039833333333,0.9919,0.0,0.0,0.0,51.13734999999997,0.0,7755.972057407408,7755.972057407408
2025-01-11,2025-01-11T10:20:00,True,0.0,0.0,704.4237333333333,776.39075,0.9588,0.0,0.0,0.0,71.96701666666672,0.0,7755.972057407408,7755.972057407408
2025-01-11,2025-01-11T10:30:00,True,0.0,0.0,709.9033333333333,833.46875,0.9549,0.0,0.0,0.0,123.56541666666669,0.0,7755.972057407408,7755.972057407408
2025-01-11,2025-01-11T10:40:00,True,0.0,0.0,702.4639999999999,893.9995833333334,0.9839,0.0,0.0,0.0,191.53558333333342,0.0,7755.972057407408,7755.972057407408
2025-01-11,2025-01-11T10:50:00,True,129.11235833333285,129.11235833333285,708.8483333333334,946.6465333333333,0.799,0.0,0.0,0.0,366.9105583333328,0.0,7755.972057407408,7755.972057407408
2025-01-11,2025-01-11T11:00:00,True,913.7090166666666,913.7090166666666,733.4583333333333,983.53125,0.5025,0.0,0.0,0.0,1163.7819333333332,0.0,7755.972057407408,7755.972057407408
2025-01-11,2025-01-11T11:10:00,True,903.4887738888888,903.4887738888888,745.7533666666666,997.8682666666666,0.4662,0.0,0.0,0.0,1155.6036738888888,0.0,7755.972057407408,7755.972057407408
2025-01-11,2025-01-11T11:20:00,True,897.8591294444444,897.8591294444444,719.1191999999999,1002.5773333333333,0.5007,0.0,0.0,0.0,1181.3172627777778,0.0,7755.972057407408,7755.972057407408
2025-01-11,2025-01-11T11:30:00,True,894.0698666666666,894.0698666666666,689.7633333333333,1006.1187499999999,0.4827,0.0,0.0,0.0,1210.425283333333,0.0,7755.972057407408,7755.972057407408
2025-01-11,2025-01-11T11:40:00,True,882.7805805555555,882.7805805555555,719.13355,1008.0283166666666,0.4785,0.0,0.0,0.0,1171.6753472222222,0.0,7755.972057407408,7755.972057407408
2025-01-11,2025-01-11T11:50:00,True,859.0851844444445,859.0851844444445,728.0537666666667,1009.3277333333333,0.4662,0.0,0.0,0.0,1140.3591511111113,0.0,7755.972057407408,7755.972057407408
2025-01-11,2025-01-11T12:00:00,True,826.2662166666665,826.2662166666665,697.6533333333333,999.40625,0.4432,-0.0,0.0,0.0,1128.0191333333332,0.0,7755.972057407408,7755.972057407408
2025-01-11,2025-01-11T12:10:00,True,804.1830405555556,804.1830405555556,688.7547666666666,969.1625333333333,0.4411,0.0,0.0,0.0,1084.5908072222223,0.0,7755.972057407408,7755.972057407408
2025-01-11,2025-01-11T12:20:00,True,798.2512894444445,798.2512894444445,696.7887666666667,961.8237666666666,0.4551,-0.0,0.0,0.0,1063.2862894444445,0.0,7755.972057407408,7755.972057407408
2025-01-11,2025-01-11T12:30:00,True,802.36015,802.36015,708.4833333333332,985.1625,0.4463,793.610891083679,0.0,0.0,285.42842558298776,1.0,7755.972057407408,8470.22185938272
2025-01-11,2025-01-11T12:40:00,True,799.6897055555555,799.6897055555555,715.6275166666666,1004.2348999999999,0.4113,830.194688888888,0.0,0.0,258.102400000001,1.0,8470.22185938272,9217.39707938272
2025-01-11,2025-01-11T12:50:00,True,812.1063744444444,812.1063744444444,697.0672500000001,1007.7281333333333,0.5682,831.1717777777772,0.0,0.0,291.5954800000004,1.0,9217.39707938272,9965.451679382719
2025-01-11,2025-01-11T13:00:00,True,0.0,29.00456666666662,665.16,986.6187499999999,0.8279,0.0,0.0,0.0,350.4633166666665,0.0,9965.451679382719,9965.451679382719
2025-01-11,2025-01-11T13:10:00,True,18.88534833333324,68.92485111111114,656.5186166666666,938.03815,0.8636,0.0,0.0,0.0,350.4443844444445,0.0,9965.451679382719,9965.451679382719
2025-01-11,2025-01-11T13:20:00,True,41.41396000000009,112.23798222222217,658.2507666666667,898.3660499999999,0.8416,0.0,0.0,0.0,352.35326555555537,0.0,9965.451679382719,9965.451679382719
2025-01-11,2025-01-11T13:30:00,True,65.07409166666673,156.68263333333346,663.9116666666666,868.71875,0.8618,0.0,0.0,0.0,361.4897166666668,0.0,9965.451679382719,9965.451679382719
2025-01-11,2025-01-11T13:40:00,True,62.89044166666656,175.2835027777778,679.7205333333333,822.3220333333334,0.8623,0.0,0.0,0.0,317.8850027777779,0.0,9965.451679382719,9965.451679382719
2025-01-11,2025-01-11T13:50:00,True,0.0,0.0,686.3905,798.2426999999999,0.9026,-0.0,0.0,0.0,111.85219999999993,0.0,9965.451679382719,9965.451679382719
2025-01-11,2025-01-11T14:00:00,True,0.0,0.0,675.165,782.3874999999999,0.9754,-0.0,0.0,0.0,107.22249999999997,0.0,9965.451679382719,9965.451679382719
2025-01-11,2025-01-11T14:10:00,True,0.0,0.0,654.0992833333332,718.1877999999999,1.0002,-0.0,0.0,0.0,64.08851666666669,0.0,9965.451679382719,9965.451679382719
2025-01-11,2025-01-11T14:20:00,True,0.0,0.0,630.31115,657.2058999999999,0.9978,-0.0,0.0,0.0,26.89474999999993,0.0,9965.451679382719,9965.451679382719
2025-01-11,2025-01-11T14:30:00,True,0.0,0.0,617.04,623.4812499999999,1.0271,-0.0,0.0,0.0,6.441249999999968,0.0,9965.451679382719,9965.451679382719
2025-01-11,2025-01-11T14:40:00,True,0.0,0.0,626.5177,591.53305,1.0906,0.0,34.98464999999999,0.0,0.0,0.0,9965.451679382719,9926.579846049386
2025-01-11,2025-01-11T14:50:00,True,0.0,0.0,641.0206,558.9146,0.9376,0.0,82.106,0.0,0.0,0.0,9926.579846049386,9835.350957160497
2025-01-11,2025-01-11T15:00:00,True,1192.1147166666665,1320.9668833333333,640.9816666666666,525.24375,0.6694,-0.0,0.0,0.0,1205.2289666666666,0.0,9835.350957160497,9835.350957160497
2025-01-11,2025-01-11T15:10:00,True,1244.9453755555555,1360.347756111111,625.6331499999999,488.6875666666666,0.66,-0.0,0.0,0.0,1223.4021727777777,0.0,9835.350957160497,9835.350957160497
2025-01-11,2025-01-11T15:20:00,True,1136.2048046913555,1392.8094022222222,642.9069,458.11138333333326,0.7217,833.3333333333353,0.0,0.0,374.6805522222203,1.0,9835.350957160497,10585.3509571605
2025-01-11,2025-01-11T15:30:00,True,497.7637499999999,992.5752771261987,670.3016666666666,429.03125,0.7308,137.77981982166844,0.0,0.0,613.5250406378636,1.0,10585.3509571605,10709.352795
2025-01-11,2025-01-11T15:40:00,True,554.0666355555554,629.1196577777777,637.4974333333332,386.09485,0.7534,58.142755555555695,0.0,0.0,319.57431888888874,1.0,10709.352795,10761.681275
2025-01-11,2025-01-11T15:50:00,True,618.2320161111111,679.8352522222222,609.5029666666667,334.7833333333333,0.7823,0.0,0.0,0.0,405.1156188888888,0.0,10761.681275,10761.681275
2025-01-11,2025-01-11T16:00:00,True,673.6311166666667,721.7845666666667,604.6883333333333,286.48749999999995,0.8055,17.19322777777658,0.0,0.0,386.3905055555568,1.0,10761.681275,10777.15518
2025-01-11,2025-01-11T16:10:00,True,702.0200672222222,742.1820838888884,580.8684666666666,247.32614999999998,0.8271,-0.0,0.0,0.0,408.63976722222185,0.0,10777.15518,10777.15518
2025-01-11,2025-01-11T16:20:00,True,728.8471427777775,761.0177261111113,576.8574666666666,201.12045,0.8519,25.383133333333614,0.0,0.0,359.8975761111111,1.0,10777.15518,10800.0
2025-01-11,2025-01-11T16:30:00,True,770.0656166666668,794.2447666666667,600.4633333333334,146.325,0.8791,0.0,0.0,0.0,340.1064333333316,0.0,10800.0,10800.0
2025-01-11,2025-01-11T16:40:00,True,823.9356788888894,840.1233955555555,605.9628166666666,96.89268333333332,0.9024,0.0,0.0,0.0,331.0532622222209,0.0,10800.0,10800.0
2025-01-11,2025-01-11T16:50:00,True,854.0557594444439,862.2520427777777,546.0154833333333,48.68861666666667,0.9163,0.0,0.0,0.0,364.92517611111094,0.0,10800.0,10800.0
2025-01-11,2025-01-11T17:00:00,True,869.6361166666665,869.8409666666664,462.33500000000004,10.424999999999999,0.9264,0.0,0.0,0.0,417.93096666666594,0.0,10800.0,10800.0
2025-01-11,2025-01-11T17:10:00,True,871.8298244444444,872.0005327777777,452.2771333333333,0.0,0.9462,0.0,0.0,0.0,419.72339944444417,0.0,10800.0,10800.0
2025-01-11,2025-01-11T17:20:00,True,870.6626022222221,870.7991688888887,481.16529999999995,0.25253333333333333,0.9742,0.0,0.0,0.0,389.88640222222153,0.0,10800.0,10800.0
2025-01-11,2025-01-11T17:30:00,True,868.2378916666667,868.3403166666667,501.7416666666666,0.0,0.9862,0.0,0.0,0.0,366.59864999999905,0.0,10800.0,10800.0
2025-01-11,2025-01-11T17:40:00,True,884.5593027777776,884.6275861111109,495.53661666666665,0.0,0.976,0.0,0.0,0.0,389.0909694444427,0.0,10800.0,10800.0
2025-01-11,2025-01-11T17:50:00,True,802.4634038888888,802.4975455555556,473.96944999999994,0.01813333333333333,1.0742,0.0,1.6370904631912707e-12,0.0,328.54622888888923,0.0,10800.0,10799.999999999998
2025-01-11,2025-01-11T18:00:00,True,663.3731666666666,663.3731666666666,463.66166666666663,0.0,1.2313,0.0,0.0,0.0,199.7115000000002,0.0,10799.999999999998,10799.999999999998
2025-01-11,2025-01-11T18:10:00,True,0.0,0.0,480.8428666666667,0.0,1.2561,0.0,480.84286666666503,0.0,0.0,0.0,10799.999999999998,10265.730148148148
2025-01-11,2025-01-11T18:20:00,True,661.0535,661.0535,471.9516166666666,0.0013,1.2447,189.1031833333334,0.0,0.0,0.0,1.0,10265.730148148148,10435.923013148149
2025-01-11,2025-01-11T18:30:00,True,521.8735200000016,521.8735200000016,448.64166666666665,0.0,1.2545,73.23185333333493,0.0,0.0,0.0,1.0,10435.923013148149,10501.83168114815
2025-01-11,2025-01-11T18:40:00,True,658.49639,658.49639,472.58801666666665,0.0,1.2522,185.90837333333337,0.0,0.0,0.0,1.0,10501.83168114815,10669.149217148151
2025-01-11,2025-01-11T18:50:00,True,0.0,0.0,478.332,0.0,1.2881,0.0,478.33200000000124,0.0,0.0,0.0,10669.149217148151,10137.66921714815
2025-01-11,2025-01-11T19:00:00,True,0.0,0.0,453.78666666666663,0.0,1.3466,0.0,453.7866666666672,0.0,0.0,0.0,10137.66921714815,9633.461809740742
2025-01-11,2025-01-11T19:10:00,True,0.0,0.0,454.0116833333333,0.0,1.3523,0.0,454.0116833333333,0.0,0.0,0.0,9633.461809740742,9129.004383814816
2025-01-11,2025-01-11T19:20:00,True,0.0,0.0,460.0325,0.0,1.3445,0.0,460.0325,0.0,0.0,0.0,9129.004383814816,8617.857161592594
2025-01-11,2025-01-11T19:30:00,True,0.0,0.0,470.66999999999996,0.0,1.3483,0.0,470.66999999999996,0.0,0.0,0.0,8617.857161592594,8094.890494925928
2025-01-11,2025-01-11T19:40:00,True,0.0,0.0,502.2483333333333,0.0,1.349,0.0,502.2483333333333,0.0,0.0,0.0,8094.890494925928,7536.836791222224
2025-01-11,2025-01-11T19:50:00,True,0.0,0.0,495.7262166666667,0.0,1.3473,0.0,495.7262166666667,0.0,0.0,0.0,7536.836791222224,6986.0298838148165
2025-01-11,2025-01-11T20:00:00,True,0.0,0.0,455.1716666666667,0.0,1.3482,0.0,455.1716666666667,0.0,0.0,0.0,6986.0298838148165,6480.28358751852
2025-01-11,2025-01-11T20:10:00,True,0.0,0.0,447.7202833333333,0.0,1.3513,0.0,447.7202833333333,0.0,0.0,0.0,6480.28358751852,5982.816606037039
2025-01-11,2025-01-11T20:20:00,True,0.0,0.0,463.75645,0.0,1.34,0.0,463.75645,0.0,0.0,0.0,5982.816606037039,5467.531661592594
2025-01-11,2025-01-11T20:30:00,True,0.0,0.0,483.09,0.0,1.3489,0.0,483.09,0.0,0.0,0.0,5467.531661592594,4930.764994925928
2025-01-11,2025-01-11T20:40:00,True,0.0,0.0,496.2437333333333,0.0,1.3952,0.0,496.2437333333333,0.0,0.0,0.0,4930.764994925928,4379.383069000001
2025-01-11,2025-01-11T20:50:00,True,669.3034266666666,669.3034266666666,498.80274999999995,0.0,1.2226,170.50067666666715,0.0,0.0,-4.831690603168681e-13,1.0,4379.383069000001,4532.833678000002
2025-01-11,2025-01-11T21:00:00,True,676.2721666666665,676.2721666666665,493.97166666666664,0.0,0.9332,182.30050000000017,0.0,0.0,-2.8421709430404007e-13,1.0,4532.833678000002,4696.904128000002
2025-01-11,2025-01-11T21:10:00,True,675.3847133333333,675.3847133333333,488.9876166666666,0.0,0.9068,186.39709666666627,0.0,0.0,3.694822225952521e-13,1.0,4696.904128000002,4864.661515000002
2025-01-11,2025-01-11T21:20:00,True,665.7926383333333,665.7926383333333,482.1296666666666,0.0,0.9371,183.66297166666703,0.0,0.0,-2.8421709430404007e-13,1.0,4864.661515000002,5029.958189500002
2025-01-11,2025-01-11T21:30:00,True,669.3946666666666,669.3946666666666,486.3416666666667,0.0,0.9371,183.05299999999988,0.0,0.0,0.0,1.0,5029.958189500002,5194.705889500002
2025-01-11,2025-01-11T21:40:00,True,697.0469283333332,697.0469283333332,508.4937,0.0,0.9871,188.55322833333352,0.0,0.0,-3.126388037344441e-13,1.0,5194.705889500002,5364.403795000002
2025-01-11,2025-01-11T21:50:00,True,635.5033216666667,635.5033216666667,468.5596833333333,0.0,0.7764,166.94363833333327,0.0,0.0,1.4210854715202004e-13,1.0,5364.403795000002,5514.653069500002
2025-01-11,2025-01-11T22:00:00,True,519.5176666666666,519.5176666666666,385.1816666666667,0.0,0.4209,134.33599999999993,0.0,0.0,2.842170943040401e-14,1.0,5514.653069500002,5635.555469500002
2025-01-11,2025-01-11T22:10:00,True,505.3693016666666,505.3693016666666,369.36451666666665,0.0,0.3859,136.00478499999997,0.0,0.0,0.0,1.0,5635.555469500002,5757.9597760000015
2025-01-11,2025-01-11T22:20:00,True,521.9772816666667,521.9772816666667,417.61781666666667,0.0,0.4368,104.35946500000006,0.0,0.0,0.0,1.0,5757.9597760000015,5851.883294500001
2025-01-11,2025-01-11T22:30:00,True,521.4543333333334,521.4543333333334,459.385,0.0,0.4198,62.06933333333336,0.0,0.0,0.0,1.0,5851.883294500001,5907.745694500001
2025-01-11,2025-01-11T22:40:00,True,527.6652933333332,527.6652933333332,427.79895,0.0,0.4186,99.86634333333325,0.0,0.0,0.0,1.0,5907.745694500001,5997.625403500001
2025-01-11,2025-01-11T22:50:00,True,525.02104,525.02104,414.0708333333333,0.0,0.4241,110.95020666666665,0.0,0.0,0.0,1.0,5997.625403500001,6097.480589500001
2025-01-11,2025-01-11T23:00:00,True,522.483,522.483,432.2066666666666,0.0,0.4237,90.27633333333335,0.0,0.0,0.0,1.0,6097.480589500001,6178.729289500001
2025-01-11,2025-01-11T23:10:00,True,547.0331966666666,547.0331966666666,411.16073333333327,0.0,0.4248,135.87246333333337,0.0,0.0,0.0,1.0,6178.729289500001,6301.014506500001
2025-01-11,2025-01-11T23:20:00,True,558.66236,558.66236,404.9495333333333,0.0,0.424,153.71282666666673,0.0,0.0,0.0,1.0,6301.014506500001,6439.3560505000005
2025-01-11,2025-01-11T23:30:00,True,549.9831666666666,549.9831666666666,425.95333333333326,0.0,0.422,124.02983333333339,0.0,0.0,0.0,1.0,6439.3560505000005,6550.9829005
2025-01-11,2025-01-11T23:40:00,True,551.79764,551.79764,438.43658333333326,0.0,0.424,113.36105666666674,0.0,0.0,0.0,1.0,6550.9829005,6653.0078515000005
2025-01-11,2025-01-11T23:50:00,True,549.7583516666666,549.7583516666666,506.28425,0.0,0.4271,43.47410166666663,0.0,0.0,0.0,1.0,6653.0078515000005,6692.134543
2025-01-11,2025-01-12T00:00:00,True,556.2224074074073,556.2224074074073,612.8033333333333,0.0,0.4276,0.0,56.58092592592595,0.0,0.0,0.0,6692.134543,6629.266847526749
2025-01-12,2025-01-12T00:10:00,True,1386.5199227272726,1386.5199227272726,657.94785,0.0,0.4248,728.5720727272726,0.0,0.0,0.0,1.0,6629.266847526749,7284.981712981295
2025-01-12,2025-01-12T00:20:00,True,1393.697490909091,1393.697490909091,635.2535166666667,0.0,0.4245,758.4439742424242,0.0,0.0,0.0,1.0,7284.981712981295,7967.5812897994765
2025-01-12,2025-01-12T00:30:00,True,1393.7974242424243,1393.7974242424243,603.7666666666667,0.0,0.4269,790.0307575757577,0.0,0.0,0.0,1.0,7967.5812897994765,8678.608971617658
2025-01-12,2025-01-12T00:40:00,True,1019.4360668894706,1019.4360668894706,627.08245,0.0,0.4272,392.3536168894706,0.0,0.0,0.0,1.0,8678.608971617658,9031.72722681818
2025-01-12,2025-01-12T00:50:00,True,1384.2679575757575,1384.2679575757575,627.7095999999999,0.0,0.4271,756.5583575757576,0.0,0.0,0.0,1.0,9031.72722681818,9712.629748636362
2025-01-12,2025-01-12T01:00:00,True,564.9580303030303,564.9580303030303,594.9616666666666,0.0,0.4285,0.0,4.334310688136611e-13,30.003636363635813,0.0,0.0,9712.629748636362,9712.629748636362
2025-01-12,2025-01-12T01:10:00,True,585.181843939394,585.181843939394,601.4366166666666,0.0,0.4311,0.0,-4.547473508864641e-13,16.25477272727312,0.0,0.0,9712.629748636362,9712.629748636362
2025-01-12,2025-01-12T01:20:00,True,589.7435818181818,589.7435818181818,642.1397166666666,0.0,0.4302,0.0,7.744915819785092e-13,52.39613484848396,0.0,0.0,9712.629748636362,9712.629748636362
2025-01-12,2025-01-12T01:30:00,True,579.9162121212121,579.9162121212121,677.345,0.0,0.4279,0.0,0.0,97.42878787878794,0.0,0.0,9712.629748636362,9712.629748636362
2025-01-12,2025-01-12T01:40:00,True,578.3209636363637,578.3209636363637,667.3810166666666,0.0,0.4312,0.0,0.0,89.06005303030292,0.0,0.0,9712.629748636362,9712.629748636362
2025-01-12,2025-01-12T01:50:00,True,587.6892515151516,587.6892515151516,630.0515666666666,0.0,0.4333,0.0,4.121147867408581e-13,42.362315151514665,0.0,0.0,9712.629748636362,9712.629748636362
2025-01-12,2025-01-12T02:00:00,True,598.9689393939393,598.9689393939393,607.5016666666667,0.0,0.4311,0.0,0.0,8.532727272727357,0.0,0.0,9712.629748636362,9712.629748636362
2025-01-12,2025-01-12T02:10:00,True,601.6498030303029,601.6498030303029,630.0756833333332,0.0,0.4293,0.0,0.0,28.42588030303034,0.0,0.0,9712.629748636362,9712.629748636362
2025-01-12,2025-01-12T02:20:00,True,604.9735515151516,604.9735515151516,644.9068666666667,0.0,0.4324,0.0,-2.0605739337042905e-13,39.93331515151531,0.0,0.0,9712.629748636362,9712.629748636362
2025-01-12,2025-01-12T02:30:00,True,611.673787878788,611.673787878788,652.3116666666666,0.0,0.4367,0.0,0.0,40.63787878787866,0.0,0.0,9712.629748636362,9712.629748636362
2025-01-12,2025-01-12T02:40:00,True,615.015562121212,615.015562121212,698.7637166666666,0.0,0.4348,0.0,0.0,83.74815454545455,0.0,0.0,9712.629748636362,9712.629748636362
2025-01-12,2025-01-12T02:50:00,True,616.4175272727274,616.4175272727274,721.79125,0.0,0.4335,0.0,0.0,105.3737227272726,0.0,0.0,9712.629748636362,9712.629748636362
2025-01-12,2025-01-12T03:00:00,True,618.4798484848485,618.4798484848485,694.5933333333334,0.0,0.4357,0.0,0.0,76.11348484848486,0.0,0.0,9712.629748636362,9712.629748636362
2025-01-12,2025-01-12T03:10:00,True,623.0231984848485,623.0231984848485,658.6037333333334,0.0,0.4374,0.0,0.0,35.58053484848483,0.0,0.0,9712.629748636362,9712.629748636362
2025-01-12,2025-01-12T03:20:00,True,632.1598818181818,632.1598818181818,669.47555,0.0,0.4371,0.0,0.0,37.31566818181818,0.0,0.0,9712.629748636362,9712.629748636362
2025-01-12,2025-01-12T03:30:00,True,636.159393939394,636.159393939394,698.5016666666667,0.0,0.4356,0.0,0.0,62.34227272727264,0.0,0.0,9712.629748636362,9712.629748636362
2025-01-12,2025-01-12T03:40:00,True,623.9296424242424,623.9296424242424,668.2077333333333,0.0,0.4353,0.0,7.744915819785092e-13,44.27809090909013,0.0,0.0,9712.629748636362,9712.629748636362
2025-01-12,2025-01-12T03:50:00,True,625.0083015151514,625.0083015151514,651.30355,0.0,0.436,0.0,0.0,26.29524848484857,0.0,0.0,9712.629748636362,9712.629748636362
2025-01-12,2025-01-12T04:00:00,True,642.1419696969696,642.1419696969696,676.9583333333333,0.0,0.4378,0.0,0.0,34.81636363636369,0.0,0.0,9712.629748636362,9712.629748636362
2025-01-12,2025-01-12T04:10:00,True,647.097656060606,647.097656060606,700.0366,0.0,0.4401,0.0,0.0,52.938943939393994,0.0,0.0,9712.629748636362,9712.629748636362
2025-01-12,2025-01-12T04:20:00,True,636.6158439393939,636.6158439393939,706.6536333333333,0.0,0.4389,0.0,0.0,70.03778939393942,0.0,0.0,9712.629748636362,9712.629748636362
2025-01-12,2025-01-12T04:30:00,True,627.1333333333332,627.1333333333332,698.2233333333334,0.0,0.4364,0.0,0.0,71.09000000000015,0.0,0.0,9712.629748636362,9712.629748636362
2025-01-12,2025-01-12T04:40:00,True,638.4495151515151,638.4495151515151,685.6066833333332,0.0,0.4393,0.0,0.0,47.157168181818065,0.0,0.0,9712.629748636362,9712.629748636362
2025-01-12,2025-01-12T04:50:00,True,652.2672848484849,652.2672848484849,689.7339666666667,0.0,0.4422,0.0,0.0,37.46668181818177,0.0,0.0,9712.629748636362,9712.629748636362
2025-01-12,2025-01-12T05:00:00,True,655.0662121212122,655.0662121212122,702.54,0.0,0.4395,0.0,0.0,47.47378787878779,0.0,0.0,9712.629748636362,9712.629748636362
2025-01-12,2025-01-12T05:10:00,True,650.5904833333333,650.5904833333333,700.4579666666666,0.0,0.4333,0.0,0.0,49.867483333333325,0.0,0.0,9712.629748636362,9712.629748636362
2025-01-12,2025-01-12T05:20:00,True,652.8188378787879,652.8188378787879,720.06335,0.0,0.4439,0.0,0.0,67.2445121212121,0.0,0.0,9712.629748636362,9712.629748636362
2025-01-12,2025-01-12T05:30:00,True,654.300909090909,654.300909090909,731.1216666666666,0.0,0.4301,0.0,0.0,76.82075757575751,0.0,0.0,9712.629748636362,9712.629748636362
2025-01-12,2025-01-12T05:40:00,True,1478.6962045454545,1478.6962045454545,681.1305333333332,0.0,0.3713,797.5656712121213,0.0,0.0,0.0,1.0,9712.629748636362,10430.438852727271
2025-01-12,2025-01-12T05:50:00,True,697.4837196969696,697.4837196969696,745.8918999999999,0.0,0.5708,0.0,0.0,48.408180303030235,0.0,0.0,10430.438852727271,10430.438852727271
2025-01-12,2025-01-12T06:00:00,True,0.0,900.1083333333332,900.1083333333332,0.0,0.9099,0.0,0.0,0.0,5.626111889902382e-13,0.0,10430.438852727271,10430.438852727271
2025-01-12,2025-01-12T06:10:00,True,0.0,99.81192603282932,931.6771333333332,0.0013499999999999999,0.9368,0.0,683.3809982095933,148.482859090911,0.0,0.0,10430.438852727271,9671.12663249439
2025-01-12,2025-01-12T06:20:00,True,780.7196313131312,780.7196313131312,914.0460333333333,0.0,0.8758,0.0,0.0,133.32640202020207,0.0,0.0,9671.12663249439,9671.12663249439
2025-01-12,2025-01-12T06:30:00,True,249.85404040404103,775.9751575757574,914.2883333333332,0.0,0.8759,0.0,0.0,138.31317575757578,0.0,0.0,9671.12663249439,9671.12663249439
2025-01-12,2025-01-12T06:40:00,True,776.6014535353537,776.6014535353537,916.4935833333334,0.018699999999999998,0.8601,0.0,0.0,139.87342979797972,0.0,0.0,9671.12663249439,9671.12663249439
2025-01-12,2025-01-12T06:50:00,True,778.8349775252524,778.8349775252524,896.8988999999999,0.3671,0.8442,0.0,0.0,117.69682247474748,0.0,0.0,9671.12663249439,9671.12663249439
2025-01-12,2025-01-12T07:00:00,True,791.0707803030303,791.0707803030303,868.1166666666666,11.1875,0.8334,0.0,0.0,65.85838636363621,0.0,0.0,9671.12663249439,9671.12663249439
2025-01-12,2025-01-12T07:10:00,True,757.3801214646463,760.9865159090908,871.5858166666667,45.25998333333334,0.8092,0.0,0.0,65.3393174242425,0.0,0.0,9671.12663249439,9671.12663249439
2025-01-12,2025-01-12T07:20:00,True,722.53693989899,729.8730787878789,912.1077833333334,87.54268333333331,0.7972,0.0,0.0,94.69202121212118,0.0,0.0,9671.12663249439,9671.12663249439
2025-01-12,2025-01-12T07:30:00,True,670.5278295454548,681.5937128787881,936.3766666666667,130.325,0.7644,0.0,0.0,124.45795378787864,0.0,0.0,9671.12663249439,9671.12663249439
2025-01-12,2025-01-12T07:40:00,True,1432.3667722222222,1447.1624000000002,904.2577333333334,177.9746833333333,0.6899,720.8793500000002,0.0,0.0,0.0,1.0,9671.12663249439,10319.91804749439
2025-01-12,2025-01-12T07:50:00,True,633.9847482323232,652.5101204545454,1008.9825333333333,225.86614999999998,0.86,0.0,0.0,130.60626287878802,0.0,0.0,10319.91804749439,10319.91804749439
2025-01-12,2025-01-12T08:00:00,True,0.0,0.0,1196.3616666666667,273.075,1.1617,0.0,833.3333333333326,89.95333333333406,0.0,0.0,10319.91804749439,9393.992121568464
2025-01-12,2025-01-12T08:10:00,True,0.0,0.0,1208.7121833333333,323.97866666666664,1.1683,0.0,833.3333333333334,51.4001833333333,0.0,0.0,9393.992121568464,8468.06619564254
2025-01-12,2025-01-12T08:20:00,True,0.0,0.0,1191.9693333333332,379.46816666666666,1.0956,0.0,812.5011666666666,0.0,0.0,0.0,8468.06619564254,7565.287121568465
2025-01-12,2025-01-12T08:30:00,True,0.0,0.0,1223.6299999999999,433.51249999999993,1.0849,0.0,790.1175,0.0,0.0,0.0,7565.287121568465,6687.378788235132
2025-01-12,2025-01-12T08:40:00,True,0.0,0.0,1229.3776833333332,476.51509999999996,1.061,0.0,752.8625833333332,0.0,0.0,0.0,6687.378788235132,5850.864806753651
2025-01-12,2025-01-12T08:50:00,True,0.0,0.0,1217.6242166666666,508.8502166666666,1.043,0.0,708.774,0.0,0.0,0.0,5850.864806753651,5063.338140086984
2025-01-12,2025-01-12T09:00:00,True,0.0,0.0,1199.9433333333332,540.275,1.036,0.0,659.6683333333332,0.0,0.0,0.0,5063.338140086984,4330.3733252721695
2025-01-12,2025-01-12T09:10:00,True,0.0,0.0,1174.8136,581.5059166666666,1.0147,0.0,593.3076833333333,0.0,0.0,0.0,4330.3733252721695,3671.1425660129103
2025-01-12,2025-01-12T09:20:00,True,0.0,0.0,1164.6848166666666,619.95395,0.9922,0.0,544.7308666666667,0.0,0.0,0.0,3671.1425660129103,3065.8860474943917
2025-01-12,2025-01-12T09:30:00,True,0.0,0.0,1168.1799999999998,640.65,0.97,0.0,527.5299999999999,0.0,0.0,0.0,3065.8860474943917,2479.7416030499476
2025-01-12,2025-01-12T09:40:00,True,0.0,0.0,1164.1358,642.8960833333333,0.9422,0.0,0.0,521.2397166666667,0.0,0.0,2479.7416030499476,2479.7416030499476
2025-01-12,2025-01-12T09:50:00,True,0.0,0.0,1170.7006999999999,666.9013666666666,0.9569,0.0,0.0,503.79933333333327,0.0,0.0,2479.7416030499476,2479.7416030499476
2025-01-12,2025-01-12T10:00:00,True,0.0,0.0,1178.0916666666667,715.475,0.9977,0.0,462.6166666666667,0.0,0.0,0.0,2479.7416030499476,1965.723084531429
2025-01-12,2025-01-12T10:10:00,True,0.0,0.0,1158.1913,753.6041,0.9919,0.0,404.5872,0.0,0.0,0.0,1965.723084531429,1516.1817511980958
2025-01-12,2025-01-12T10:20:00,True,0.0,0.0,1158.84445,785.1208499999999,0.9588,0.0,0.0,373.72360000000003,0.0,0.0,1516.1817511980958,1516.1817511980958
2025-01-12,2025-01-12T10:30:00,True,0.0,0.0,1177.7216666666666,819.1,0.9549,0.0,0.0,358.62166666666644,0.0,0.0,1516.1817511980958,1516.1817511980958
2025-01-12,2025-01-12T10:40:00,True,0.0,0.0,1165.1924333333332,853.2371333333333,0.9839,0.0,284.5635760782862,27.391723921713613,0.0,0.0,1516.1817511980958,1200.0
2025-01-12,2025-01-12T10:50:00,True,130.85473888888862,281.8401611111109,1158.16105,861.5985833333334,0.799,0.0,0.0,14.722305555555636,0.0,0.0,1200.0,1200.0
2025-01-12,2025-01-12T11:00:00,True,948.7922575757577,1098.9343409090911,1156.905,856.09375,0.5025,798.1230909090914,0.0,0.0,5.692677036832222e-14,1.0,1200.0,1918.3107818181822
2025-01-12,2025-01-12T11:10:00,True,938.6969777777776,1083.944236111111,1130.8251666666665,877.2896499999999,0.4662,830.4087194444444,0.0,0.0,0.0,1.0,1918.3107818181822,2665.678629318182
2025-01-12,2025-01-12T11:20:00,True,929.2359510101008,1069.5883843434342,1156.1433833333333,906.2463333333333,0.5007,819.6913343434342,0.0,0.0,0.0,1.0,2665.678629318182,3403.400830227273
2025-01-12,2025-01-12T11:30:00,True,921.200571212121,1056.6581795454545,1205.0916666666667,923.3374999999999,0.4827,774.9040128787876,0.0,0.0,0.0,1.0,3403.400830227273,4100.814441818182
2025-01-12,2025-01-12T11:40:00,True,911.6857232323233,1042.2485065656565,1163.3785833333332,926.5215499999999,0.4785,805.3914732323233,0.0,0.0,0.0,1.0,4100.814441818182,4825.666767727273
2025-01-12,2025-01-12T11:50:00,True,889.0335025252525,1014.7014608585858,1094.4836333333333,925.2126833333333,0.4662,833.3333333333333,0.0,0.0,12.097177525252619,1.0,4825.666767727273,5575.666767727273
2025-01-12,2025-01-12T12:00:00,True,854.5125212121211,975.2856545454543,1073.4283333333333,926.94375,0.4432,828.8010712121211,0.0,0.0,0.0,1.0,5575.666767727273,6321.587731818182
2025-01-12,2025-01-12T12:10:00,True,851.6140861111111,949.4427305555555,1114.4373999999998,932.2801999999999,0.4411,767.2855305555556,0.0,0.0,0.0,1.0,6321.587731818182,7012.144709318182
2025-01-12,2025-01-12T12:20:00,True,864.938088888889,939.8222444444444,1129.8718833333332,932.9005,0.4551,742.8508611111112,0.0,0.0,0.0,1.0,7012.144709318182,7680.710484318182
2025-01-12,2025-01-12T12:30:00,True,887.7226992424245,939.6623659090909,1096.8116666666665,933.01875,0.4463,775.8694492424244,0.0,0.0,0.0,1.0,7680.710484318182,8378.992988636364
2025-01-12,2025-01-12T12:40:00,True,903.9306338383839,932.9258116161617,1074.6241,941.7490666666665,0.4113,800.0507782828282,0.0,0.0,0.0,1.0,8378.992988636364,9099.03868909091
2025-01-12,2025-01-12T12:50:00,True,931.517357828283,937.5680467171719,1091.0855999999999,931.3442499999999,0.5682,777.8266967171719,0.0,0.0,0.0,1.0,9099.03868909091,9799.082716136365
2025-01-12,2025-01-12T13:00:00,True,132.33908939393928,132.33908939393928,1130.705,918.51875,0.8279,0.0,79.8471606060607,0.0,0.0,0.0,9799.082716136365,9710.363648796298
2025-01-12,2025-01-12T13:10:00,True,152.47893131313117,152.47893131313117,1149.2826833333334,943.5549833333332,0.8636,0.0,53.24876868686897,0.0,0.0,0.0,9710.363648796298,9651.198350255332
2025-01-12,2025-01-12T13:20:00,True,176.64622777777788,176.64622777777788,1127.418,930.0168833333333,0.8416,0.0,0.0,20.754888888888672,0.0,0.0,9651.198350255332,9651.198350255332
2025-01-12,2025-01-12T13:30:00,True,202.1993378787879,202.1993378787879,1100.0866666666666,870.9875,0.8618,0.0,0.0,26.899828787878732,0.0,0.0,9651.198350255332,9651.198350255332
2025-01-12,2025-01-12T13:40:00,True,205.18064343434332,205.18064343434332,1119.5466,836.7973166666667,0.8623,0.0,0.0,77.56863989898989,0.0,0.0,9651.198350255332,9651.198350255332
2025-01-12,2025-01-12T13:50:00,True,219.71939292929278,219.71939292929278,1119.60255,810.6100333333334,0.9026,0.0,0.0,89.27312373737391,0.0,0.0,9651.198350255332,9651.198350255332
2025-01-12,2025-01-12T14:00:00,True,0.0,0.0,1086.1166666666666,775.5625,0.9754,0.0,241.98909293686643,68.56507372980013,0.0,0.0,9651.198350255332,9382.32158032548
2025-01-12,2025-01-12T14:10:00,True,0.0,0.0,1073.5024833333332,737.0465999999999,1.0002,0.0,336.4558833333333,0.0,0.0,0.0,9382.32158032548,9008.481709955111
2025-01-12,2025-01-12T14:20:00,True,0.0,0.0,1081.3741333333332,698.2485499999999,0.9978,0.0,97.3354643939391,285.79011893939423,0.0,0.0,9008.481709955111,8900.331193961845
2025-01-12,2025-01-12T14:30:00,True,0.0,0.0,1089.715,666.0625,1.0271,0.0,264.9518977272726,158.70060227272734,0.0,0.0,8900.331193961845,8605.940196487098
2025-01-12,2025-01-12T14:40:00,True,0.0,0.0,1080.1297,643.9336999999999,1.0906,0.0,303.8654338383841,132.33056616161593,0.0,0.0,8605.940196487098,8268.31193666667
2025-01-12,2025-01-12T14:50:00,True,5.675909848485515,5.675909848485515,1060.7666666666667,604.9411666666666,0.9376,0.0,2.0463630789890885e-12,450.1495901515125,0.0,0.0,8268.31193666667,8268.311936666669
2025-01-12,2025-01-12T15:00:00,True,1292.1784303030302,1292.1784303030302,1045.2849999999999,547.99375,0.6694,794.8871803030303,0.0,0.0,0.0,1.0,8268.311936666669,8983.710398939396
2025-01-12,2025-01-12T15:10:00,True,1318.5666267676766,1318.5666267676766,1043.3006999999998,499.25874999999996,0.66,774.5246767676767,0.0,0.0,0.0,1.0,8983.710398939396,9680.782608030306
2025-01-12,2025-01-12T15:20:00,True,1341.6302777777778,1341.6302777777778,1053.0691499999998,459.91634999999997,0.7217,748.477477777778,0.0,0.0,0.0,1.0,9680.782608030306,10354.412338030306
2025-01-12,2025-01-12T15:30:00,True,527.1250909090908,716.7796640572365,1072.0549999999998,421.41874999999993,0.7308,66.14341405723655,0.0,0.0,0.0,1.0,10354.412338030306,10413.941410681819
2025-01-12,2025-01-12T15:40:00,True,555.0829737373737,555.0829737373737,1092.1816833333332,376.03391666666664,0.7534,0.0,1.6370904631912707e-12,161.06479292929293,0.0,0.0,10413.941410681819,10413.941410681817
2025-01-12,2025-01-12T15:50:00,True,590.6258308080808,591.484003030303,1077.8995333333332,331.30505,0.7823,0.0,0.0,155.11048030303027,0.0,0.0,10413.941410681817,10413.941410681817
2025-01-12,2025-01-12T16:00:00,True,620.3066000000001,636.15515,1051.335,288.5875,0.8055,0.0,0.0,126.5923500000008,0.0,0.0,10413.941410681817,10413.941410681817
2025-01-12,2025-01-12T16:10:00,True,651.1822494949496,664.576938383838,1070.0644,240.9935833333333,0.8271,0.0,-1.6370904631912707e-12,164.49387828282852,0.0,0.0,10413.941410681817,10413.941410681819
2025-01-12,2025-01-12T16:20:00,True,682.4388186868683,693.3796464646466,1078.0875333333333,188.9808,0.8519,0.0,0.0,195.72708686868646,0.0,0.0,10413.941410681819,10413.941410681819
2025-01-12,2025-01-12T16:30:00,True,729.2891015151516,737.7760681818183,1056.0683333333332,138.44375,0.8791,0.0,0.0,179.84851515151422,0.0,0.0,10413.941410681819,10413.941410681819
2025-01-12,2025-01-12T16:40:00,True,785.9947934343438,792.0278989898989,1043.1931666666665,94.98974999999999,0.9024,0.0,0.0,156.1755176767674,0.0,0.0,10413.941410681819,10413.941410681819
2025-01-12,2025-01-12T16:50:00,True,815.1598823232317,818.7391267676767,1049.1205,50.01395,0.9163,0.0,0.0,180.36742323232284,0.0,0.0,10413.941410681819,10413.941410681819
2025-01-12,2025-01-12T17:00:00,True,828.9494818181818,830.074865151515,1062.9699999999998,11.768749999999999,0.9264,0.0,1.6370904631912707e-12,221.12638484848503,0.0,0.0,10413.941410681819,10413.941410681817
2025-01-12,2025-01-12T17:10:00,True,830.6392868686868,831.5771063131313,1066.037733333333,0.12011666666666666,0.9462,0.0,0.0,234.34051035353514,0.0,0.0,10413.941410681817,10413.941410681817
2025-01-12,2025-01-12T17:20:00,True,832.8142494949494,833.564505050505,1058.6055999999999,0.12493333333333334,0.9742,0.0,0.0,224.91616161616184,0.0,0.0,10413.941410681817,10413.941410681817
2025-01-12,2025-01-12T17:30:00,True,833.0904227272728,833.6531143939395,1058.2016666666666,0.0,0.9862,0.0,-1.6370904631912707e-12,224.54855227272674,0.0,0.0,10413.941410681817,10413.941410681819
2025-01-12,2025-01-12T17:40:00,True,847.9738505050503,848.348978282828,1061.67985,0.0,0.976,0.0,0.0,213.33087171717125,0.0,0.0,10413.941410681819,10413.941410681819
2025-01-12,2025-01-12T17:50:00,True,771.9904404040404,772.1780042929294,943.06985,0.008966666666666666,1.0742,0.0,1.6370904631912707e-12,170.88287904040408,0.0,0.0,10413.941410681819,10413.941410681817
2025-01-12,2025-01-12T18:00:00,True,645.2175757575758,757.6983333333333,757.6983333333333,0.0,1.2313,0.0,0.0,0.0,7.430448621443212e-13,0.0,10413.941410681817,10413.941410681817
2025-01-12,2025-01-12T18:10:00,True,0.0,0.0,704.8200333333332,0.0,1.2561,0.0,634.8661620378774,69.95387129545452,0.0,0.0,10413.941410681817,9708.534563973064
2025-01-12,2025-01-12T18:20:00,True,643.8624196969696,643.8624196969696,714.4143333333333,0.00065,1.2447,0.0,0.0,70.55126363636373,0.0,0.0,9708.534563973064,9708.534563973064
2025-01-12,2025-01-12T18:30:00,True,288.09175151515166,635.5444819015166,727.9783333333332,0.0,1.2545,0.0,4.405364961712621e-13,92.43385143181617,0.0,0.0,9708.534563973064,9708.534563973064
2025-01-12,2025-01-12T18:40:00,True,641.5956287878788,641.5956287878788,756.3149166666667,0.0,1.2522,0.0,-3.410605131648481e-13,114.71928787878824,0.0,0.0,9708.534563973064,9708.534563973064
2025-01-12,2025-01-12T18:50:00,True,0.0,0.0,764.5870333333334,0.0,1.2881,0.0,635.2253196969696,129.36171363636385,0.0,0.0,9708.534563973064,9002.728653198654
2025-01-12,2025-01-12T19:00:00,True,0.0,0.0,746.7983333333333,0.0,1.3466,0.0,746.7983333333333,0.0,0.0,0.0,9002.728653198654,8172.952727272728
2025-01-12,2025-01-12T19:10:00,True,0.0,0.0,733.5685833333333,0.0,1.3523,0.0,733.5685833333333,0.0,0.0,0.0,8172.952727272728,7357.876523569024
2025-01-12,2025-01-12T19:20:00,True,0.0,0.0,736.2061999999999,0.0,1.3445,0.0,736.2061999999999,0.0,0.0,0.0,7357.876523569024,6539.869634680135
2025-01-12,2025-01-12T19:30:00,True,0.0,0.0,733.3199999999999,0.0,1.3483,0.0,733.3199999999999,0.0,0.0,0.0,6539.869634680135,5725.069634680135
2025-01-12,2025-01-12T19:40:00,True,0.0,0.0,698.2839999999999,0.0,1.349,0.0,698.2839999999999,0.0,0.0,0.0,5725.069634680135,4949.1985235690245
2025-01-12,2025-01-12T19:50:00,True,0.0,0.0,690.1758166666666,0.0,1.3473,0.0,690.1758166666666,0.0,0.0,0.0,4949.1985235690245,4182.336505050506
2025-01-12,2025-01-12T20:00:00,True,0.0,0.0,720.7266666666666,0.0,1.3482,0.0,720.7266666666666,0.0,0.0,0.0,4182.336505050506,3381.529097643099
2025-01-12,2025-01-12T20:10:00,True,0.0,0.0,740.9029166666666,0.0,1.3513,0.0,740.9029166666666,0.0,0.0,0.0,3381.529097643099,2558.303634680136
2025-01-12,2025-01-12T20:20:00,True,0.0,0.0,735.9908499999999,0.0,1.34,0.0,0.0,735.9908499999999,0.0,0.0,2558.303634680136,2558.303634680136
2025-01-12,2025-01-12T20:30:00,True,0.0,0.0,725.305,0.0,1.3489,0.0,578.6051439393951,146.69985606060484,0.0,0.0,2558.303634680136,1915.4090303030302
2025-01-12,2025-01-12T20:40:00,True,0.0,0.0,740.11265,0.0,1.3952,0.0,643.8681272727272,96.24452272727297,0.0,0.0,1915.4090303030302,1200.0
2025-01-12,2025-01-12T20:50:00,True,653.8033651515151,653.8033651515151,760.9584,0.0,1.2226,0.0,0.0,107.15503484848489,0.0,0.0,1200.0,1200.0
2025-01-12,2025-01-12T21:00:00,True,659.6993939393938,659.6993939393938,760.51,0.0,0.9332,0.0,0.0,100.81060606060623,0.0,0.0,1200.0,1200.0
2025-01-12,2025-01-12T21:10:00,True,658.4395227272727,658.4395227272727,731.4806333333332,0.0,0.9068,0.0,0.0,73.04111060606056,0.0,0.0,1200.0,1200.0
2025-01-12,2025-01-12T21:20:00,True,649.0960045454545,649.0960045454545,724.0906166666666,0.0,0.9371,0.0,0.0,74.99461212121207,0.0,0.0,1200.0,1200.0
2025-01-12,2025-01-12T21:30:00,True,652.7534848484847,652.7534848484847,748.8716666666666,0.0,0.9371,0.0,0.0,96.11818181818182,0.0,0.0,1200.0,1200.0
2025-01-12,2025-01-12T21:40:00,True,679.9057257575756,679.9057257575756,755.8918333333332,0.0,0.9871,0.0,0.0,75.98610757575761,0.0,0.0,1200.0,1200.0
2025-01-12,2025-01-12T21:50:00,True,620.3266272727273,620.3266272727273,675.1566833333333,0.0,0.7764,0.0,0.0,54.83005606060601,0.0,0.0,1200.0,1200.0
2025-01-12,2025-01-12T22:00:00,True,507.305303030303,507.305303030303,563.14,0.0,0.4209,0.0,0.0,55.834696969697006,0.0,0.0,1200.0,1200.0
2025-01-12,2025-01-12T22:10:00,True,493.00523030303026,493.00523030303026,553.7117833333333,0.0,0.3859,0.0,0.0,60.70655303030304,0.0,0.0,1200.0,1200.0
2025-01-12,2025-01-12T22:20:00,True,512.4900575757576,512.4900575757576,570.6167666666666,0.0,0.4368,0.0,0.0,58.126709090909,0.0,0.0,1200.0,1200.0
2025-01-12,2025-01-12T22:30:00,True,515.8116666666666,515.8116666666666,571.2466666666667,0.0,0.4198,0.0,0.0,55.43500000000006,0.0,0.0,1200.0,1200.0
2025-01-12,2025-01-12T22:40:00,True,518.5865348484848,518.5865348484848,585.1130666666666,0.0,0.4186,0.0,0.0,66.52653181818175,0.0,0.0,1200.0,1200.0
2025-01-12,2025-01-12T22:50:00,True,514.9346575757576,514.9346575757576,582.4459666666667,0.0,0.4241,0.0,0.0,67.5113090909091,0.0,0.0,1200.0,1200.0
2025-01-12,2025-01-12T23:00:00,True,514.2760606060606,514.2760606060606,579.2483333333332,0.0,0.4237,0.0,0.0,64.97227272727264,0.0,0.0,1200.0,1200.0
2025-01-12,2025-01-12T23:10:00,True,534.6811545454545,534.6811545454545,616.8086833333333,0.0,0.4248,0.0,0.0,82.12752878787876,0.0,0.0,1200.0,1200.0
2025-01-12,2025-01-12T23:20:00,True,544.6884666666667,544.6884666666667,598.4355833333333,0.0,0.424,0.0,0.0,53.74711666666656,0.0,0.0,1200.0,1200.0
2025-01-12,2025-01-12T23:30:00,True,538.7077272727273,538.7077272727273,553.8499999999999,0.0,0.422,0.0,0.0,15.142272727272598,0.0,0.0,1200.0,1200.0
2025-01-12,2025-01-12T23:40:00,True,541.4920893939393,541.4920893939393,606.1611499999999,0.0,0.424,0.0,0.0,64.66906060606061,0.0,0.0,1200.0,1200.0
2025-01-12,2025-01-12T23:50:00,True,545.8061606060605,545.8061606060605,614.5357333333333,0.0,0.4271,0.0,0.0,68.72957272727274,0.0,0.0,1200.0,1200.0
2025-01-12,2025-01-13T00:00:00,True,543.2706666666666,549.5918181818181,571.4866666666667,0.0,0.4276,0.0,0.0,21.89484848484858,0.0,0.0,1200.0,1200.0
2025-01-13,2025-01-13T00:10:00,True,1395.2500277777776,1395.2500277777776,610.8037666666667,0.0,0.4248,784.4462611111106,0.0,0.0,1.0806162705397547e-13,1.0,1200.0,1906.0016349999996
2025-01-13,2025-01-13T00:20:00,True,1399.9382708333333,1399.9382708333333,632.6709,0.0,0.4245,767.2673708333333,0.0,0.0,0.0,1.0,1906.0016349999996,2596.5422687499995
2025-01-13,2025-01-13T00:30:00,True,1397.4059722222223,1397.4059722222223,606.7016666666666,0.0,0.4269,790.7043055555557,0.0,0.0,0.0,1.0,2596.5422687499995,3308.17614375
2025-01-13,2025-01-13T00:40:00,True,1391.5487583333334,1391.5487583333334,603.7507166666667,0.0,0.4272,787.7980416666667,0.0,0.0,0.0,1.0,3308.17614375,4017.19438125
2025-01-13,2025-01-13T00:50:00,True,1390.665872222222,1390.665872222222,583.70985,0.0,0.4271,806.9560222222221,0.0,0.0,0.0,1.0,4017.19438125,4743.45480125
2025-01-13,2025-01-13T01:00:00,True,1400.7916666666667,1400.7916666666667,573.7083333333333,0.0,0.4285,827.0833333333335,0.0,0.0,0.0,1.0,4743.45480125,5487.82980125
2025-01-13,2025-01-13T01:10:00,True,1253.203075,1253.203075,646.2420166666666,0.0,0.4311,606.9610583333333,0.0,0.0,0.0,1.0,5487.82980125,6034.09475375
2025-01-13,2025-01-13T01:20:00,True,1427.4432597222221,1427.4432597222221,676.3978333333333,0.0,0.4302,751.0454263888888,0.0,0.0,0.0,1.0,6034.09475375,6710.035637499999
2025-01-13,2025-01-13T01:30:00,True,1421.368611111111,1421.368611111111,642.4933333333333,0.0,0.4279,778.8752777777777,0.0,0.0,0.0,1.0,6710.035637499999,7411.023387499999
2025-01-13,2025-01-13T01:40:00,True,585.7426347222222,585.7426347222222,642.4381166666667,0.0,0.4312,0.0,0.0,56.69548194444451,0.0,0.0,7411.023387499999,7411.023387499999
2025-01-13,2025-01-13T01:50:00,True,591.2194444444445,591.2194444444445,640.80015,0.0,0.4333,0.0,0.0,49.58070555555548,0.0,0.0,7411.023387499999,7411.023387499999
2025-01-13,2025-01-13T02:00:00,True,1433.0133333333333,1433.0133333333333,632.1683333333333,0.0,0.4311,800.845,0.0,0.0,0.0,1.0,7411.023387499999,8131.7838875
2025-01-13,2025-01-13T02:10:00,True,1437.351959722222,1437.351959722222,653.3865333333333,0.0,0.4293,783.9654263888888,0.0,0.0,0.0,1.0,8131.7838875,8837.35277125
2025-01-13,2025-01-13T02:20:00,True,608.3013277777778,608.3013277777778,653.68165,0.0,0.4324,0.0,-1.1368683772161603e-13,45.380322222222276,0.0,0.0,8837.35277125,8837.35277125
2025-01-13,2025-01-13T02:30:00,True,615.0602777777777,615.0602777777777,640.2383333333332,0.0,0.4367,0.0,7.069900220812997e-13,25.17805555555478,0.0,0.0,8837.35277125,8837.35277125
2025-01-13,2025-01-13T02:40:00,True,621.9945749999998,621.9945749999998,672.0840166666667,0.0,0.4348,0.0,0.0,50.08944166666686,0.0,0.0,8837.35277125,8837.35277125
2025-01-13,2025-01-13T02:50:00,True,625.1986708333335,625.1986708333335,696.0026666666665,0.0,0.4335,0.0,2.984279490192421e-13,70.80399583333273,0.0,0.0,8837.35277125,8837.35277125
2025-01-13,2025-01-13T03:00:00,True,624.822638888889,624.822638888889,691.0883333333333,0.0,0.4357,0.0,0.0,66.2656944444443,0.0,0.0,8837.35277125,8837.35277125
2025-01-13,2025-01-13T03:10:00,True,625.9882430555556,625.9882430555556,687.9624666666666,0.0,0.4374,0.0,0.0,61.97422361111103,0.0,0.0,8837.35277125,8837.35277125
2025-01-13,2025-01-13T03:20:00,True,635.2695208333333,635.2695208333333,679.2885,0.0,0.4371,0.0,0.0,44.01897916666667,0.0,0.0,8837.35277125,8837.35277125
2025-01-13,2025-01-13T03:30:00,True,641.3545833333334,641.3545833333334,669.3583333333333,0.0,0.4356,0.0,0.0,28.003749999999968,0.0,0.0,8837.35277125,8837.35277125
2025-01-13,2025-01-13T03:40:00,True,627.6194833333333,627.6194833333333,677.6823166666666,0.0,0.4353,0.0,6.181721801112872e-13,50.06283333333267,0.0,0.0,8837.35277125,8837.35277125
2025-01-13,2025-01-13T03:50:00,True,627.1995722222221,627.1995722222221,697.26815,0.0,0.436,0.0,0.0,70.06857777777793,0.0,0.0,8837.35277125,8837.35277125
2025-01-13,2025-01-13T04:00:00,True,645.0433333333332,645.0433333333332,709.425,0.0,0.4378,0.0,0.0,64.38166666666677,0.0,0.0,8837.35277125,8837.35277125
2025-01-13,2025-01-13T04:10:00,True,651.5092347222222,651.5092347222222,698.6765166666667,0.0,0.4401,0.0,0.0,47.167281944444426,0.0,0.0,8837.35277125,8837.35277125
2025-01-13,2025-01-13T04:20:00,True,642.4523263888889,642.4523263888889,681.7081166666667,0.0,0.4389,0.0,0.0,39.255790277777805,0.0,0.0,8837.35277125,8837.35277125
2025-01-13,2025-01-13T04:30:00,True,633.0574999999999,633.0574999999999,682.6183333333333,0.0,0.4364,0.0,0.0,49.56083333333345,0.0,0.0,8837.35277125,8837.35277125
2025-01-13,2025-01-13T04:40:00,True,642.3792791666666,642.3792791666666,710.3667166666667,0.0,0.4393,0.0,0.0,67.98743750000006,0.0,0.0,8837.35277125,8837.35277125
2025-01-13,2025-01-13T04:50:00,True,655.3895083333333,655.3895083333333,718.9996333333333,0.0,0.4422,0.0,0.0,63.61012500000004,0.0,0.0,8837.35277125,8837.35277125
2025-01-13,2025-01-13T05:00:00,True,659.0223611111112,659.0223611111112,715.3016666666667,0.0,0.4395,0.0,0.0,56.27930555555554,0.0,0.0,8837.35277125,8837.35277125
2025-01-13,2025-01-13T05:10:00,True,654.7461069444444,654.7461069444444,745.5997833333332,0.0,0.4333,0.0,0.0,90.85367638888886,0.0,0.0,8837.35277125,8837.35277125
2025-01-13,2025-01-13T05:20:00,True,658.4225472222223,658.4225472222223,751.2672333333333,0.0,0.4439,0.0,0.0,92.84468611111095,0.0,0.0,8837.35277125,8837.35277125
2025-01-13,2025-01-13T05:30:00,True,1494.0359722222222,1494.0359722222222,708.4266666666667,0.0,0.4301,785.6093055555555,0.0,0.0,0.0,1.0,8837.35277125,9544.40114625
2025-01-13,2025-01-13T05:40:00,True,1481.6768430555555,1481.6768430555555,671.5013666666666,0.0,0.3713,810.1754763888889,0.0,0.0,0.0,1.0,9544.40114625,10273.559075000001
2025-01-13,2025-01-13T05:50:00,True,701.5177347222221,701.5177347222221,753.0417333333332,0.0,0.5708,0.0,1.6370904631912707e-12,51.52399861111007,0.0,0.0,10273.559075000001,10273.559075
2025-01-13,2025-01-13T06:00:00,True,331.6932722222218,331.6932722222218,892.835,0.0,0.9099,0.0,561.1417277777788,0.0,0.0,0.0,10273.559075,9650.068266358023
2025-01-13,2025-01-13T06:10:00,True,0.0,0.0,910.3188833333334,0.0,0.9368,0.0,833.3333333333334,76.98554999999999,0.0,0.0,9650.068266358023,8724.142340432098
2025-01-13,2025-01-13T06:20:00,True,791.0673708333334,791.0673708333334,886.66745,0.00018333333333333334,0.8758,0.0,95.59989583333333,0.0,0.0,0.0,8724.142340432098,8617.920233950616
2025-01-13,2025-01-13T06:30:00,True,791.4685277777777,791.4685277777777,894.7183333333334,0.0,0.8759,0.0,103.24980555555567,0.0,0.0,0.0,8617.920233950616,8503.198227777775
2025-01-13,2025-01-13T06:40:00,True,786.7335430555556,786.7335430555556,919.2638833333333,0.0,0.8601,0.0,0.0,132.53034027777767,0.0,0.0,8503.198227777775,8503.198227777775
2025-01-13,2025-01-13T06:50:00,True,786.7666527777777,786.7666527777777,900.6833166666667,0.49016666666666664,0.8442,0.0,0.0,113.42649722222222,0.0,0.0,8503.198227777775,8503.198227777775
2025-01-13,2025-01-13T07:00:00,True,795.2028888888889,795.2028888888889,871.0733333333333,13.162499999999998,0.8334,0.0,0.0,62.707944444444365,0.0,0.0,8503.198227777775,8503.198227777775
2025-01-13,2025-01-13T07:10:00,True,763.0030472222222,763.0030472222222,919.0848833333332,52.51173333333333,0.8092,0.0,0.0,103.5701027777776,0.0,0.0,8503.198227777775,8503.198227777775
2025-01-13,2025-01-13T07:20:00,True,732.8344611111112,732.8344611111112,954.7706,100.66598333333333,0.7972,0.0,0.0,121.27015555555545,0.0,0.0,8503.198227777775,8503.198227777775
2025-01-13,2025-01-13T07:30:00,True,685.5760166666669,685.5760166666669,913.7433333333333,147.33124999999998,0.7644,0.0,0.0,80.83606666666651,0.0,0.0,8503.198227777775,8503.198227777775
2025-01-13,2025-01-13T07:40:00,True,1449.090413888889,1449.090413888889,849.2911666666666,197.68866666666668,0.6899,797.4879138888891,0.0,0.0,0.0,1.0,8503.198227777775,9220.937350277776
2025-01-13,2025-01-13T07:50:00,True,654.917013888889,654.917013888889,984.0724499999999,255.27338333333333,0.86,0.0,0.0,73.88205277777763,0.0,0.0,9220.937350277776,9220.937350277776
2025-01-13,2025-01-13T08:00:00,True,0.0,0.0,1218.105,314.375,1.1617,0.0,833.3333333333334,70.39666666666665,0.0,0.0,9220.937350277776,8295.011424351851
2025-01-13,2025-01-13T08:10:00,True,0.0,0.0,1218.08605,365.3732,1.1683,0.0,833.3333333333334,19.379516666666518,0.0,0.0,8295.011424351851,7369.085498425925
2025-01-13,2025-01-13T08:20:00,True,0.0,0.0,1166.0101333333332,416.9935833333333,1.0956,0.0,749.0165499999999,0.0,0.0,0.0,7369.085498425925,6536.844887314814
2025-01-13,2025-01-13T08:30:00,True,0.0,0.0,1189.76,467.7125,1.0849,0.0,722.0475,0.0,0.0,0.0,6536.844887314814,5734.569887314814
2025-01-13,2025-01-13T08:40:00,True,0.0,0.0,1231.1732,508.50246666666663,1.061,0.0,722.6707333333334,0.0,0.0,0.0,5734.569887314814,4931.602405833332
2025-01-13,2025-01-13T08:50:00,True,0.0,0.0,1238.0077166666665,558.5020666666667,1.043,0.0,679.5056499999998,0.0,0.0,0.0,4931.602405833332,4176.596128055555
2025-01-13,2025-01-13T09:00:00,True,0.0,0.0,1214.9699999999998,608.9625,1.036,0.0,606.0074999999998,0.0,0.0,0.0,4176.596128055555,3503.2544613888886
2025-01-13,2025-01-13T09:10:00,True,0.0,0.0,1210.5519166666666,630.4581499999999,1.0147,0.0,580.0937666666666,0.0,0.0,0.0,3503.2544613888886,2858.705831759259
2025-01-13,2025-01-13T09:20:00,True,0.0,0.0,1232.9225499999998,650.25065,0.9922,0.0,582.6718999999998,0.0,0.0,0.0,2858.705831759259,2211.292609537037
2025-01-13,2025-01-13T09:30:00,True,0.0,0.0,1238.4433333333332,687.925,0.97,0.0,129.8421027499994,420.6762305833338,0.0,0.0,2211.292609537037,2067.023606481482
2025-01-13,2025-01-13T09:40:00,True,0.0,0.0,1181.6967833333333,737.3714666666666,0.9422,0.0,0.0,444.3253166666667,0.0,0.0,2067.023606481482,2067.023606481482
2025-01-13,2025-01-13T09:50:00,True,0.0,0.0,1168.6245666666666,779.5012166666667,0.9569,0.0,0.0,389.12334999999996,0.0,0.0,2067.023606481482,2067.023606481482
2025-01-13,2025-01-13T10:00:00,True,0.0,0.0,1205.0216666666665,811.88125,0.9977,0.0,393.14041666666674,0.0,0.0,0.0,2067.023606481482,1630.2009212962969
2025-01-13,2025-01-13T10:10:00,True,0.0,0.0,1195.7390166666667,847.5726333333333,0.9919,0.0,348.1663833333332,0.0,0.0,0.0,1630.2009212962969,1243.34938425926
2025-01-13,2025-01-13T10:20:00,True,0.0,0.0,1192.1144333333332,883.2929,0.9588,0.0,0.0,308.82153333333315,0.0,0.0,1243.34938425926,1243.34938425926
2025-01-13,2025-01-13T10:30:00,True,0.0,0.0,1204.2066666666665,918.40625,0.9549,0.0,0.0,285.8004166666665,0.0,0.0,1243.34938425926,1243.34938425926
2025-01-13,2025-01-13T10:40:00,True,0.0,0.0,1181.9292666666665,950.3488333333332,0.9839,0.0,39.01444583333398,192.56598749999932,0.0,0.0,1243.34938425926,1200.0
2025-01-13,2025-01-13T10:50:00,True,133.6379944444442,133.6379944444442,1152.1983166666666,943.7051833333333,0.799,0.0,0.0,74.8551388888892,0.0,0.0,1200.0,1200.0
2025-01-13,2025-01-13T11:00:00,True,939.5545944444448,939.5545944444448,1159.6666666666665,915.1625,0.5025,695.0504277777782,0.0,0.0,6.150411612103487e-14,1.0,1200.0,1825.5453850000004
2025-01-13,2025-01-13T11:10:00,True,929.9161569444445,929.9161569444445,1213.54865,928.13805,0.4662,644.5055569444446,0.0,0.0,0.0,1.0,1825.5453850000004,2405.6003862500006
2025-01-13,2025-01-13T11:20:00,True,925.142288888889,925.142288888889,1198.47785,988.9003833333333,0.5007,715.5648222222222,0.0,0.0,0.0,1.0,2405.6003862500006,3049.6087262500005
2025-01-13,2025-01-13T11:30:00,True,923.6444361111112,923.6444361111112,1141.4899999999998,1031.85,0.4827,814.0044361111113,0.0,0.0,0.0,1.0,3049.6087262500005,3782.212718750001
2025-01-13,2025-01-13T11:40:00,True,913.2352902777777,913.2352902777777,1171.7624166666665,984.1183666666667,0.4785,725.591240277778,0.0,0.0,0.0,1.0,3782.212718750001,4435.244835000001
2025-01-13,2025-01-13T11:50:00,True,888.5183972222221,942.8361134087814,1142.58395,965.3181999999999,0.4662,765.5703634087814,0.0,0.0,0.0,1.0,4435.244835000001,5124.258162067905
2025-01-13,2025-01-13T12:00:00,True,856.9084444444443,920.7878277777776,1055.4483333333333,1004.7749999999999,0.4432,833.3333333333334,0.0,0.0,36.781161111110805,1.0,5124.258162067905,5874.258162067905
2025-01-13,2025-01-13T12:10:00,True,840.4376736111113,904.9011708333335,1066.1096666666667,1018.2686166666667,0.4411,833.3333333333334,0.0,0.0,23.726787500000114,1.0,5874.258162067905,6624.258162067905
2025-01-13,2025-01-13T12:20:00,True,836.7062555555556,901.7538666666667,1076.8011,1022.2801833333333,0.4551,833.3333333333334,0.0,0.0,13.899616666666702,1.0,6624.258162067905,7374.258162067905
2025-01-13,2025-01-13T12:30:00,True,837.6058361111113,903.2375611111112,1055.2983333333332,1031.59375,0.4463,833.3333333333334,0.0,0.0,46.19964444444463,1.0,7374.258162067905,8124.258162067905
2025-01-13,2025-01-13T12:40:00,True,833.3828513888891,899.5986902777779,1073.55045,1034.9745166666667,0.4113,833.3333333333334,0.0,0.0,27.689423611111238,1.0,8124.258162067905,8874.258162067905
2025-01-13,2025-01-13T12:50:00,True,842.8111791666668,842.8111791666668,1096.5774666666666,1030.82445,0.5682,777.0581625000002,0.0,0.0,0.0,1.0,8874.258162067905,9573.610508317905
2025-01-13,2025-01-13T13:00:00,True,26.85697777777773,26.85697777777773,1099.87,1022.8062499999999,0.8279,0.0,50.2067722222223,0.0,0.0,0.0,9573.610508317905,9517.825205848769
2025-01-13,2025-01-13T13:10:00,True,68.74541666666653,68.74541666666653,1102.5359166666667,1013.2864833333333,0.8636,0.0,20.50401666666687,0.0,0.0,0.0,9517.825205848769,9495.042965108029
2025-01-13,2025-01-13T13:20:00,True,110.95549166666683,110.95549166666683,1140.2314333333334,990.0391833333333,0.8416,0.0,9.63184443056075,29.604913902772477,0.0,0.0,9495.042965108029,9484.340915740739
2025-01-13,2025-01-13T13:30:00,True,153.98034166666673,153.98034166666673,1176.4166666666665,954.225,0.8618,0.0,0.0,68.21132499999976,0.0,0.0,9484.340915740739,9484.340915740739
2025-01-13,2025-01-13T13:40:00,True,180.2136430555554,180.2136430555554,1137.5771,917.5051,0.8623,0.0,0.0,39.85835694444461,0.0,0.0,9484.340915740739,9484.340915740739
2025-01-13,2025-01-13T13:50:00,True,215.4242694444443,215.4242694444443,1102.2100166666667,866.6378500000001,0.9026,0.0,0.0,20.147897222222298,0.0,0.0,9484.340915740739,9484.340915740739
2025-01-13,2025-01-13T14:00:00,True,0.0,0.0,1102.9283333333333,812.5874999999999,0.9754,0.0,240.73853244444376,49.60230088888966,0.0,0.0,9484.340915740739,9216.853657469135
2025-01-13,2025-01-13T14:10:00,True,0.0,0.0,1096.79185,783.2975333333334,1.0002,0.0,313.4943166666667,0.0,0.0,0.0,9216.853657469135,8868.526638950616
2025-01-13,2025-01-13T14:20:00,True,0.0,0.0,1078.4198,753.1061333333333,0.9978,0.0,98.03473055555773,227.27893611110883,0.0,0.0,8868.526638950616,8759.599160555552
2025-01-13,2025-01-13T14:30:00,True,0.0,0.0,1072.92,704.31875,1.0271,0.0,261.1442722222222,107.45697777777787,0.0,0.0,8759.599160555552,8469.438858086416
2025-01-13,2025-01-13T14:40:00,True,0.0,0.0,1103.8954333333331,644.1768666666667,1.0906,0.0,302.886340277777,156.83222638888947,0.0,0.0,8469.438858086416,8132.898479999997
2025-01-13,2025-01-13T14:50:00,True,20.04276805555346,20.04276805555346,1111.2504833333332,592.2872666666666,0.9376,0.0,7.958078640513122e-13,498.9204486111124,0.0,0.0,8132.898479999997,8132.898479999996
2025-01-13,2025-01-13T15:00:00,True,1279.133461111111,1279.133461111111,1081.8016666666667,558.4124999999999,0.6694,755.7442944444442,0.0,0.0,0.0,1.0,8132.898479999996,8813.068344999996
2025-01-13,2025-01-13T15:10:00,True,1320.0580097222219,1320.0580097222219,1060.8494999999998,534.9606,0.66,794.1691097222221,0.0,0.0,0.0,1.0,8813.068344999996,9527.820543749996
2025-01-13,2025-01-13T15:20:00,True,1358.914454166667,1358.914454166667,1055.4557,496.9940833333333,0.7217,800.4528375000002,0.0,0.0,0.0,1.0,9527.820543749996,10248.228097499996
2025-01-13,2025-01-13T15:30:00,True,561.323136111111,561.323136111111,1063.7033333333334,444.59999999999997,0.7308,0.0,0.0,57.78019722222234,0.0,0.0,10248.228097499996,10248.228097499996
2025-01-13,2025-01-13T15:40:00,True,605.5291458333334,605.5291458333334,1076.7579,399.8399333333333,0.7534,0.0,1.6370904631912707e-12,71.38882083333374,0.0,0.0,10248.228097499996,10248.228097499994
2025-01-13,2025-01-13T15:50:00,True,653.8206458333333,653.8206458333333,1056.1247666666666,356.10816666666665,0.7823,0.0,0.0,46.195954166667434,0.0,0.0,10248.228097499994,10248.228097499994
2025-01-13,2025-01-13T16:00:00,True,695.7150333333334,695.7150333333334,1031.5583333333334,306.59999999999997,0.8055,0.0,0.0,29.24330000000009,0.0,0.0,10248.228097499994,10248.228097499994
2025-01-13,2025-01-13T16:10:00,True,719.2392013888889,719.2392013888889,1070.2885166666665,252.4896333333333,0.8271,0.0,-1.6370904631912707e-12,98.55968194444358,0.0,0.0,10248.228097499994,10248.228097499996
2025-01-13,2025-01-13T16:20:00,True,742.2203569444441,742.2203569444441,1090.7122833333333,197.63353333333333,0.8519,0.0,1.6370904631912707e-12,150.858393055556,0.0,0.0,10248.228097499996,10248.228097499994
2025-01-13,2025-01-13T16:30:00,True,776.9922222222223,776.9922222222223,1063.7183333333332,144.70624999999998,0.8791,0.0,0.0,142.01986111111182,0.0,0.0,10248.228097499994,10248.228097499994
2025-01-13,2025-01-13T16:40:00,True,821.5602152777781,821.5602152777781,1040.9546166666667,94.4699,0.9024,0.0,0.0,124.92450138888853,0.0,0.0,10248.228097499994,10248.228097499994
2025-01-13,2025-01-13T16:50:00,True,842.449530555555,842.449530555555,1034.2178,47.488749999999996,0.9163,0.0,-1.6370904631912707e-12,144.2795194444443,0.0,0.0,10248.228097499994,10248.228097499996
2025-01-13,2025-01-13T17:00:00,True,849.9048277777777,849.9048277777777,1027.0083333333332,12.55625,0.9264,0.0,0.0,164.54725555555524,0.0,0.0,10248.228097499996,10248.228097499996
2025-01-13,2025-01-13T17:10:00,True,851.4671874999999,851.4671874999999,1002.0515499999999,0.7821666666666666,0.9462,0.0,1.6370904631912707e-12,149.80219583333383,0.0,0.0,10248.228097499996,10248.228097499994
2025-01-13,2025-01-13T17:20:00,True,852.5992861111109,852.5992861111109,1006.0283999999999,0.0,0.9742,0.0,0.0,153.42911388888933,0.0,0.0,10248.228097499994,10248.228097499994
2025-01-13,2025-01-13T17:30:00,True,852.5765111111111,852.5765111111111,1049.5233333333333,0.0,0.9862,0.0,0.0,196.94682222222218,0.0,0.0,10248.228097499994,10248.228097499994
2025-01-13,2025-01-13T17:40:00,True,866.2672291666665,866.2672291666665,1070.2845166666666,0.022766666666666664,0.976,0.0,0.0,203.9945208333338,0.0,0.0,10248.228097499994,10248.228097499994
2025-01-13,2025-01-13T17:50:00,True,786.4893305555556,786.4893305555556,934.62385,0.0,1.0742,0.0,-1.6370904631912707e-12,148.13451944444387,0.0,0.0,10248.228097499994,10248.228097499996
2025-01-13,2025-01-13T18:00:00,True,654.5909722222223,737.3799999999999,737.3799999999999,0.0,1.2313,0.0,1.6370904631912707e-12,0.0,7.283265632818109e-13,0.0,10248.228097499996,10248.228097499994
2025-01-13,2025-01-13T18:10:00,True,0.0,237.97671363889486,722.3738666666666,0.0016333333333333332,1.2561,0.0,393.36610163888287,91.02941805555565,0.0,0.0,10248.228097499994,9811.154651234569
2025-01-13,2025-01-13T18:20:00,True,649.7417458333333,649.7417458333333,752.2923166666666,0.0,1.2447,0.0,-3.126388037344441e-13,102.55057083333358,0.0,0.0,9811.154651234569,9811.154651234569
2025-01-13,2025-01-13T18:30:00,True,393.9821402777806,652.6001388888888,732.48,0.0,1.2545,0.0,-4.263256414560601e-14,79.87986111111131,0.0,0.0,9811.154651234569,9811.154651234569
2025-01-13,2025-01-13T18:40:00,True,651.1555694444445,651.1555694444445,705.1073833333332,0.0,1.2522,0.0,-3.836930773104541e-13,53.951813888889134,0.0,0.0,9811.154651234569,9811.154651234569
2025-01-13,2025-01-13T18:50:00,True,0.0,0.0,696.5728666666666,0.0,1.2881,0.0,646.0054625000007,50.56740416666589,0.0,0.0,9811.154651234569,9093.370804012346
2025-01-13,2025-01-13T19:00:00,True,0.0,0.0,716.3033333333333,0.0,1.3466,0.0,716.3033333333333,0.0,0.0,0.0,9093.370804012346,8297.478211419753
2025-01-13,2025-01-13T19:10:00,True,0.0,0.0,750.3625999999999,0.0,1.3523,0.0,750.3625999999999,0.0,0.0,0.0,8297.478211419753,7463.741989197531
2025-01-13,2025-01-13T19:20:00,True,0.0,0.0,741.2495,0.0,1.3445,0.0,741.2495,0.0,0.0,0.0,7463.741989197531,6640.131433641976
2025-01-13,2025-01-13T19:30:00,True,0.0,0.0,710.6816666666666,0.0,1.3483,0.0,710.6816666666666,0.0,0.0,0.0,6640.131433641976,5850.48513734568
2025-01-13,2025-01-13T19:40:00,True,0.0,0.0,734.5088833333332,0.0,1.349,0.0,734.5088833333332,0.0,0.0,0.0,5850.48513734568,5034.364155864199
2025-01-13,2025-01-13T19:50:00,True,0.0,0.0,748.7718333333333,0.0,1.3473,0.0,748.7718333333333,0.0,0.0,0.0,5034.364155864199,4202.395452160496
2025-01-13,2025-01-13T20:00:00,True,0.0,0.0,735.4133333333332,0.0,1.3482,0.0,735.4133333333332,0.0,0.0,0.0,4202.395452160496,3385.2695262345696
2025-01-13,2025-01-13T20:10:00,True,0.0,0.0,740.6722499999998,0.0,1.3513,0.0,740.6722499999998,0.0,0.0,0.0,3385.2695262345696,2562.300359567903
2025-01-13,2025-01-13T20:20:00,True,0.0,0.0,742.0775,0.0,1.34,0.0,0.0,742.0775,0.0,0.0,2562.300359567903,2562.300359567903
2025-01-13,2025-01-13T20:30:00,True,0.0,0.0,732.7349999999999,0.0,1.3489,0.0,574.1818194444454,158.55318055555443,0.0,0.0,2562.300359567903,1924.3205601851857
2025-01-13,2025-01-13T20:40:00,True,0.0,0.0,730.5805,0.0,1.3952,0.0,651.8885041666672,78.69199583333295,0.0,0.0,1924.3205601851857,1200.0
2025-01-13,2025-01-13T20:50:00,True,662.7329513888889,662.7329513888889,720.4999166666666,0.0,1.2226,0.0,0.0,57.766965277777786,0.0,0.0,1200.0,1200.0
2025-01-13,2025-01-13T21:00:00,True,668.1002777777777,668.1002777777777,729.8433333333334,0.0,0.9332,0.0,0.0,61.74305555555566,0.0,0.0,1200.0,1200.0
2025-01-13,2025-01-13T21:10:00,True,664.5262819444443,664.5262819444443,795.8265166666666,0.0,0.9068,0.0,0.0,131.30023472222229,0.0,0.0,1200.0,1200.0
2025-01-13,2025-01-13T21:20:00,True,655.3455555555555,655.3455555555555,798.6658,0.0,0.9371,0.0,0.0,143.32024444444448,0.0,0.0,1200.0,1200.0
2025-01-13,2025-01-13T21:30:00,True,660.7633333333332,660.7633333333332,759.0166666666667,0.0,0.9371,0.0,0.0,98.25333333333344,0.0,0.0,1200.0,1200.0
2025-01-13,2025-01-13T21:40:00,True,686.2379013888889,686.2379013888889,796.3102166666665,0.0,0.9871,0.0,0.0,110.07231527777765,0.0,0.0,1200.0,1200.0
2025-01-13,2025-01-13T21:50:00,True,624.8957986111111,624.8957986111111,717.7106166666667,0.0,0.7764,0.0,0.0,92.81481805555563,0.0,0.0,1200.0,1200.0
2025-01-13,2025-01-13T22:00:00,True,511.9581944444444,511.9581944444444,560.4833333333333,0.0,0.4209,0.0,0.0,48.52513888888893,0.0,0.0,1200.0,1200.0
2025-01-13,2025-01-13T22:10:00,True,498.06410972222216,498.06410972222216,567.4424833333333,0.0,0.3859,0.0,0.0,69.3783736111111,0.0,0.0,1200.0,1200.0
2025-01-13,2025-01-13T22:20:00,True,517.3339500000001,517.3339500000001,572.8720166666667,0.0,0.4368,0.0,0.0,55.53806666666662,0.0,0.0,1200.0,1200.0
2025-01-13,2025-01-13T22:30:00,True,520.43125,520.43125,530.0716666666666,0.0,0.4198,0.0,0.0,9.640416666666624,0.0,0.0,1200.0,1200.0
2025-01-13,2025-01-13T22:40:00,True,524.1304125,524.1304125,567.1485666666666,0.0,0.4186,0.0,0.0,43.01815416666659,0.0,0.0,1200.0,1200.0
2025-01-13,2025-01-13T22:50:00,True,520.5605999999999,520.5605999999999,615.53395,0.0,0.4241,0.0,0.0,94.9733500000001,0.0,0.0,1200.0,1200.0
2025-01-13,2025-01-13T23:00:00,True,519.6904166666667,519.6904166666667,607.8116666666666,0.0,0.4237,0.0,0.0,88.12124999999992,0.0,0.0,1200.0,1200.0
2025-01-13,2025-01-13T23:10:00,True,541.5251152777778,541.5251152777778,556.5846166666666,0.0,0.4248,0.0,0.0,15.059501388888862,0.0,0.0,1200.0,1200.0
2025-01-13,2025-01-13T23:20:00,True,549.1673930555556,549.1673930555556,576.4486166666666,0.0,0.424,0.0,0.0,27.28122361111093,0.0,0.0,1200.0,1200.0
2025-01-13,2025-01-13T23:30:00,True,539.9695833333334,539.9695833333334,649.3583333333333,0.0,0.422,0.0,0.0,109.38874999999996,0.0,0.0,1200.0,1200.0
2025-01-13,2025-01-13T23:40:00,True,546.8811777777777,546.8811777777777,644.1870833333332,0.0,0.424,0.0,0.0,97.30590555555557,0.0,0.0,1200.0,1200.0
2025-01-13,2025-01-13T23:50:00,True,551.5336249999999,551.5336249999999,606.2678999999999,0.0,0.4271,0.0,0.0,54.734275000000025,0.0,0.0,1200.0,1200.0
2025-01-13,2025-01-14T00:00:00,True,549.5918181818181,551.4163888888888,593.7466666666667,0.0,0.4276,0.0,0.0,42.33027777777784,0.0,0.0,1200.0,1200.0
2025-01-14,2025-01-14T00:10:00,True,1399.0105717948718,1399.0105717948718,616.3293166666666,0.0,0.4248,782.6812551282051,0.0,0.0,7.08504220154969e-15,1.0,1200.0,1904.4131296153846
2025-01-14,2025-01-14T00:20:00,True,1405.020267948718,1405.020267948718,624.6071999999999,0.0,0.4245,780.413067948718,0.0,0.0,0.0,1.0,1904.4131296153846,2606.784890769231
2025-01-14,2025-01-14T00:30:00,True,1400.6851282051282,1400.6851282051282,611.875,0.0,0.4269,788.8101282051282,0.0,0.0,0.0,1.0,2606.784890769231,3316.7140061538466
2025-01-14,2025-01-14T00:40:00,True,1395.051473076923,1395.051473076923,614.5873166666667,0.0,0.4272,780.4641564102564,0.0,0.0,0.0,1.0,3316.7140061538466,4019.131746923077
2025-01-14,2025-01-14T00:50:00,True,1392.694896153846,1392.694896153846,615.1157333333333,0.0,0.4271,777.5791628205127,0.0,0.0,0.0,1.0,4019.131746923077,4718.952993461538
2025-01-14,2025-01-14T01:00:00,True,1401.272435897436,1401.272435897436,621.5749999999999,0.0,0.4285,779.6974358974361,0.0,0.0,0.0,1.0,4718.952993461538,5420.680685769231
2025-01-14,2025-01-14T01:10:00,True,1424.4624807692308,1424.4624807692308,657.8858333333333,0.0,0.4311,766.5766474358975,0.0,0.0,0.0,1.0,5420.680685769231,6110.599668461538
2025-01-14,2025-01-14T01:20:00,True,1433.7730987179489,1433.7730987179489,656.1048666666666,0.0,0.4302,777.6682320512823,0.0,0.0,0.0,1.0,6110.599668461538,6810.501077307693
2025-01-14,2025-01-14T01:30:00,True,1425.5576923076924,1425.5576923076924,626.7583333333333,0.0,0.4279,798.799358974359,0.0,0.0,0.0,1.0,6810.501077307693,7529.420500384616
2025-01-14,2025-01-14T01:40:00,True,590.1038256410255,590.1038256410255,649.6088833333333,0.0,0.4312,0.0,0.0,59.50505769230779,0.0,0.0,7529.420500384616,7529.420500384616
2025-01-14,2025-01-14T01:50:00,True,595.033344871795,595.033344871795,676.2656833333333,0.0,0.4333,0.0,0.0,81.23233846153835,0.0,0.0,7529.420500384616,7529.420500384616
2025-01-14,2025-01-14T02:00:00,True,1268.8457692307693,1268.8457692307693,679.7133333333334,0.0,0.4311,589.1324358974359,0.0,0.0,0.0,1.0,7529.420500384616,8059.639692692309
2025-01-14,2025-01-14T02:10:00,True,1441.149491025641,1441.149491025641,680.6354833333332,0.0,0.4293,760.5140076923078,0.0,0.0,0.0,1.0,8059.639692692309,8744.102299615386
2025-01-14,2025-01-14T02:20:00,True,611.792121794872,611.792121794872,673.19935,0.0,0.4324,0.0,7.531752999057062e-13,61.40722820512728,0.0,0.0,8744.102299615386,8744.102299615386
2025-01-14,2025-01-14T02:30:00,True,616.9970512820512,616.9970512820512,663.005,0.0,0.4367,0.0,2.1316282072803006e-14,46.007948717948786,0.0,0.0,8744.102299615386,8744.102299615386
2025-01-14,2025-01-14T02:40:00,True,625.8476089743589,625.8476089743589,666.9908499999999,0.0,0.4348,0.0,7.105427357601002e-14,41.14324102564096,0.0,0.0,8744.102299615386,8744.102299615386
2025-01-14,2025-01-14T02:50:00,True,630.6451320512822,630.6451320512822,673.3498166666666,0.0,0.4335,0.0,3.623767952376511e-13,42.70468461538403,0.0,0.0,8744.102299615386,8744.102299615386
2025-01-14,2025-01-14T03:00:00,True,629.92,629.92,675.2933333333333,0.0,0.4357,0.0,5.258016244624741e-13,45.37333333333281,0.0,0.0,8744.102299615386,8744.102299615386
2025-01-14,2025-01-14T03:10:00,True,630.755491025641,630.755491025641,680.1736666666666,0.0,0.4374,0.0,-6.821210263296962e-13,49.41817564102621,0.0,0.0,8744.102299615386,8744.102299615386
2025-01-14,2025-01-14T03:20:00,True,638.6555961538462,638.6555961538462,700.90325,0.0,0.4371,0.0,9.237055564881302e-14,62.24765384615366,0.0,0.0,8744.102299615386,8744.102299615386
2025-01-14,2025-01-14T03:30:00,True,643.5087179487181,643.5087179487181,720.6316666666667,0.0,0.4356,0.0,7.531752999057062e-13,77.12294871794784,0.0,0.0,8744.102299615386,8744.102299615386
2025-01-14,2025-01-14T03:40:00,True,631.4704705128205,631.4704705128205,708.8697166666667,0.0,0.4353,0.0,4.973799150320701e-13,77.39924615384571,0.0,0.0,8744.102299615386,8744.102299615386
2025-01-14,2025-01-14T03:50:00,True,632.5894628205127,632.5894628205127,702.7655500000001,0.0,0.436,0.0,2.842170943040401e-14,70.17608717948733,0.0,0.0,8744.102299615386,8744.102299615386
2025-01-14,2025-01-14T04:00:00,True,649.995769230769,649.995769230769,714.0983333333334,0.0,0.4378,0.0,-1.1368683772161603e-13,64.10256410256443,0.0,0.0,8744.102299615386,8744.102299615386
2025-01-14,2025-01-14T04:10:00,True,655.1374871794872,655.1374871794872,713.7702833333333,0.0,0.4401,0.0,0.0,58.63279615384613,0.0,0.0,8744.102299615386,8744.102299615386
2025-01-14,2025-01-14T04:20:00,True,645.4720025641025,645.4720025641025,682.0052,0.0,0.4389,0.0,0.0,36.53319743589748,0.0,0.0,8744.102299615386,8744.102299615386
2025-01-14,2025-01-14T04:30:00,True,636.8698717948718,636.8698717948718,655.3499999999999,0.0,0.4364,0.0,0.0,18.480128205128153,0.0,0.0,8744.102299615386,8744.102299615386
2025-01-14,2025-01-14T04:40:00,True,647.609082051282,647.609082051282,692.9606166666667,0.0,0.4393,0.0,0.0,45.35153461538471,0.0,0.0,8744.102299615386,8744.102299615386
2025-01-14,2025-01-14T04:50:00,True,660.2825948717948,660.2825948717948,732.4730500000001,0.0,0.4422,0.0,0.0,72.19045512820526,0.0,0.0,8744.102299615386,8744.102299615386
2025-01-14,2025-01-14T05:00:00,True,663.3515384615386,663.3515384615386,729.27,0.0,0.4395,0.0,0.0,65.91846153846143,0.0,0.0,8744.102299615386,8744.102299615386
2025-01-14,2025-01-14T05:10:00,True,661.7348512820512,661.7348512820512,698.7895833333333,0.0,0.4333,0.0,0.0,37.054732051282144,0.0,0.0,8744.102299615386,8744.102299615386
2025-01-14,2025-01-14T05:20:00,True,665.5644461538462,665.5644461538462,698.16495,0.0,0.4439,0.0,0.0,32.60050384615374,0.0,0.0,8744.102299615386,8744.102299615386
2025-01-14,2025-01-14T05:30:00,True,1497.7070512820515,1497.7070512820515,711.0,0.0,0.4301,786.7070512820515,0.0,0.0,0.0,1.0,8744.102299615386,9452.138645769232
2025-01-14,2025-01-14T05:40:00,True,1483.4582166666667,1483.4582166666667,687.6035666666667,0.0,0.3713,795.85465,0.0,0.0,0.0,1.0,9452.138645769232,10168.40783076923
2025-01-14,2025-01-14T05:50:00,True,705.4811192307692,705.4811192307692,768.5742,0.0,0.5708,0.0,1.6370904631912707e-12,63.093080769231165,0.0,0.0,10168.40783076923,10168.407830769229
2025-01-14,2025-01-14T06:00:00,True,0.0,125.47485348290809,910.935,0.0,0.9099,0.0,785.4601465170919,0.0,0.0,0.0,10168.407830769229,9295.674334639127
2025-01-14,2025-01-14T06:10:00,True,0.0,0.0,915.5560166666667,0.0020499999999999997,0.9368,0.0,801.0119307692312,114.54203589743543,0.0,0.0,9295.674334639127,8405.66107822887
2025-01-14,2025-01-14T06:20:00,True,797.824791025641,797.824791025641,883.10115,0.0,0.8758,0.0,-1.0231815394945443e-12,85.27635897435994,0.0,0.0,8405.66107822887,8405.661078228872
2025-01-14,2025-01-14T06:30:00,True,798.5161724358975,798.5161724358975,904.085,0.0,0.8759,0.0,0.0,105.56882756410255,0.0,0.0,8405.661078228872,8405.661078228872
2025-01-14,2025-01-14T06:40:00,True,795.7353205128205,795.7353205128205,960.7646666666666,0.028483333333333333,0.8601,0.0,0.0,165.00086282051268,0.0,0.0,8405.661078228872,8405.661078228872
2025-01-14,2025-01-14T06:50:00,True,794.0383929487181,794.0383929487181,958.2236833333333,0.4016166666666666,0.8442,0.0,0.0,163.78367371794855,0.0,0.0,8405.661078228872,8405.661078228872
2025-01-14,2025-01-14T07:00:00,True,799.2497807692308,799.6652807692309,902.9916666666666,12.787499999999998,0.8334,0.0,0.0,90.53888589743565,0.0,0.0,8405.661078228872,8405.661078228872
2025-01-14,2025-01-14T07:10:00,True,765.7070824786324,766.194251923077,893.7362166666667,51.26291666666666,0.8092,0.0,0.0,76.279048076923,0.0,0.0,8405.661078228872,8405.661078228872
2025-01-14,2025-01-14T07:20:00,True,733.0912482905983,733.6500871794872,917.8654833333333,95.35843333333334,0.7972,0.0,0.0,88.85696282051276,0.0,0.0,8405.661078228872,8405.661078228872
2025-01-14,2025-01-14T07:30:00,True,678.7991615384617,679.429669871795,917.5983333333334,136.25,0.7644,0.0,0.0,101.91866346153836,0.0,0.0,8405.661078228872,8405.661078228872
2025-01-14,2025-01-14T07:40:00,True,1435.2134235042736,1435.9156012820513,879.3562333333332,183.5329833333333,0.6899,740.0923512820514,0.0,0.0,0.0,1.0,8405.661078228872,9071.744194382718
2025-01-14,2025-01-14T07:50:00,True,640.8825482905984,641.6563955128206,1014.9964,238.76118333333332,0.86,0.0,0.0,134.5788211538461,0.0,0.0,9071.744194382718,9071.744194382718
2025-01-14,2025-01-14T08:00:00,True,0.0,0.0,1237.8383333333331,299.06874999999997,1.1617,0.0,833.3333333333334,105.43624999999986,0.0,0.0,9071.744194382718,8145.818268456792
2025-01-14,2025-01-14T08:10:00,True,0.0,0.0,1234.0593833333332,356.8407833333333,1.1683,0.0,833.3333333333334,43.88526666666655,0.0,0.0,8145.818268456792,7219.892342530866
2025-01-14,2025-01-14T08:20:00,True,0.0,0.0,1191.7730333333334,395.36296666666664,1.0956,0.0,796.4100666666668,0.0,0.0,0.0,7219.892342530866,6334.992268456792
2025-01-14,2025-01-14T08:30:00,True,0.0,0.0,1205.8066666666666,421.9875,1.0849,0.0,783.8191666666667,0.0,0.0,0.0,6334.992268456792,5464.082083271607
2025-01-14,2025-01-14T08:40:00,True,0.0,0.0,1186.8413999999998,463.08979999999997,1.061,0.0,723.7515999999998,0.0,0.0,0.0,5464.082083271607,4659.913638827163
2025-01-14,2025-01-14T08:50:00,True,0.0,0.0,1194.8688166666666,515.3344833333333,1.043,0.0,679.5343333333333,0.0,0.0,0.0,4659.913638827163,3904.8754906790145
2025-01-14,2025-01-14T09:00:00,True,0.0,0.0,1220.6316666666667,555.5124999999999,1.036,0.0,665.1191666666667,0.0,0.0,0.0,3904.8754906790145,3165.854194382718
2025-01-14,2025-01-14T09:10:00,True,0.0,0.0,1185.1680166666665,567.4740333333333,1.0147,0.0,617.6939833333332,0.0,0.0,0.0,3165.854194382718,2479.52754623457
2025-01-14,2025-01-14T09:20:00,True,0.0,0.0,1163.1134166666666,608.3691333333334,0.9922,0.0,554.7442833333332,0.0,0.0,0.0,2479.52754623457,1863.145009197533
2025-01-14,2025-01-14T09:30:00,True,0.0,0.0,1185.0466666666666,672.71875,0.97,0.0,16.207407850429124,496.1205088162375,0.0,0.0,1863.145009197533,1845.1367782526117
2025-01-14,2025-01-14T09:40:00,True,0.0,0.0,1204.3273166666665,699.5969499999999,0.9422,0.0,0.0,504.73036666666667,0.0,0.0,1845.1367782526117,1845.1367782526117
2025-01-14,2025-01-14T09:50:00,True,0.0,0.0,1201.2699166666666,728.7238,0.9569,0.0,0.0,472.54611666666665,0.0,0.0,1845.1367782526117,1845.1367782526117
2025-01-14,2025-01-14T10:00:00,True,0.0,0.0,1191.5049999999999,782.26875,0.9977,0.0,409.2362499999999,0.0,0.0,0.0,1845.1367782526117,1390.4298338081674
2025-01-14,2025-01-14T10:10:00,True,0.0,0.0,1203.1402833333332,840.1320833333332,0.9919,0.0,171.38685042735062,191.62134957264936,0.0,0.0,1390.4298338081674,1200.0
2025-01-14,2025-01-14T10:20:00,True,0.0,0.0,1204.9819833333331,887.8587666666667,0.9588,0.0,0.0,317.1232166666664,0.0,0.0,1200.0,1200.0
2025-01-14,2025-01-14T10:30:00,True,0.0,0.0,1183.06,919.8999999999999,0.9549,0.0,0.0,263.1600000000001,0.0,0.0,1200.0,1200.0
2025-01-14,2025-01-14T10:40:00,True,0.0,0.0,1162.2812,941.1163499999999,0.9839,0.0,0.0,221.16485,0.0,0.0,1200.0,1200.0
2025-01-14,2025-01-14T10:50:00,True,106.23102606837574,106.23102606837574,1189.5861166666666,968.7511,0.799,0.0,0.0,114.60399059829092,0.0,0.0,1200.0,1200.0
2025-01-14,2025-01-14T11:00:00,True,903.6585730769233,903.6585730769233,1224.6516666666666,995.9624999999999,0.5025,674.9694064102565,0.0,0.0,-8.918655768324468e-14,1.0,1200.0,1807.472465769231
2025-01-14,2025-01-14T11:10:00,True,896.3049735042736,896.3049735042736,1180.3629666666666,997.3388166666666,0.4662,713.2808235042736,0.0,0.0,0.0,1.0,1807.472465769231,2449.425206923077
2025-01-14,2025-01-14T11:20:00,True,888.1376854700854,888.1376854700854,1147.8014166666667,981.7414833333333,0.5007,722.0777521367521,0.0,0.0,0.0,1.0,2449.425206923077,3099.295183846154
2025-01-14,2025-01-14T11:30:00,True,879.7700230769229,879.7700230769229,1165.7233333333334,970.06875,0.4827,684.1154397435896,0.0,0.0,0.0,1.0,3099.295183846154,3714.9990796153847
2025-01-14,2025-01-14T11:40:00,True,869.8888799145299,869.8888799145299,1174.1006666666667,981.32025,0.4785,677.1084632478631,0.0,0.0,0.0,1.0,3714.9990796153847,4324.396696538462
2025-01-14,2025-01-14T11:50:00,True,842.2274405982906,842.2274405982906,1114.3241166666667,1013.2634666666665,0.4662,741.1667905982905,0.0,0.0,0.0,1.0,4324.396696538462,4991.446808076923
2025-01-14,2025-01-14T12:00:00,True,803.7449346153846,839.6541666666668,1042.9083333333333,1036.5874999999999,0.4432,833.3333333333343,0.0,0.0,-9.094947017729282e-13,1.0,4991.446808076923,5741.446808076924
2025-01-14,2025-01-14T12:10:00,True,801.647540811966,837.4310102564106,1070.629,1020.2415666666667,0.4411,787.0435769230774,0.0,0.0,0.0,1.0,5741.446808076924,6449.786027307693
2025-01-14,2025-01-14T12:20:00,True,811.3118649572652,834.744203846155,1077.1623666666665,1010.6484499999999,0.4551,768.2302871794884,0.0,0.0,0.0,1.0,6449.786027307693,7141.193285769233
2025-01-14,2025-01-14T12:30:00,True,822.7744801282051,833.8556884615385,1033.9983333333332,1016.76875,0.4463,816.6261051282053,0.0,0.0,0.0,1.0,7141.193285769233,7876.156780384617
2025-01-14,2025-01-14T12:40:00,True,832.5666414529916,832.5666414529916,1035.9826166666667,1003.4630166666667,0.4113,800.0470414529916,0.0,0.0,0.0,1.0,7876.156780384617,8596.19911769231
2025-01-14,2025-01-14T12:50:00,True,855.3273143162395,855.3273143162395,1068.3993666666665,986.9233666666667,0.5682,773.8513143162396,0.0,0.0,0.0,1.0,8596.19911769231,9292.665300576926
2025-01-14,2025-01-14T13:00:00,True,50.57582051282054,50.57582051282054,1095.8249999999998,984.38125,0.8279,0.0,0.0,60.867929487179254,0.0,0.0,9292.665300576926,9292.665300576926
2025-01-14,2025-01-14T13:10:00,True,82.86862051282037,82.86862051282037,1099.7876833333332,991.4334333333333,0.8636,0.0,0.0,25.485629487179608,0.0,0.0,9292.665300576926,9292.665300576926
2025-01-14,2025-01-14T13:20:00,True,118.15289999999993,118.15289999999993,1095.6951166666665,968.8066666666666,0.8416,0.0,0.0,8.73554999999999,0.0,0.0,9292.665300576926,9292.665300576926
2025-01-14,2025-01-14T13:30:00,True,154.0731038461538,154.0731038461538,1094.435,913.8249999999999,0.8618,0.0,0.0,26.536896153846214,0.0,0.0,9292.665300576926,9292.665300576926
2025-01-14,2025-01-14T13:40:00,True,168.7222782051282,168.7222782051282,1097.4836166666666,861.83205,0.8623,0.0,0.0,66.92928846153848,0.0,0.0,9292.665300576926,9292.665300576926
2025-01-14,2025-01-14T13:50:00,True,0.0,135.34290752777525,1118.3651666666665,819.5171166666667,0.9026,0.0,0.0,163.50514247222458,0.0,0.0,9292.665300576926,9292.665300576926
2025-01-14,2025-01-14T14:00:00,True,0.0,0.0,1130.5549999999998,785.46875,0.9754,0.0,341.868062025647,3.218187974352804,0.0,0.0,9292.665300576926,8912.811898326207
2025-01-14,2025-01-14T14:10:00,True,0.0,0.0,1095.3363333333332,756.7791,1.0002,0.0,338.5572333333332,0.0,0.0,0.0,8912.811898326207,8536.637194622503
2025-01-14,2025-01-14T14:20:00,True,0.0,0.0,1093.3039166666667,726.4573166666667,0.9978,0.0,171.86492307692265,194.98167692307743,0.0,0.0,8536.637194622503,8345.676168981478
2025-01-14,2025-01-14T14:30:00,True,0.0,0.0,1127.745,689.6687499999999,1.0271,0.0,305.22979230769295,132.846457692307,0.0,0.0,8345.676168981478,8006.531955306264
2025-01-14,2025-01-14T14:40:00,True,0.0,0.0,1118.9171666666666,645.9061166666667,1.0906,0.0,346.16274102564046,126.8483089743595,0.0,0.0,8006.531955306264,7621.906687499996
2025-01-14,2025-01-14T14:50:00,True,0.0,0.0,1085.2365499999999,599.1498333333333,0.9376,0.0,-5.684341886080801e-13,486.08671666666714,0.0,0.0,7621.906687499996,7621.906687499997
2025-01-14,2025-01-14T15:00:00,True,1200.8946269230769,1291.435776923077,1067.1233333333332,551.4375,0.6694,775.7499435897437,0.0,0.0,0.0,1.0,7621.906687499997,8320.081636730767
2025-01-14,2025-01-14T15:10:00,True,1246.2126329059827,1329.2894829059828,1082.8448166666667,503.9868666666667,0.66,750.4315329059827,0.0,0.0,0.0,1.0,8320.081636730767,8995.470016346151
2025-01-14,2025-01-14T15:20:00,True,1290.8184170940171,1366.4309670940172,1079.80315,466.1007,0.7217,752.7285170940172,0.0,0.0,0.0,1.0,8995.470016346151,9672.925681730767
2025-01-14,2025-01-14T15:30:00,True,963.068829703494,1359.0026012820513,1053.1016666666665,431.9625,0.7308,737.8634346153848,0.0,0.0,0.0,1.0,9672.925681730767,10337.002772884613
2025-01-14,2025-01-14T15:40:00,True,551.2283008547008,611.9122508547008,1047.2957333333334,385.10836666666665,0.7534,0.0,0.0,50.275115811965975,0.0,0.0,10337.002772884613,10337.002772884613
2025-01-14,2025-01-14T15:50:00,True,603.3711106837607,656.5907606837607,1044.6381833333332,334.8437833333333,0.7823,0.0,0.0,53.20363931623979,0.0,0.0,10337.002772884613,10337.002772884613
2025-01-14,2025-01-14T16:00:00,True,649.3063320512822,695.0616820512822,1042.8383333333331,289.45,0.8055,0.0,-1.6370904631912707e-12,58.3266512820519,0.0,0.0,10337.002772884613,10337.002772884614
2025-01-14,2025-01-14T16:10:00,True,685.2361893162395,723.4987420940167,1059.8542166666666,247.36225000000002,0.8271,0.0,0.0,88.99322457265043,0.0,0.0,10337.002772884614,10337.002772884614
2025-01-14,2025-01-14T16:20:00,True,719.2566183760681,750.0263739316242,1068.6140166666667,198.87696666666665,0.8519,0.0,1.6370904631912707e-12,119.7106760683746,0.0,0.0,10337.002772884614,10337.002772884613
2025-01-14,2025-01-14T16:30:00,True,760.513262820513,783.7902211538463,1052.6766666666667,146.53125,0.8791,0.0,0.0,122.3551955128205,0.0,0.0,10337.002772884613,10337.002772884613
2025-01-14,2025-01-14T16:40:00,True,811.1378893162396,826.9220504273502,1024.3075999999999,101.73058333333333,0.9024,0.0,1.6370904631912707e-12,95.6549662393154,0.0,0.0,10337.002772884613,10337.00277288461
2025-01-14,2025-01-14T16:50:00,True,841.1381132478627,849.4294771367521,1019.8910666666667,55.531083333333335,0.9163,0.0,0.0,114.93050619658061,0.0,0.0,10337.00277288461,10337.00277288461
2025-01-14,2025-01-14T17:00:00,True,858.7013474358973,859.4999141025639,1041.5949999999998,15.193749999999998,0.9264,0.0,0.0,166.90133589743527,0.0,0.0,10337.00277288461,10337.00277288461
2025-01-14,2025-01-14T17:10:00,True,859.0282442307691,859.6937164529913,1055.6396333333332,0.9846499999999999,0.9462,0.0,0.0,194.961266880342,0.0,0.0,10337.00277288461,10337.00277288461
2025-01-14,2025-01-14T17:20:00,True,861.1836410256408,861.7160188034186,1046.19785,0.0,0.9742,0.0,0.0,184.48183119658097,0.0,0.0,10337.00277288461,10337.00277288461
2025-01-14,2025-01-14T17:30:00,True,865.312853205128,865.7121365384614,1041.8933333333332,0.0,0.9862,0.0,1.6370904631912707e-12,176.18119679487063,0.0,0.0,10337.00277288461,10337.002772884609
2025-01-14,2025-01-14T17:40:00,True,880.3519243589743,880.6181132478631,1061.6435333333334,0.030299999999999997,0.976,0.0,0.0,180.99512008547026,0.0,0.0,10337.002772884609,10337.002772884609
2025-01-14,2025-01-14T17:50:00,True,797.0798224358974,797.2129168803418,939.3711833333333,0.0,1.0742,0.0,0.0,142.15826645299057,0.0,0.0,10337.002772884609,10337.002772884609
2025-01-14,2025-01-14T18:00:00,True,660.9593589743589,733.5433333333333,733.5433333333333,0.0,1.2313,0.0,0.0,0.0,-7.189801844656244e-13,0.0,10337.002772884609,10337.002772884609
2025-01-14,2025-01-14T18:10:00,True,0.0,244.30420825000868,690.5731000000001,0.0021666666666666666,1.2561,0.0,394.0409955961468,52.225729487179706,0.0,0.0,10337.002772884609,9899.179444444446
2025-01-14,2025-01-14T18:20:00,True,657.6302512820512,657.6302512820512,727.0593666666666,0.0,1.2447,0.0,9.521272659185342e-13,69.42911538461449,0.0,0.0,9899.179444444446,9899.179444444444
2025-01-14,2025-01-14T18:30:00,True,486.3514474359008,658.7447435897435,749.4983333333332,0.0,1.2545,0.0,0.0,90.75358974358971,0.0,0.0,9899.179444444444,9899.179444444444
2025-01-14,2025-01-14T18:40:00,True,655.305708974359,655.305708974359,747.1676,0.0,1.2522,0.0,-8.100187187665142e-13,91.86189102564175,0.0,0.0,9899.179444444444,9899.179444444444
2025-01-14,2025-01-14T18:50:00,True,0.0,0.0,738.6843833333334,0.0,1.2881,0.0,649.895262820511,88.78912051282232,0.0,0.0,9899.179444444444,9177.0735968661
2025-01-14,2025-01-14T19:00:00,True,0.0,0.0,738.6833333333334,0.0,1.3466,0.0,738.6833333333334,0.0,0.0,0.0,9177.0735968661,8356.31433760684
2025-01-14,2025-01-14T19:10:00,True,0.0,0.0,745.5719666666666,0.0,1.3523,0.0,745.5719666666666,0.0,0.0,0.0,8356.31433760684,7527.901041310544
2025-01-14,2025-01-14T19:20:00,True,0.0,0.0,736.5813833333333,0.0,1.3445,0.0,736.5813833333333,0.0,0.0,0.0,7527.901041310544,6709.477282051285
2025-01-14,2025-01-14T19:30:00,True,0.0,0.0,724.1216666666666,0.0,1.3483,0.0,724.1216666666666,0.0,0.0,0.0,6709.477282051285,5904.897652421656
2025-01-14,2025-01-14T19:40:00,True,0.0,0.0,741.2659333333332,0.0,1.349,0.0,741.2659333333332,0.0,0.0,0.0,5904.897652421656,5081.268837606842
2025-01-14,2025-01-14T19:50:00,True,0.0,0.0,744.84535,0.0,1.3473,0.0,744.84535,0.0,0.0,0.0,5081.268837606842,4253.662893162397
2025-01-14,2025-01-14T20:00:00,True,0.0,0.0,729.9133333333332,0.0,1.3482,0.0,729.9133333333332,0.0,0.0,0.0,4253.662893162397,3442.6480783475827
2025-01-14,2025-01-14T20:10:00,True,0.0,0.0,736.2915166666667,0.0,1.3513,0.0,736.2915166666667,0.0,0.0,0.0,3442.6480783475827,2624.5463931623976
2025-01-14,2025-01-14T20:20:00,True,0.0,0.0,752.3925833333333,0.0,1.34,0.0,0.0,752.3925833333333,0.0,0.0,2624.5463931623976,2624.5463931623976
2025-01-14,2025-01-14T20:30:00,True,0.0,0.0,762.7583333333333,0.0,1.3489,0.0,624.1500192307731,138.60831410256026,0.0,0.0,2624.5463931623976,1931.046371794872
2025-01-14,2025-01-14T20:40:00,True,0.0,0.0,761.3228166666665,0.0,1.3952,0.0,657.9417346153847,103.38108205128185,0.0,0.0,1931.046371794872,1200.0
2025-01-14,2025-01-14T20:50:00,True,667.1765641025639,667.1765641025639,742.1596666666666,0.0,1.2226,0.0,0.0,74.98310256410264,0.0,0.0,1200.0,1200.0
2025-01-14,2025-01-14T21:00:00,True,672.8497435897435,672.8497435897435,722.7983333333333,0.0,0.9332,0.0,0.0,49.948589743589764,0.0,0.0,1200.0,1200.0
2025-01-14,2025-01-14T21:10:00,True,674.6262999999999,674.6262999999999,730.6935833333333,0.0,0.9068,0.0,0.0,56.06728333333342,0.0,0.0,1200.0,1200.0
2025-01-14,2025-01-14T21:20:00,True,666.3701897435897,666.3701897435897,740.3137166666667,0.0,0.9371,0.0,0.0,73.943526923077,0.0,0.0,1200.0,1200.0
2025-01-14,2025-01-14T21:30:00,True,668.321282051282,668.321282051282,744.8966666666666,0.0,0.9371,0.0,0.0,76.57538461538468,0.0,0.0,1200.0,1200.0
2025-01-14,2025-01-14T21:40:00,True,694.7050025641025,694.7050025641025,745.9355999999999,0.0,0.9871,0.0,0.0,51.23059743589738,0.0,0.0,1200.0,1200.0
2025-01-14,2025-01-14T21:50:00,True,632.0354,632.0354,656.7318666666666,0.0,0.7764,0.0,0.0,24.69646666666665,0.0,0.0,1200.0,1200.0
2025-01-14,2025-01-14T22:00:00,True,515.6908974358975,515.6908974358975,547.5966666666666,0.0,0.4209,0.0,0.0,31.905769230769124,0.0,0.0,1200.0,1200.0
2025-01-14,2025-01-14T22:10:00,True,503.4009076923076,503.4009076923076,583.1007666666667,0.0,0.3859,0.0,0.0,79.69985897435907,0.0,0.0,1200.0,1200.0
2025-01-14,2025-01-14T22:20:00,True,521.6061089743591,521.6061089743591,596.5166333333333,0.0,0.4368,0.0,0.0,74.91052435897416,0.0,0.0,1200.0,1200.0
2025-01-14,2025-01-14T22:30:00,True,521.1728205128205,521.1728205128205,548.2033333333333,0.0,0.4198,0.0,0.0,27.03051282051274,0.0,0.0,1200.0,1200.0
2025-01-14,2025-01-14T22:40:00,True,527.4395012820513,527.4395012820513,567.5955333333333,0.0,0.4186,0.0,0.0,40.156032051281954,0.0,0.0,1200.0,1200.0
2025-01-14,2025-01-14T22:50:00,True,527.8662423076922,527.8662423076922,614.1134333333333,0.0,0.4241,0.0,0.0,86.24719102564109,0.0,0.0,1200.0,1200.0
2025-01-14,2025-01-14T23:00:00,True,526.4689743589744,526.4689743589744,629.9583333333333,0.0,0.4237,0.0,0.0,103.48935897435888,0.0,0.0,1200.0,1200.0
2025-01-14,2025-01-14T23:10:00,True,542.6835384615385,542.6835384615385,604.6275166666667,0.0,0.4248,0.0,0.0,61.94397820512813,0.0,0.0,1200.0,1200.0
2025-01-14,2025-01-14T23:20:00,True,551.2659487179487,551.2659487179487,602.7846166666666,0.0,0.424,0.0,0.0,51.51866794871785,0.0,0.0,1200.0,1200.0
2025-01-14,2025-01-14T23:30:00,True,548.3841025641026,548.3841025641026,626.4616666666666,0.0,0.422,0.0,0.0,78.077564102564,0.0,0.0,1200.0,1200.0
2025-01-14,2025-01-14T23:40:00,True,554.3662474358973,554.3662474358973,618.9066333333333,0.0,0.424,0.0,0.0,64.54038589743595,0.0,0.0,1200.0,1200.0
2025-01-14,2025-01-14T23:50:00,True,555.7439538461538,555.7439538461538,610.8013,0.0,0.4271,0.0,0.0,55.0573461538462,0.0,0.0,1200.0,1200.0
2025-01-14,2025-01-15T00:00:00,True,551.4163888888888,554.672564102564,612.1483333333333,0.0,0.4276,0.0,0.0,57.47576923076929,0.0,0.0,1200.0,1200.0
2025-01-15,2025-01-15T00:10:00,True,1402.6285773809523,1402.6285773809523,603.4397666666666,0.0,0.4248,799.1888107142853,0.0,0.0,1.0740692633353055e-13,1.0,1200.0,1919.2699296428568
2025-01-15,2025-01-15T00:20:00,True,1408.8002869047618,1408.8002869047618,618.0562833333333,0.0,0.4245,790.7440035714285,0.0,0.0,0.0,1.0,1919.2699296428568,2630.9395328571427
2025-01-15,2025-01-15T00:30:00,True,1403.8653571428572,1403.8653571428572,639.72,0.0,0.4269,764.1453571428572,0.0,0.0,0.0,1.0,2630.9395328571427,3318.670354285714
2025-01-15,2025-01-15T00:40:00,True,1398.827842857143,1398.827842857143,616.2570833333333,0.0,0.4272,782.5707595238097,0.0,0.0,0.0,1.0,3318.670354285714,4022.9840378571425
2025-01-15,2025-01-15T00:50:00,True,1396.677336904762,1396.677336904762,602.7091833333333,0.0,0.4271,793.9681535714286,0.0,0.0,0.0,1.0,4022.9840378571425,4737.555376071428
2025-01-15,2025-01-15T01:00:00,True,1405.1035714285713,1405.1035714285713,621.71,0.0,0.4285,783.3935714285712,0.0,0.0,0.0,1.0,4737.555376071428,5442.609590357142
2025-01-15,2025-01-15T01:10:00,True,1429.2308154761906,1429.2308154761906,641.1512666666666,0.0,0.4311,788.079548809524,0.0,0.0,0.0,1.0,5442.609590357142,6151.881184285714
2025-01-15,2025-01-15T01:20:00,True,1437.7491773809525,1437.7491773809525,649.7539999999999,0.0,0.4302,787.9951773809526,0.0,0.0,0.0,1.0,6151.881184285714,6861.076843928571
2025-01-15,2025-01-15T01:30:00,True,1428.0244047619049,1428.0244047619049,645.8683333333333,0.0,0.4279,782.1560714285715,0.0,0.0,0.0,1.0,6861.076843928571,7565.017308214286
2025-01-15,2025-01-15T01:40:00,True,594.354186904762,594.354186904762,635.8463333333333,0.0,0.4312,0.0,0.0,41.492146428571345,0.0,0.0,7565.017308214286,7565.017308214286
2025-01-15,2025-01-15T01:50:00,True,600.8356547619048,600.8356547619048,641.68255,0.0,0.4333,0.0,0.0,40.84689523809516,0.0,0.0,7565.017308214286,7565.017308214286
2025-01-15,2025-01-15T02:00:00,True,1274.3839285714284,1274.3839285714284,659.4066666666666,0.0,0.4311,614.9772619047618,0.0,0.0,0.0,1.0,7565.017308214286,8118.496843928571
2025-01-15,2025-01-15T02:10:00,True,1446.3508714285713,1446.3508714285713,661.5856,0.0,0.4293,784.7652714285713,0.0,0.0,0.0,1.0,8118.496843928571,8824.785588214285
2025-01-15,2025-01-15T02:20:00,True,616.1783523809526,616.1783523809526,646.9661,0.0,0.4324,0.0,6.394884621840902e-13,30.787747619046783,0.0,0.0,8824.785588214285,8824.785588214285
2025-01-15,2025-01-15T02:30:00,True,620.2833333333332,620.2833333333332,636.9616666666666,0.0,0.4367,0.0,4.796163466380676e-13,16.67833333333292,0.0,0.0,8824.785588214285,8824.785588214285
2025-01-15,2025-01-15T02:40:00,True,628.7864119047617,628.7864119047617,652.3050833333333,0.0,0.4348,0.0,7.496225862269057e-13,23.518671428570816,0.0,0.0,8824.785588214285,8824.785588214285
2025-01-15,2025-01-15T02:50:00,True,633.6954666666668,633.6954666666668,650.7481499999999,0.0,0.4335,0.0,-2.2737367544323206e-13,17.052683333333334,0.0,0.0,8824.785588214285,8824.785588214285
2025-01-15,2025-01-15T03:00:00,True,633.1609523809524,633.1609523809524,640.5066666666667,0.0,0.4357,0.0,4.778399897986674e-13,7.345714285713802,0.0,0.0,8824.785588214285,8824.785588214285
2025-01-15,2025-01-15T03:10:00,True,634.2853607142858,634.2853607142858,672.9660833333332,0.0,0.4374,0.0,5.044853423896711e-13,38.6807226190469,0.0,0.0,8824.785588214285,8824.785588214285
2025-01-15,2025-01-15T03:20:00,True,643.101857142857,643.101857142857,707.83845,0.0,0.4371,0.0,3.410605131648481e-13,64.73659285714257,0.0,0.0,8824.785588214285,8824.785588214285
2025-01-15,2025-01-15T03:30:00,True,649.0175,649.0175,708.0066666666667,0.0,0.4356,0.0,5.258016244624741e-13,58.989166666666094,0.0,0.0,8824.785588214285,8824.785588214285
2025-01-15,2025-01-15T03:40:00,True,636.998988095238,636.998988095238,678.3172166666666,0.0,0.4353,0.0,4.973799150320701e-14,41.31822857142851,0.0,0.0,8824.785588214285,8824.785588214285
2025-01-15,2025-01-15T03:50:00,True,637.6020404761904,637.6020404761904,680.6562833333332,0.0,0.436,0.0,7.034373084024992e-13,43.054242857142164,0.0,0.0,8824.785588214285,8824.785588214285
2025-01-15,2025-01-15T04:00:00,True,654.5745238095236,654.5745238095236,710.3466666666666,0.0,0.4378,0.0,-2.913225216616411e-13,55.77214285714326,0.0,0.0,8824.785588214285,8824.785588214285
2025-01-15,2025-01-15T04:10:00,True,659.325544047619,659.325544047619,705.1456333333333,0.0,0.4401,0.0,0.0,45.82008928571429,0.0,0.0,8824.785588214285,8824.785588214285
2025-01-15,2025-01-15T04:20:00,True,648.0815166666665,648.0815166666665,693.1804666666667,0.0,0.4389,0.0,0.0,45.09895000000017,0.0,0.0,8824.785588214285,8824.785588214285
2025-01-15,2025-01-15T04:30:00,True,638.1898809523809,638.1898809523809,692.3333333333333,0.0,0.4364,0.0,0.0,54.14345238095234,0.0,0.0,8824.785588214285,8824.785588214285
2025-01-15,2025-01-15T04:40:00,True,650.8484773809524,650.8484773809524,691.5618666666666,0.0,0.4393,0.0,0.0,40.71338928571413,0.0,0.0,8824.785588214285,8824.785588214285
2025-01-15,2025-01-15T04:50:00,True,665.439055952381,665.439055952381,698.3777,0.0,0.4422,0.0,0.0,32.93864404761905,0.0,0.0,8824.785588214285,8824.785588214285
2025-01-15,2025-01-15T05:00:00,True,668.0600000000002,668.0600000000002,710.78,0.0,0.4395,0.0,0.0,42.7199999999998,0.0,0.0,8824.785588214285,8824.785588214285
2025-01-15,2025-01-15T05:10:00,True,664.3816178571427,664.3816178571427,718.7302166666666,0.0,0.4333,0.0,0.0,54.34859880952388,0.0,0.0,8824.785588214285,8824.785588214285
2025-01-15,2025-01-15T05:20:00,True,667.8930535714287,667.8930535714287,735.6534833333333,0.00034999999999999994,0.4439,0.0,0.0,67.76007976190454,0.0,0.0,8824.785588214285,8824.785588214285
2025-01-15,2025-01-15T05:30:00,True,1501.0375,1501.0375,724.77,0.0,0.4301,776.2674999999999,0.0,0.0,0.0,1.0,8824.785588214285,9523.426338214285
2025-01-15,2025-01-15T05:40:00,True,1486.1352654761904,1486.1352654761904,657.20925,0.0,0.3713,828.9260154761904,0.0,0.0,0.0,1.0,9523.426338214285,10269.459752142857
2025-01-15,2025-01-15T05:50:00,True,709.9877678571429,709.9877678571429,745.7387833333333,0.004816666666666666,0.5708,0.0,0.0,35.746198809523776,0.0,0.0,10269.459752142857,10269.459752142857
2025-01-15,2025-01-15T06:00:00,True,219.35127341269663,619.2199253412696,924.7166666666667,0.0,0.9099,0.0,305.4967413253955,0.0,0.0,0.0,10269.459752142857,9930.018928447973
2025-01-15,2025-01-15T06:10:00,True,0.0,0.0,909.3155833333333,0.0,0.9368,0.0,806.016845238097,103.29873809523633,0.0,0.0,9930.018928447973,9034.444655961199
2025-01-15,2025-01-15T06:20:00,True,803.3439535714286,803.3439535714286,885.5596333333333,0.067,0.8758,0.0,1.1368683772161603e-13,82.14867976190453,0.0,0.0,9034.444655961199,9034.444655961199
2025-01-15,2025-01-15T06:30:00,True,805.1987940476189,805.1987940476189,929.8933333333332,0.0,0.8759,0.0,0.0,124.69453928571431,0.0,0.0,9034.444655961199,9034.444655961199
2025-01-15,2025-01-15T06:40:00,True,806.379119047619,806.379119047619,923.5810166666666,0.0,0.8601,0.0,0.0,117.2018976190476,0.0,0.0,9034.444655961199,9034.444655961199
2025-01-15,2025-01-15T06:50:00,True,804.3358988095239,804.3358988095239,890.5133999999999,1.4877166666666666,0.8442,0.0,0.0,84.68978452380941,0.0,0.0,9034.444655961199,9034.444655961199
2025-01-15,2025-01-15T07:00:00,True,804.9438976190477,804.9438976190477,875.885,14.974999999999998,0.8334,0.0,0.0,55.96610238095229,0.0,0.0,9034.444655961199,9034.444655961199
2025-01-15,2025-01-15T07:10:00,True,775.7267440476189,775.7267440476189,895.7419,50.04215,0.8092,0.0,0.0,69.97300595238107,0.0,0.0,9034.444655961199,9034.444655961199
2025-01-15,2025-01-15T07:20:00,True,749.7548726190477,749.7548726190477,916.9153333333334,94.42913333333333,0.7972,0.0,0.0,72.7313273809524,0.0,0.0,9034.444655961199,9034.444655961199
2025-01-15,2025-01-15T07:30:00,True,701.9124511904764,701.9124511904764,889.8633333333333,139.8875,0.7644,0.0,0.0,48.063382142856995,0.0,0.0,9034.444655961199,9034.444655961199
2025-01-15,2025-01-15T07:40:00,True,1463.6800952380954,1463.6800952380954,824.3264999999999,186.65878333333333,0.6899,826.0123785714288,0.0,0.0,0.0,1.0,9034.444655961199,9777.855796675485
2025-01-15,2025-01-15T07:50:00,True,678.8426547619048,678.8426547619048,966.8078499999999,230.75015,0.86,0.0,0.0,57.21504523809517,0.0,0.0,9777.855796675485,9777.855796675485
2025-01-15,2025-01-15T08:00:00,True,0.0,0.0,1227.46,274.61249999999995,1.1617,0.0,833.3333333333334,119.51416666666671,0.0,0.0,9777.855796675485,8851.92987074956
2025-01-15,2025-01-15T08:10:00,True,0.0,0.0,1251.2875666666666,327.1257,1.1683,0.0,833.3333333333334,90.82853333333321,0.0,0.0,8851.92987074956,7926.003944823634
2025-01-15,2025-01-15T08:20:00,True,0.0,0.0,1197.7863333333332,391.51206666666667,1.0956,0.0,806.2742666666666,0.0,0.0,0.0,7926.003944823634,7030.143648527338
2025-01-15,2025-01-15T08:30:00,True,0.0,0.0,1194.0716666666667,448.09375,1.0849,0.0,745.9779166666667,0.0,0.0,0.0,7030.143648527338,6201.279296675486
2025-01-15,2025-01-15T08:40:00,True,0.0,0.0,1205.3559333333333,470.73546666666664,1.061,0.0,734.6204666666666,0.0,0.0,0.0,6201.279296675486,5385.034333712523
2025-01-15,2025-01-15T08:50:00,True,0.0,0.0,1211.0691,491.75441666666666,1.043,0.0,719.3146833333333,0.0,0.0,0.0,5385.034333712523,4585.795796675487
2025-01-15,2025-01-15T09:00:00,True,0.0,0.0,1205.7566666666667,528.1374999999999,1.036,0.0,677.6191666666667,0.0,0.0,0.0,4585.795796675487,3832.8856114903015
2025-01-15,2025-01-15T09:10:00,True,0.0,0.0,1196.86125,568.54715,1.0147,0.0,628.3140999999999,0.0,0.0,0.0,3832.8856114903015,3134.758833712524
2025-01-15,2025-01-15T09:20:00,True,0.0,0.0,1203.06635,609.60545,0.9922,0.0,593.4609,0.0,0.0,0.0,3134.758833712524,2475.3578337125236
2025-01-15,2025-01-15T09:30:00,True,0.0,0.0,1214.5616666666665,662.6125,0.97,0.0,436.16718089682706,115.78198576983945,0.0,0.0,2475.3578337125236,1990.7276327160491
2025-01-15,2025-01-15T09:40:00,True,0.0,0.0,1205.7861666666665,735.2740333333333,0.9422,0.0,-2.0463630789890883e-13,470.5121333333333,0.0,0.0,1990.7276327160491,1990.7276327160494
2025-01-15,2025-01-15T09:50:00,True,0.0,0.0,1210.3308499999998,774.9026166666665,0.9569,0.0,0.0,435.4282333333333,0.0,0.0,1990.7276327160494,1990.7276327160494
2025-01-15,2025-01-15T10:00:00,True,0.0,0.0,1217.02,791.1687499999999,0.9977,0.0,425.8512499999998,0.0,0.0,0.0,1990.7276327160494,1517.559577160494
2025-01-15,2025-01-15T10:10:00,True,0.0,0.0,1182.6363999999999,842.9839333333332,0.9919,0.0,285.80361944444456,53.84884722222217,0.0,0.0,1517.559577160494,1200.0
2025-01-15,2025-01-15T10:20:00,True,0.0,0.0,1171.4165666666665,878.5017666666665,0.9588,0.0,0.0,292.9148,0.0,0.0,1200.0,1200.0
2025-01-15,2025-01-15T10:30:00,True,0.0,0.0,1184.78,877.53125,0.9549,0.0,0.0,307.24875,0.0,0.0,1200.0,1200.0
2025-01-15,2025-01-15T10:40:00,True,0.0,0.0,1160.7840333333334,876.0261666666667,0.9839,0.0,0.0,284.7578666666667,0.0,0.0,1200.0,1200.0
2025-01-15,2025-01-15T10:50:00,True,152.91397301587278,161.16720634920614,1143.33815,892.6540333333334,0.799,0.0,0.0,89.51691031746054,0.0,0.0,1200.0,1200.0
2025-01-15,2025-01-15T11:00:00,True,969.9121857142858,976.7925523809523,1157.0883333333331,916.63125,0.5025,736.3354690476202,0.0,0.0,-6.982415594920205e-13,1.0,1200.0,1862.7019221428582
2025-01-15,2025-01-15T11:10:00,True,947.6006980158733,965.6817424603175,1178.5028666666667,924.6773666666666,0.4662,711.8562424603174,0.0,0.0,0.0,1.0,1862.7019221428582,2503.372540357144
2025-01-15,2025-01-15T11:20:00,True,925.371296031746,954.6530182539683,1179.8953166666665,940.3977,0.5007,715.1554015873018,0.0,0.0,0.0,1.0,2503.372540357144,3147.0124017857156
2025-01-15,2025-01-15T11:30:00,True,906.5617940476188,947.0441940476188,1171.2483333333332,976.6687499999999,0.4827,752.4646107142855,0.0,0.0,0.0,1.0,3147.0124017857156,3824.2305514285727
2025-01-15,2025-01-15T11:40:00,True,885.6651611111112,937.3482388888888,1179.6424666666667,1015.5962666666666,0.4785,773.3020388888887,0.0,0.0,0.0,1.0,3824.2305514285727,4520.202386428573
2025-01-15,2025-01-15T11:50:00,True,843.3901186507936,906.2738742063492,1151.9896833333332,1010.3395666666667,0.4662,764.6237575396826,0.0,0.0,0.0,1.0,4520.202386428573,5208.363768214287
2025-01-15,2025-01-15T12:00:00,True,790.235569047619,864.3200023809522,1110.6933333333332,981.225,0.4432,734.8516690476191,0.0,0.0,0.0,1.0,5208.363768214287,5869.730270357144
2025-01-15,2025-01-15T12:10:00,True,763.5936130952384,852.6495325396828,1131.40485,994.0265833333333,0.4411,715.2712658730162,0.0,0.0,0.0,1.0,5869.730270357144,6513.4744096428585
2025-01-15,2025-01-15T12:20:00,True,746.3598738095237,850.3872793650793,1123.8438666666666,1002.2950999999999,0.4551,728.8385126984126,0.0,0.0,0.0,1.0,6513.4744096428585,7169.42907107143
2025-01-15,2025-01-15T12:30:00,True,727.246161904762,846.2450535714285,1066.3999999999999,989.90625,0.4463,769.7513035714286,0.0,0.0,0.0,1.0,7169.42907107143,7862.205244285717
2025-01-15,2025-01-15T12:40:00,True,709.8061940476193,843.776571825397,1037.0257166666665,989.1074166666667,0.4113,795.8582718253972,0.0,0.0,0.0,1.0,7862.205244285717,8578.477688928575
2025-01-15,2025-01-15T12:50:00,True,706.582163095238,855.5240269841269,1065.3875666666665,988.8487499999999,0.5682,778.9852103174602,0.0,0.0,0.0,1.0,8578.477688928575,9279.564378214289
2025-01-15,2025-01-15T13:00:00,True,0.0,38.98700952380955,1129.0049999999999,966.5749999999999,0.8279,0.0,0.0,123.4429904761904,0.0,0.0,9279.564378214289,9279.564378214289
2025-01-15,2025-01-15T13:10:00,True,0.0,83.22784761904745,1169.4396166666666,910.4545666666666,0.8636,0.0,0.0,175.75720238095255,0.0,0.0,9279.564378214289,9279.564378214289
2025-01-15,2025-01-15T13:20:00,True,0.0,129.67111309523773,1143.2496999999998,850.8616166666667,0.8416,0.0,0.0,162.71697023809543,0.0,0.0,9279.564378214289,9279.564378214289
2025-01-15,2025-01-15T13:30:00,True,0.0,176.90719761904757,1088.835,810.2749999999999,0.8618,0.0,0.0,101.65280238095261,0.0,0.0,9279.564378214289,9279.564378214289
2025-01-15,2025-01-15T13:40:00,True,0.0,204.6993785714286,1091.8318,788.1631333333332,0.8623,0.0,0.0,98.96928809523808,0.0,0.0,9279.564378214289,9279.564378214289
2025-01-15,2025-01-15T13:50:00,True,0.0,165.6631309523808,1117.1900833333334,766.4114833333333,0.9026,0.0,0.0,185.11546904761929,0.0,0.0,9279.564378214289,9279.564378214289
2025-01-15,2025-01-15T14:00:00,True,0.0,0.0,1122.2416666666666,737.9624999999999,0.9754,0.0,371.57793396428633,12.701232702380366,0.0,0.0,9279.564378214289,8866.70000714286
2025-01-15,2025-01-15T14:10:00,True,0.0,0.0,1101.2202333333332,710.7455333333334,1.0002,0.0,390.47469999999987,0.0,0.0,0.0,8866.70000714286,8432.839229365081
2025-01-15,2025-01-15T14:20:00,True,0.0,0.0,1099.5821666666666,691.0889666666667,0.9978,0.0,139.83015476190394,268.66304523809595,0.0,0.0,8432.839229365081,8277.472390740744
2025-01-15,2025-01-15T14:30:00,True,0.0,0.0,1112.5949999999998,672.275,1.0271,0.0,303.94805476190606,136.37194523809376,0.0,0.0,8277.472390740744,7939.752329894182
2025-01-15,2025-01-15T14:40:00,True,0.0,0.0,1095.6596666666665,639.9993,1.0906,0.0,334.63478690476177,121.02557976190474,0.0,0.0,7939.752329894182,7567.935900000002
2025-01-15,2025-01-15T14:50:00,True,0.0,0.0,1092.3110166666665,599.6563333333334,0.9376,0.0,-1.8189894035458565e-12,492.654683333335,0.0,0.0,7567.935900000002,7567.935900000004
2025-01-15,2025-01-15T15:00:00,True,706.9183609984289,1254.8966142857143,1092.6266666666666,564.6875,0.6694,726.9574476190478,0.0,0.0,0.0,1.0,7567.935900000004,8222.197602857148
2025-01-15,2025-01-15T15:10:00,True,1141.9017999999996,1297.5618861111109,1045.0969333333333,541.8687,0.66,794.3336527777776,0.0,0.0,0.0,1.0,8222.197602857148,8937.097890357149
2025-01-15,2025-01-15T15:20:00,True,361.29797857142876,1338.2255841269844,1032.0354333333332,501.01635,0.7217,807.2065007936511,0.0,0.0,0.0,1.0,8937.097890357149,9663.583741071434
2025-01-15,2025-01-15T15:30:00,True,410.6423809523808,1375.5041726190475,1066.5766666666666,440.05,0.7308,748.9775059523809,0.0,0.0,0.0,1.0,9663.583741071434,10337.663496428577
2025-01-15,2025-01-15T15:40:00,True,469.07752738095223,588.5401718253967,1075.9077666666667,386.8847166666667,0.7534,0.0,1.6370904631912707e-12,100.48287817460368,0.0,0.0,10337.663496428577,10337.663496428575
2025-01-15,2025-01-15T15:50:00,True,528.8331428571428,636.2299734126983,1057.7969833333332,340.10564999999997,0.7823,0.0,0.0,81.461359920635,0.0,0.0,10337.663496428575,10337.663496428575
2025-01-15,2025-01-15T16:00:00,True,582.8858333333335,678.2168500000002,1039.7683333333332,294.90625,0.8055,0.0,0.0,66.64523333333295,0.0,0.0,10337.663496428575,10337.663496428575
2025-01-15,2025-01-15T16:10:00,True,632.1264531746034,712.6539615079362,1049.137,250.40318333333335,0.8271,0.0,0.0,86.07985515873042,0.0,0.0,10337.663496428575,10337.663496428575
2025-01-15,2025-01-15T16:20:00,True,679.0043123015869,744.7283123015875,1068.7730999999999,204.10494999999997,0.8519,0.0,-1.6370904631912707e-12,119.9398376984118,0.0,0.0,10337.663496428575,10337.663496428577
2025-01-15,2025-01-15T16:30:00,True,730.8374321428573,781.757923809524,1076.77,155.45,0.8791,0.0,0.0,139.56207619047564,0.0,0.0,10337.663496428577,10337.663496428577
2025-01-15,2025-01-15T16:40:00,True,790.4814126984131,826.5983960317458,1066.2334,105.90393333333333,0.9024,0.0,1.6370904631912707e-12,133.7310706349217,0.0,0.0,10337.663496428577,10337.663496428575
2025-01-15,2025-01-15T16:50:00,True,832.685057539682,853.9985325396825,1063.0829166666667,55.979899999999994,0.9163,0.0,0.0,153.10448412698497,0.0,0.0,10337.663496428575,10337.663496428575
2025-01-15,2025-01-15T17:00:00,True,865.2058166666665,871.7157833333331,1069.1833333333334,16.35625,0.9264,0.0,0.0,181.11130000000048,0.0,0.0,10337.663496428575,10337.663496428575
2025-01-15,2025-01-15T17:10:00,True,867.6057789682538,873.0307511904759,1060.4871666666666,1.4994666666666667,0.9462,0.0,0.0,185.95694880952396,0.0,0.0,10337.663496428575,10337.663496428575
2025-01-15,2025-01-15T17:20:00,True,870.0260329365078,874.3660107142856,1039.3981833333332,0.0,0.9742,0.0,-1.6370904631912707e-12,165.03217261904683,0.0,0.0,10337.663496428575,10337.663496428577
2025-01-15,2025-01-15T17:30:00,True,874.646063095238,877.9010464285714,1046.0266666666666,0.0,0.9862,0.0,1.6370904631912707e-12,168.1256202380955,0.0,0.0,10337.663496428577,10337.663496428575
2025-01-15,2025-01-15T17:40:00,True,891.1148706349205,893.2848595238094,1091.8651666666665,0.06416666666666666,0.976,0.0,0.0,198.51614047619114,0.0,0.0,10337.663496428575,10337.663496428575
2025-01-15,2025-01-15T17:50:00,True,806.1502638888888,807.2352583333334,965.6812833333333,0.0,1.0742,0.0,-1.6370904631912707e-12,158.44602499999928,0.0,0.0,10337.663496428575,10337.663496428577
2025-01-15,2025-01-15T18:00:00,True,666.1439285714285,734.79,734.79,0.0,1.2313,0.0,1.6370904631912707e-12,0.0,7.362700224103746e-13,0.0,10337.663496428577,10337.663496428575
2025-01-15,2025-01-15T18:10:00,True,0.0,324.8094853571377,694.8607499999999,0.0046,1.2561,0.0,317.26628250000175,52.78038214286062,0.0,0.0,10337.663496428575,9985.145404761906
2025-01-15,2025-01-15T18:20:00,True,662.5894738095237,662.5894738095237,722.4920666666667,0.0,1.2447,0.0,2.4158453015843406e-12,59.90259285714055,0.0,0.0,9985.145404761906,9985.145404761905
2025-01-15,2025-01-15T18:30:00,True,573.9337750000002,665.2271428571428,717.2633333333333,0.0,1.2545,0.0,0.0,52.03619047619054,0.0,0.0,9985.145404761905,9985.145404761905
2025-01-15,2025-01-15T18:40:00,True,661.8672726190478,661.8672726190478,707.6481,0.0003333333333333333,1.2522,0.0,0.0,45.78049404761896,0.0,0.0,9985.145404761905,9985.145404761905
2025-01-15,2025-01-15T18:50:00,True,0.0,0.0,711.46075,0.0,1.2881,0.0,656.2373428571406,55.22340714285937,0.0,0.0,9985.145404761905,9255.992801587305
2025-01-15,2025-01-15T19:00:00,True,0.0,0.0,730.2233333333334,0.0,1.3466,0.0,730.2233333333334,0.0,0.0,0.0,9255.992801587305,8444.633542328045
2025-01-15,2025-01-15T19:10:00,True,0.0,0.0,749.2221999999999,0.0,1.3523,0.0,749.2221999999999,0.0,0.0,0.0,8444.633542328045,7612.164431216934
2025-01-15,2025-01-15T19:20:00,True,0.0,0.0,739.8300333333333,0.0,1.3445,0.0,739.8300333333333,0.0,0.0,0.0,7612.164431216934,6790.131060846564
2025-01-15,2025-01-15T19:30:00,True,0.0,0.0,722.305,0.0,1.3483,0.0,722.305,0.0,0.0,0.0,6790.131060846564,5987.569949735453
2025-01-15,2025-01-15T19:40:00,True,0.0,0.0,743.1292666666666,0.0,1.349,0.0,743.1292666666666,0.0,0.0,0.0,5987.569949735453,5161.870764550267
2025-01-15,2025-01-15T19:50:00,True,0.0,0.0,748.2340333333333,0.0,1.3473,0.0,748.2340333333333,0.0,0.0,0.0,5161.870764550267,4330.4996164021195
2025-01-15,2025-01-15T20:00:00,True,0.0,0.0,736.8616666666667,0.0,1.3482,0.0,736.8616666666667,0.0,0.0,0.0,4330.4996164021195,3511.764431216934
2025-01-15,2025-01-15T20:10:00,True,0.0,0.0,764.5076833333333,0.0,1.3513,0.0,764.5076833333333,0.0,0.0,0.0,3511.764431216934,2662.3114497354527
2025-01-15,2025-01-15T20:20:00,True,0.0,0.0,796.3999833333334,0.0,1.34,0.0,0.0,796.3999833333334,0.0,0.0,2662.3114497354527,2662.3114497354527
2025-01-15,2025-01-15T20:30:00,True,0.0,0.0,792.8,0.0,1.3489,0.0,650.7542071428593,142.0457928571407,0.0,0.0,2662.3114497354527,1939.2512195767201
2025-01-15,2025-01-15T20:40:00,True,0.0,0.0,752.6728666666666,0.0,1.3952,0.0,665.3260976190481,87.34676904761852,0.0,0.0,1939.2512195767201,1200.0
2025-01-15,2025-01-15T20:50:00,True,672.5324999999999,672.5324999999999,751.1731833333333,0.0,1.2226,0.0,0.0,78.64068333333341,0.0,0.0,1200.0,1200.0
2025-01-15,2025-01-15T21:00:00,True,676.4174999999999,676.4174999999999,774.2233333333334,0.0,0.9332,0.0,0.0,97.80583333333345,0.0,0.0,1200.0,1200.0
2025-01-15,2025-01-15T21:10:00,True,678.6311059523808,678.6311059523808,742.54675,0.0,0.9068,0.0,0.0,63.91564404761914,0.0,0.0,1200.0,1200.0
2025-01-15,2025-01-15T21:20:00,True,671.6518702380953,671.6518702380953,742.8491166666665,0.0,0.9371,0.0,0.0,71.19724642857125,0.0,0.0,1200.0,1200.0
2025-01-15,2025-01-15T21:30:00,True,673.7909523809524,673.7909523809524,778.7483333333332,0.0,0.9371,0.0,0.0,104.95738095238084,0.0,0.0,1200.0,1200.0
2025-01-15,2025-01-15T21:40:00,True,698.364330952381,698.364330952381,752.3233833333334,0.0,0.9871,0.0,0.0,53.95905238095236,0.0,0.0,1200.0,1200.0
2025-01-15,2025-01-15T21:50:00,True,633.7994333333334,633.7994333333334,664.3000499999999,0.0,0.7764,0.0,0.0,30.500616666666588,0.0,0.0,1200.0,1200.0
2025-01-15,2025-01-15T22:00:00,True,517.9698809523809,517.9698809523809,580.5366666666666,0.0,0.4209,0.0,0.0,62.56678571428574,0.0,0.0,1200.0,1200.0
2025-01-15,2025-01-15T22:10:00,True,509.0937547619047,509.0937547619047,573.7712166666666,0.0,0.3859,0.0,0.0,64.67746190476197,0.0,0.0,1200.0,1200.0
2025-01-15,2025-01-15T22:20:00,True,526.9568607142859,526.9568607142859,589.6589333333333,0.0,0.4368,0.0,0.0,62.702072619047385,0.0,0.0,1200.0,1200.0
2025-01-15,2025-01-15T22:30:00,True,523.1035714285714,523.1035714285714,581.5666666666666,0.0,0.4198,0.0,0.0,58.46309523809521,0.0,0.0,1200.0,1200.0
2025-01-15,2025-01-15T22:40:00,True,530.3077892857143,530.3077892857143,551.2475499999999,0.0,0.4186,0.0,0.0,20.939760714285626,0.0,0.0,1200.0,1200.0
2025-01-15,2025-01-15T22:50:00,True,534.0267559523809,534.0267559523809,533.1689333333334,0.0,0.4241,0.8578226190477127,0.0,0.0,-1.097774730554128e-13,1.0,1200.0,1200.772040357143
2025-01-15,2025-01-15T23:00:00,True,533.8610714285713,533.8610714285713,542.6066666666666,0.0,0.4237,0.0,0.6948363214286474,8.05075891666673,0.0,0.0,1200.772040357143,1200.0
2025-01-15,2025-01-15T23:10:00,True,547.1081083333333,547.1081083333333,565.7428,0.0,0.4248,0.0,0.0,18.63469166666664,0.0,0.0,1200.0,1200.0
2025-01-15,2025-01-15T23:20:00,True,554.9458535714286,554.9458535714286,581.1533333333333,0.0,0.424,0.0,0.0,26.207479761904665,0.0,0.0,1200.0,1200.0
2025-01-15,2025-01-15T23:30:00,True,553.9610714285715,553.9610714285715,589.5483333333333,0.0,0.422,0.0,0.0,35.58726190476182,0.0,0.0,1200.0,1200.0
2025-01-15,2025-01-15T23:40:00,True,558.9762749999999,558.9762749999999,603.8204499999999,0.0,0.424,0.0,0.0,44.844175000000064,0.0,0.0,1200.0,1200.0
2025-01-15,2025-01-15T23:50:00,True,559.6766214285714,559.6766214285714,593.1068333333333,0.0,0.4271,0.0,0.0,33.430211904761904,0.0,0.0,1200.0,1200.0
2025-01-15,2025-01-16T00:00:00,True,554.672564102564,558.7779761904761,571.5999999999999,0.0,0.4276,0.0,0.0,12.822023809523785,0.0,0.0,1200.0,1200.0
2025-01-16,2025-01-16T00:10:00,True,1404.9048788888888,1404.9048788888888,587.8245166666666,0.0,0.4248,817.0803622222229,0.0,0.0,-3.986624524819781e-13,1.0,1200.0,1935.3723260000006
2025-01-16,2025-01-16T00:20:00,True,1411.6395755555554,1411.6395755555554,604.4712,0.0,0.4245,807.1683755555555,0.0,0.0,0.0,1.0,1935.3723260000006,2661.8238640000004
2025-01-16,2025-01-16T00:30:00,True,1408.4778888888889,1408.4778888888889,604.4316666666666,0.0,0.4269,804.0462222222222,0.0,0.0,0.0,1.0,2661.8238640000004,3385.4654640000003
2025-01-16,2025-01-16T00:40:00,True,1402.2120144444443,1402.2120144444443,606.8383166666666,0.0,0.4272,795.3736977777777,0.0,0.0,0.0,1.0,3385.4654640000003,4101.301792
2025-01-16,2025-01-16T00:50:00,True,1399.301682222222,1399.301682222222,607.9121833333334,0.0,0.4271,791.3894988888887,0.0,0.0,0.0,1.0,4101.301792,4813.5523410000005
2025-01-16,2025-01-16T01:00:00,True,1408.4328888888888,1408.4328888888888,625.785,0.0,0.4285,782.6478888888888,0.0,0.0,0.0,1.0,4813.5523410000005,5517.9354410000005
2025-01-16,2025-01-16T01:10:00,True,1265.5810677777788,1265.5810677777788,675.8950333333332,0.0,0.4311,589.6860344444456,0.0,0.0,0.0,1.0,5517.9354410000005,6048.6528720000015
2025-01-16,2025-01-16T01:20:00,True,1440.7717211111112,1440.7717211111112,657.8231833333333,0.0,0.4302,782.9485377777779,0.0,0.0,0.0,1.0,6048.6528720000015,6753.306556000001
2025-01-16,2025-01-16T01:30:00,True,1431.436222222222,1431.436222222222,608.6233333333332,0.0,0.4279,822.8128888888889,0.0,0.0,0.0,1.0,6753.306556000001,7493.838156000002
2025-01-16,2025-01-16T01:40:00,True,597.12033,597.12033,658.57385,0.0,0.4312,0.0,-2.7000623958883807e-13,61.453520000000296,0.0,0.0,7493.838156000002,7493.838156000002
2025-01-16,2025-01-16T01:50:00,True,603.5587811111111,603.5587811111111,653.8432499999999,0.0,0.4333,0.0,-5.897504706808832e-13,50.284468888889386,0.0,0.0,7493.838156000002,7493.8381560000025
2025-01-16,2025-01-16T02:00:00,True,1444.496555555554,1444.496555555554,594.7149999999999,0.0,0.4311,833.3333333333322,0.0,0.0,16.448222222221943,1.0,7493.8381560000025,8243.838156000002
2025-01-16,2025-01-16T02:10:00,True,1449.5887422222222,1449.5887422222222,640.4675166666666,0.0,0.4293,809.1212255555556,0.0,0.0,0.0,1.0,8243.838156000002,8972.047259
2025-01-16,2025-01-16T02:20:00,True,618.2308688888891,618.2308688888891,683.9615833333334,0.0,0.4324,0.0,-1.9895196601282805e-13,65.73071444444449,0.0,0.0,8972.047259,8972.047259
2025-01-16,2025-01-16T02:30:00,True,621.3952222222221,621.3952222222221,674.1283333333333,0.0,0.4367,0.0,-7.034373084024992e-13,52.733111111111974,0.0,0.0,8972.047259,8972.047259
2025-01-16,2025-01-16T02:40:00,True,630.3543233333331,630.3543233333331,672.4852666666666,0.0,0.4348,0.0,-2.913225216616411e-13,42.13094333333374,0.0,0.0,8972.047259,8972.047259
2025-01-16,2025-01-16T02:50:00,True,634.8323122222223,634.8323122222223,689.0236833333333,0.0,0.4335,0.0,3.694822225952521e-13,54.19137111111067,0.0,0.0,8972.047259,8972.047259
2025-01-16,2025-01-16T03:00:00,True,633.6506666666667,633.6506666666667,692.2783333333333,0.0,0.4357,0.0,5.258016244624741e-13,58.627666666666116,0.0,0.0,8972.047259,8972.047259
2025-01-16,2025-01-16T03:10:00,True,636.8640755555556,636.8640755555556,654.2623666666666,0.0,0.4374,0.0,1.5987211554602254e-13,17.398291111110847,0.0,0.0,8972.047259,8972.047259
2025-01-16,2025-01-16T03:20:00,True,647.4176299999999,647.4176299999999,663.99055,0.0,0.4371,0.0,-8.171241461241152e-13,16.572920000000884,0.0,0.0,8972.047259,8972.047259
2025-01-16,2025-01-16T03:30:00,True,652.9501111111111,652.9501111111111,710.125,0.0,0.4356,0.0,1.1368683772161603e-13,57.174888888888745,0.0,0.0,8972.047259,8972.047259
2025-01-16,2025-01-16T03:40:00,True,639.7535366666666,639.7535366666666,692.4751166666666,0.0,0.4353,0.0,-1.5631940186722204e-13,52.72158000000017,0.0,0.0,8972.047259,8972.047259
2025-01-16,2025-01-16T03:50:00,True,640.4723233333333,640.4723233333333,671.6990166666667,0.0,0.436,0.0,-3.836930773104541e-13,31.226693333333785,0.0,0.0,8972.047259,8972.047259
2025-01-16,2025-01-16T04:00:00,True,658.2926666666665,658.2926666666665,673.915,0.0,0.4378,0.0,-4.085620730620576e-13,15.62233333333388,0.0,0.0,8972.047259,8972.047259
2025-01-16,2025-01-16T04:10:00,True,662.3802166666667,662.3802166666667,666.2950333333333,0.0,0.4401,0.0,0.0,3.9148166666666384,0.0,0.0,8972.047259,8972.047259
2025-01-16,2025-01-16T04:20:00,True,651.0881133333332,651.0881133333332,682.2612166666667,0.0,0.4389,0.0,0.0,31.173103333333415,0.0,0.0,8972.047259,8972.047259
2025-01-16,2025-01-16T04:30:00,True,641.7994444444445,641.7994444444445,711.5983333333334,0.0,0.4364,0.0,0.0,69.79888888888888,0.0,0.0,8972.047259,8972.047259
2025-01-16,2025-01-16T04:40:00,True,653.5627033333334,653.5627033333334,706.8581166666665,0.0,0.4393,0.0,0.0,53.29541333333316,0.0,0.0,8972.047259,8972.047259
2025-01-16,2025-01-16T04:50:00,True,667.6349655555556,667.6349655555556,712.7656999999999,0.0,0.4422,0.0,0.0,45.13073444444433,0.0,0.0,8972.047259,8972.047259
2025-01-16,2025-01-16T05:00:00,True,670.9080000000001,670.9080000000001,728.5483333333333,0.0,0.4395,0.0,0.0,57.64033333333316,0.0,0.0,8972.047259,8972.047259
2025-01-16,2025-01-16T05:10:00,True,668.0048577777777,668.0048577777777,708.3519833333332,0.0,0.4333,0.0,0.0,40.34712555555552,0.0,0.0,8972.047259,8972.047259
2025-01-16,2025-01-16T05:20:00,True,672.4104155555557,672.4104155555557,700.0168333333332,0.0006166666666666666,0.4439,0.0,0.0,27.60580111111085,0.0,0.0,8972.047259,8972.047259
2025-01-16,2025-01-16T05:30:00,True,1504.8418888888891,1504.8418888888891,711.2149999999999,0.0,0.4301,793.6268888888892,0.0,0.0,0.0,1.0,8972.047259,9686.311459
2025-01-16,2025-01-16T05:40:00,True,1486.4290866666665,1486.4290866666665,714.5808833333333,0.0,0.3713,771.8482033333332,0.0,0.0,0.0,1.0,9686.311459,10380.974842
2025-01-16,2025-01-16T05:50:00,True,712.371168888889,712.371168888889,793.5418999999999,0.008499999999999999,0.5708,0.0,1.6370904631912707e-12,81.16223111110958,0.0,0.0,10380.974842,10380.974841999998
2025-01-16,2025-01-16T06:00:00,True,89.58831777777743,912.8583333333332,912.8583333333332,0.0,0.9099,0.0,0.0,0.0,-7.150746801798393e-13,0.0,10380.974841999998,10380.974841999998
2025-01-16,2025-01-16T06:10:00,True,0.0,104.89184736666994,939.9650333333334,0.0,0.9368,0.0,705.9440559666651,129.12912999999833,0.0,0.0,10380.974841999998,9596.592557592592
2025-01-16,2025-01-16T06:20:00,True,806.9592288888889,806.9592288888889,937.5749166666666,0.11848333333333333,0.8758,0.0,0.0,130.49720444444438,0.0,0.0,9596.592557592592,9596.592557592592
2025-01-16,2025-01-16T06:30:00,True,810.7131083333333,810.7131083333333,934.4366666666666,0.0,0.8759,0.0,0.0,123.72355833333336,0.0,0.0,9596.592557592592,9596.592557592592
2025-01-16,2025-01-16T06:40:00,True,810.4610388888889,810.4610388888889,899.2186333333334,0.0,0.8601,0.0,0.0,88.75759444444452,0.0,0.0,9596.592557592592,9596.592557592592
2025-01-16,2025-01-16T06:50:00,True,805.4166405555557,805.4166405555557,894.3400666666666,2.252933333333333,0.8442,0.0,0.0,86.67049277777767,0.0,0.0,9596.592557592592,9596.592557592592
2025-01-16,2025-01-16T07:00:00,True,804.0759944444445,806.6024777777778,926.3433333333334,16.275,0.8334,0.0,0.0,103.46585555555555,0.0,0.0,9596.592557592592,9596.592557592592
2025-01-16,2025-01-16T07:10:00,True,772.6315027777777,779.8199333333332,937.8076666666666,47.76084999999999,0.8092,0.0,0.0,110.22688333333338,0.0,0.0,9596.592557592592,9596.592557592592
2025-01-16,2025-01-16T07:20:00,True,744.30371,756.1540877777778,934.8981666666666,88.89581666666666,0.7972,0.0,0.0,89.84826222222216,0.0,0.0,9596.592557592592,9596.592557592592
2025-01-16,2025-01-16T07:30:00,True,692.3483750000001,708.8607000000002,905.7433333333333,131.825,0.7644,0.0,0.0,65.05763333333311,0.0,0.0,9596.592557592592,9596.592557592592
2025-01-16,2025-01-16T07:40:00,True,1449.0190011111113,1470.1932733333333,854.9562999999999,173.47975,0.6899,788.7167233333333,0.0,0.0,0.0,1.0,9596.592557592592,10306.437608592592
2025-01-16,2025-01-16T07:50:00,True,664.9483161111111,690.7845355555555,978.5328666666666,215.77241666666663,0.86,0.0,1.6370904631912707e-12,71.97591444444333,0.0,0.0,10306.437608592592,10306.43760859259
2025-01-16,2025-01-16T08:00:00,True,0.0,0.0,1206.3899999999999,260.49375,1.1617,0.0,833.3333333333326,112.56291666666732,0.0,0.0,10306.43760859259,9380.511682666665
2025-01-16,2025-01-16T08:10:00,True,0.0,0.0,1254.06675,305.51286666666664,1.1683,0.0,833.3333333333334,115.22054999999989,0.0,0.0,9380.511682666665,8454.58575674074
2025-01-16,2025-01-16T08:20:00,True,0.0,0.0,1231.0279999999998,339.3194833333333,1.0956,0.0,833.3333333333334,58.3751833333331,0.0,0.0,8454.58575674074,7528.659830814814
2025-01-16,2025-01-16T08:30:00,True,0.0,0.0,1216.9416666666666,370.69999999999993,1.0849,0.0,833.3333333333334,12.908333333333303,0.0,0.0,7528.659830814814,6602.733904888888
2025-01-16,2025-01-16T08:40:00,True,0.0,0.0,1186.4278,422.6035499999999,1.061,0.0,763.82425,0.0,0.0,0.0,6602.733904888888,5754.040293777777
2025-01-16,2025-01-16T08:50:00,True,0.0,0.0,1214.3366833333332,484.26941666666664,1.043,0.0,730.0672666666666,0.0,0.0,0.0,5754.040293777777,4942.854441925925
2025-01-16,2025-01-16T09:00:00,True,0.0,0.0,1253.9733333333334,539.59375,1.036,0.0,714.3795833333334,0.0,0.0,0.0,4942.854441925925,4149.099349333333
2025-01-16,2025-01-16T09:10:00,True,0.0,0.0,1185.5408333333332,580.2057833333333,1.0147,0.0,605.3350499999999,0.0,0.0,0.0,4149.099349333333,3476.5048493333325
2025-01-16,2025-01-16T09:20:00,True,0.0,0.0,1178.7671,614.9460833333333,0.9922,0.0,563.8210166666668,0.0,0.0,0.0,3476.5048493333325,2850.037053037036
2025-01-16,2025-01-16T09:30:00,True,0.0,0.0,1243.7733333333333,648.0687499999999,0.97,0.0,595.7045833333334,0.0,0.0,0.0,2850.037053037036,2188.1430715555543
2025-01-16,2025-01-16T09:40:00,True,0.0,0.0,1219.6558,675.8628333333334,0.9422,0.0,0.0,543.7929666666666,0.0,0.0,2188.1430715555543,2188.1430715555543
2025-01-16,2025-01-16T09:50:00,True,0.0,0.0,1190.8384833333332,698.667,0.9569,0.0,0.0,492.1714833333332,0.0,0.0,2188.1430715555543,2188.1430715555543
2025-01-16,2025-01-16T10:00:00,True,0.0,0.0,1191.1633333333332,729.28125,0.9977,0.0,461.8820833333332,0.0,0.0,0.0,2188.1430715555543,1674.9407567407397
2025-01-16,2025-01-16T10:10:00,True,0.0,0.0,1163.6018666666666,779.7632,0.9919,0.0,383.83866666666677,0.0,0.0,0.0,1674.9407567407397,1248.4533493333322
2025-01-16,2025-01-16T10:20:00,True,0.0,0.0,1144.0078166666667,815.7461,0.9588,0.0,0.0,328.26171666666676,0.0,0.0,1248.4533493333322,1248.4533493333322
2025-01-16,2025-01-16T10:30:00,True,0.0,0.0,1157.1933333333332,835.53125,0.9549,0.0,0.0,321.66208333333316,0.0,0.0,1248.4533493333322,1248.4533493333322
2025-01-16,2025-01-16T10:40:00,True,0.0,0.0,1183.8839166666667,871.4816999999999,0.9839,0.0,43.60801439999898,268.79420226666775,0.0,0.0,1248.4533493333322,1200.0
2025-01-16,2025-01-16T10:50:00,True,145.25834777777754,145.25834777777754,1173.8569666666667,914.9906833333332,0.799,0.0,0.0,113.60793555555597,0.0,0.0,1200.0,1200.0
2025-01-16,2025-01-16T11:00:00,True,948.6896166666669,948.6896166666669,1145.0166666666667,955.3374999999999,0.5025,759.0104500000001,0.0,0.0,1.0919120397979832e-13,1.0,1200.0,1883.1094050000002
2025-01-16,2025-01-16T11:10:00,True,923.7673605555557,923.7673605555557,1159.3663499999998,987.8862833333333,0.4662,752.2872938888892,0.0,0.0,0.0,1.0,1883.1094050000002,2560.1679695000003
2025-01-16,2025-01-16T11:20:00,True,897.5869122222222,897.5869122222222,1157.2411666666667,998.6749,0.5007,739.0206455555555,0.0,0.0,0.0,1.0,2560.1679695000003,3225.2865505
2025-01-16,2025-01-16T11:30:00,True,873.9290749999999,873.9290749999999,1134.84,989.50625,0.4827,728.595325,0.0,0.0,0.0,1.0,3225.2865505,3881.022343
2025-01-16,2025-01-16T11:40:00,True,849.4593233333334,849.4593233333334,1149.0000333333332,980.0702666666666,0.4785,680.5295566666667,0.0,0.0,0.0,1.0,3881.022343,4493.498944
2025-01-16,2025-01-16T11:50:00,True,802.6332616666665,806.5699588888889,1152.7011499999999,988.0481499999999,0.4662,641.9169588888889,0.0,0.0,0.0,1.0,4493.498944,5071.224207
2025-01-16,2025-01-16T12:00:00,True,744.7434222222221,939.1041666666667,1118.1833333333334,1012.4125,0.4432,833.3333333333334,0.0,0.0,0.0,1.0,5071.224207,5821.224207
2025-01-16,2025-01-16T12:10:00,True,735.3467161111113,838.4899966666668,1071.9837333333332,1033.2191333333333,0.4411,799.7253966666668,0.0,0.0,0.0,1.0,5821.224207,6540.977064000001
2025-01-16,2025-01-16T12:20:00,True,732.8461788888889,782.4555252606335,1069.39345,1028.3915499999998,0.4551,741.4536252606333,0.0,0.0,0.0,1.0,6540.977064000001,7208.285326734571
2025-01-16,2025-01-16T12:30:00,True,725.2654749999999,828.6156833333332,1088.0266666666666,1009.8374999999999,0.4463,750.4265166666664,0.0,0.0,0.0,1.0,7208.285326734571,7883.669191734571
2025-01-16,2025-01-16T12:40:00,True,721.118237777778,824.5719100000001,1060.69105,1007.2538333333333,0.4113,771.1346933333335,0.0,0.0,0.0,1.0,7883.669191734571,8577.69041573457
2025-01-16,2025-01-16T12:50:00,True,734.0882838888889,808.0362866666666,1072.7609166666666,987.1761833333333,0.5682,722.4515533333332,0.0,0.0,0.0,1.0,8577.69041573457,9227.896813734571
2025-01-16,2025-01-16T13:00:00,True,0.0,7.665722222222257,1120.3933333333332,967.3125,0.8279,0.0,0.0,145.41511111111095,0.0,0.0,9227.896813734571,9227.896813734571
2025-01-16,2025-01-16T13:10:00,True,0.0,31.774172222222205,1113.1078333333332,999.6104833333334,0.8636,0.0,0.0,81.72317777777766,0.0,0.0,9227.896813734571,9227.896813734571
2025-01-16,2025-01-16T13:20:00,True,0.0,53.496585555555384,1122.4701333333333,1007.5572333333332,0.8416,0.0,0.0,61.41631444444465,0.0,0.0,9227.896813734571,9227.896813734571
2025-01-16,2025-01-16T13:30:00,True,0.0,74.07731111111104,1158.52,971.40625,0.8618,0.0,0.0,113.03643888888894,0.0,0.0,9227.896813734571,9227.896813734571
2025-01-16,2025-01-16T13:40:00,True,0.0,80.33782666666684,1153.8264833333333,946.4481999999999,0.8623,0.0,0.0,127.0404566666665,0.0,0.0,9227.896813734571,9227.896813734571
2025-01-16,2025-01-16T13:50:00,True,0.0,0.0,1142.3772333333332,929.30215,0.9026,0.0,0.0,213.07508333333317,0.0,0.0,9227.896813734571,9227.896813734571
2025-01-16,2025-01-16T14:00:00,True,0.0,0.0,1128.05,893.33125,0.9754,0.0,137.69800733333432,97.02074266666568,0.0,0.0,9227.896813734571,9074.899027808644
2025-01-16,2025-01-16T14:10:00,True,0.0,0.0,1084.1776666666665,821.5127666666667,1.0002,0.0,255.16582111111347,7.499078888886288,0.0,0.0,9074.899027808644,8791.381448796295
2025-01-16,2025-01-16T14:20:00,True,0.0,0.0,1083.0568166666667,763.4274333333333,0.9978,0.0,0.0,319.6293833333334,0.0,0.0,8791.381448796295,8791.381448796295
2025-01-16,2025-01-16T14:30:00,True,0.0,0.0,1102.6416666666667,733.8562499999999,1.0271,0.0,198.07617777777625,170.70923888889047,0.0,0.0,8791.381448796295,8571.296806820988
2025-01-16,2025-01-16T14:40:00,True,0.0,0.0,1050.7556333333332,700.9258499999999,1.0906,0.0,247.9021688888904,101.92761444444295,0.0,0.0,8571.296806820988,8295.849952499999
2025-01-16,2025-01-16T14:50:00,True,0.0,0.0,1028.3424833333333,652.91165,0.9376,0.0,0.0,375.43083333333334,0.0,0.0,8295.849952499999,8295.849952499999
2025-01-16,2025-01-16T15:00:00,True,809.0694653566535,1208.8276333333333,1068.1516666666666,598.0062499999999,0.6694,738.6822166666666,0.0,0.0,0.0,1.0,8295.849952499999,8960.6639475
2025-01-16,2025-01-16T15:10:00,True,1155.3170227777775,1256.9303283333331,1095.032,550.5675833333332,0.66,712.4659116666664,0.0,0.0,0.0,1.0,8960.6639475,9601.883268
2025-01-16,2025-01-16T15:20:00,True,381.01462555555565,1276.4643921536313,1075.5810999999999,493.44921666666664,0.7217,694.332508820298,0.0,0.0,0.0,1.0,9601.883268,10226.782525938268
2025-01-16,2025-01-16T15:30:00,True,440.0596416666665,520.6759583333331,1037.9933333333333,426.25,0.7308,0.0,0.0,91.06737500000054,0.0,0.0,10226.782525938268,10226.782525938268
2025-01-16,2025-01-16T15:40:00,True,505.9086766666665,576.0264988888888,1039.2503499999998,369.4311333333333,0.7534,0.0,0.0,93.79271777777831,0.0,0.0,10226.782525938268,10226.782525938268
2025-01-16,2025-01-16T15:50:00,True,571.1606905555556,630.7800183333333,1053.4327833333332,327.2887833333333,0.7823,0.0,0.0,95.36398166666731,0.0,0.0,10226.782525938268,10226.782525938268
2025-01-16,2025-01-16T16:00:00,True,631.0954500000003,680.2162833333335,1065.4383333333333,288.42499999999995,0.8055,0.0,0.0,96.79704999999979,0.0,0.0,10226.782525938268,10226.782525938268
2025-01-16,2025-01-16T16:10:00,True,674.8690394444446,715.9399255555552,1081.3271,237.464,0.8271,0.0,0.0,127.92317444444484,0.0,0.0,10226.782525938268,10226.782525938268
2025-01-16,2025-01-16T16:20:00,True,717.1218811111108,750.1428200000003,1066.1682,187.97323333333333,0.8519,0.0,0.0,128.05214666666689,0.0,0.0,10226.782525938268,10226.782525938268
2025-01-16,2025-01-16T16:30:00,True,763.2236861111112,788.1946777777779,1036.3216666666667,145.69375,0.8791,0.0,0.0,102.43323888888881,0.0,0.0,10226.782525938268,10226.782525938268
2025-01-16,2025-01-16T16:40:00,True,815.3800611111116,832.3011055555555,1048.8946833333332,102.5988,0.9024,0.0,0.0,113.99477777777793,0.0,0.0,10226.782525938268,10226.782525938268
2025-01-16,2025-01-16T16:50:00,True,851.7511972222218,860.6222944444445,1076.2546333333332,56.79583333333333,0.9163,0.0,0.0,158.8365055555554,0.0,0.0,10226.782525938268,10226.782525938268
2025-01-16,2025-01-16T17:00:00,True,879.7016999999997,880.5228499999997,1065.1916666666666,18.4625,0.9264,0.0,0.0,166.2063166666668,0.0,0.0,10226.782525938268,10226.782525938268
2025-01-16,2025-01-16T17:10:00,True,881.2123566666664,881.8966483333331,996.2820499999999,2.243183333333333,0.9462,0.0,0.0,112.14221833333431,0.0,0.0,10226.782525938268,10226.782525938268
2025-01-16,2025-01-16T17:20:00,True,881.9157644444442,882.4631977777776,993.4857999999999,0.0,0.9742,0.0,0.0,111.02260222222321,0.0,0.0,10226.782525938268,10226.782525938268
2025-01-16,2025-01-16T17:30:00,True,886.5201277777777,886.9307027777777,1066.2733333333333,0.0,0.9862,0.0,0.0,179.34263055555562,0.0,0.0,10226.782525938268,10226.782525938268
2025-01-16,2025-01-16T17:40:00,True,904.797351111111,905.0710677777777,1079.5379833333332,0.11196666666666666,0.976,0.0,0.0,174.35494888888934,0.0,0.0,10226.782525938268,10226.782525938268
2025-01-16,2025-01-16T17:50:00,True,816.9352288888889,817.0720872222222,930.2628333333333,0.0,1.0742,0.0,0.0,113.19074611111137,0.0,0.0,10226.782525938268,10226.782525938268
2025-01-16,2025-01-16T18:00:00,True,670.7203333333333,727.4200000000001,727.4200000000001,0.0,1.2313,0.0,0.0,0.0,7.264218138958849e-13,0.0,10226.782525938268,10226.782525938268
2025-01-16,2025-01-16T18:10:00,True,0.0,500.1890877666684,697.9706166666666,0.008033333333333333,1.2561,0.0,145.40567889999656,52.36781666666866,0.0,0.0,10226.782525938268,10065.220660493827
2025-01-16,2025-01-16T18:20:00,True,666.5829799999999,666.5829799999999,735.9949499999999,0.0,1.2447,0.0,0.0,69.4119699999992,0.0,0.0,10065.220660493827,10065.220660493827
2025-01-16,2025-01-16T18:30:00,True,652.9895833333327,668.6962222222222,750.6783333333333,0.0,1.2545,0.0,0.0,81.9821111111105,0.0,0.0,10065.220660493827,10065.220660493827
2025-01-16,2025-01-16T18:40:00,True,664.9193277777779,664.9193277777779,748.7221999999999,0.0005833333333333333,1.2522,0.0,0.0,83.80228888888814,0.0,0.0,10065.220660493827,10065.220660493827
2025-01-16,2025-01-16T18:50:00,True,0.0,0.0,726.16315,0.0,1.2881,0.0,659.9189033333332,66.2442466666671,0.0,0.0,10065.220660493827,9331.977434567902
2025-01-16,2025-01-16T19:00:00,True,0.0,0.0,708.585,0.0,1.3466,0.0,708.585,0.0,0.0,0.0,9331.977434567902,8544.660767901234
2025-01-16,2025-01-16T19:10:00,True,0.0,0.0,734.0395666666666,0.0,1.3523,0.0,734.0395666666666,0.0,0.0,0.0,8544.660767901234,7729.061249382716
2025-01-16,2025-01-16T19:20:00,True,0.0,0.0,758.7002666666667,0.0,1.3445,0.0,758.7002666666667,0.0,0.0,0.0,7729.061249382716,6886.060953086419
2025-01-16,2025-01-16T19:30:00,True,0.0,0.0,752.5583333333334,0.0,1.3483,0.0,752.5583333333334,0.0,0.0,0.0,6886.060953086419,6049.885027160493
2025-01-16,2025-01-16T19:40:00,True,0.0,0.0,728.0931499999999,0.0,1.349,0.0,728.0931499999999,0.0,0.0,0.0,6049.885027160493,5240.8926382716045
2025-01-16,2025-01-16T19:50:00,True,0.0,0.0,727.0870166666666,0.0,1.3473,0.0,727.0870166666666,0.0,0.0,0.0,5240.8926382716045,4433.018175308642
2025-01-16,2025-01-16T20:00:00,True,0.0,0.0,751.9499999999999,0.0,1.3482,0.0,751.9499999999999,0.0,0.0,0.0,4433.018175308642,3597.5181753086417
2025-01-16,2025-01-16T20:10:00,True,0.0,0.0,763.3121333333333,0.0,1.3513,0.0,763.3121333333333,0.0,0.0,0.0,3597.5181753086417,2749.3935827160494
2025-01-16,2025-01-16T20:20:00,True,0.0,0.0,741.8044333333333,0.0,1.34,0.0,55.60967555555544,686.1947577777779,0.0,0.0,2749.3935827160494,2687.6050543209876
2025-01-16,2025-01-16T20:30:00,True,0.0,0.0,715.7083333333333,0.0,1.3489,0.0,667.6953333333335,48.01299999999978,0.0,0.0,2687.6050543209876,1945.7213506172839
2025-01-16,2025-01-16T20:40:00,True,0.0,0.0,733.7681166666666,0.0,1.3952,0.0,671.1492155555554,62.61890111111132,0.0,0.0,1945.7213506172839,1200.0
2025-01-16,2025-01-16T20:50:00,True,677.7752122222221,677.7752122222221,759.1978,0.0,1.2226,0.0,0.0,81.42258777777795,0.0,0.0,1200.0,1200.0
2025-01-16,2025-01-16T21:00:00,True,682.9378888888889,682.9378888888889,760.2783333333333,0.0,0.9332,0.0,0.0,77.34044444444442,0.0,0.0,1200.0,1200.0
2025-01-16,2025-01-16T21:10:00,True,682.8921488888888,682.8921488888888,739.4905333333332,0.0,0.9068,0.0,0.0,56.59838444444449,0.0,0.0,1200.0,1200.0
2025-01-16,2025-01-16T21:20:00,True,676.3983533333334,676.3983533333334,727.8466,0.0,0.9371,0.0,0.0,51.44824666666659,0.0,0.0,1200.0,1200.0
2025-01-16,2025-01-16T21:30:00,True,680.7881111111111,680.7881111111111,749.1466666666666,0.0,0.9371,0.0,0.0,68.35855555555554,0.0,0.0,1200.0,1200.0
2025-01-16,2025-01-16T21:40:00,True,701.9616011111112,701.9616011111112,779.7671833333334,0.0,0.9871,0.0,0.0,77.80558222222214,0.0,0.0,1200.0,1200.0
2025-01-16,2025-01-16T21:50:00,True,635.8328077777777,635.8328077777777,674.2208499999999,0.0,0.7764,0.0,0.0,38.388042222222225,0.0,0.0,1200.0,1200.0
2025-01-16,2025-01-16T22:00:00,True,522.141,522.141,521.3916666666667,0.0,0.4209,0.7493333333331975,0.0,0.0,9.23372785640216e-14,1.0,1200.0,1200.6743999999999
2025-01-16,2025-01-16T22:10:00,True,513.4055855555555,513.4055855555555,564.4336166666667,0.0,0.3859,0.0,0.6069599999998899,50.42107111111125,0.0,0.0,1200.6743999999999,1200.0
2025-01-16,2025-01-16T22:20:00,True,531.136998888889,531.136998888889,614.1434999999999,0.0,0.4368,0.0,0.0,83.00650111111088,0.0,0.0,1200.0,1200.0
2025-01-16,2025-01-16T22:30:00,True,527.0011111111111,527.0011111111111,581.77,0.0,0.4198,0.0,0.0,54.76888888888891,0.0,0.0,1200.0,1200.0
2025-01-16,2025-01-16T22:40:00,True,531.7037733333333,531.7037733333333,567.621,0.0,0.4186,0.0,0.0,35.91722666666669,0.0,0.0,1200.0,1200.0
2025-01-16,2025-01-16T22:50:00,True,533.9695677777777,533.9695677777777,581.6968333333333,0.0,0.4241,0.0,0.0,47.72726555555562,0.0,0.0,1200.0,1200.0
2025-01-16,2025-01-16T23:00:00,True,534.444111111111,534.444111111111,592.1416666666667,0.0,0.4237,0.0,0.0,57.697555555555596,0.0,0.0,1200.0,1200.0
2025-01-16,2025-01-16T23:10:00,True,548.350421111111,548.350421111111,573.2504666666666,0.0,0.4248,0.0,0.0,24.900045555555607,0.0,0.0,1200.0,1200.0
2025-01-16,2025-01-16T23:20:00,True,556.6930188888889,556.6930188888889,588.03735,0.0,0.424,0.0,0.0,31.344331111111046,0.0,0.0,1200.0,1200.0
2025-01-16,2025-01-16T23:30:00,True,556.3335555555556,556.3335555555556,637.5533333333333,0.0,0.422,0.0,0.0,81.21977777777772,0.0,0.0,1200.0,1200.0
2025-01-16,2025-01-16T23:40:00,True,561.9658866666666,561.9658866666666,645.6153999999999,0.0,0.424,0.0,0.0,83.64951333333329,0.0,0.0,1200.0,1200.0
2025-01-16,2025-01-16T23:50:00,True,561.9053022222222,561.9053022222222,567.7601666666667,0.0,0.4271,0.0,0.0,5.854864444444502,0.0,0.0,1200.0,1200.0
2025-01-16,2025-01-17T00:00:00,True,558.7779761904761,559.6327777777777,444.33833333333337,0.0,0.4276,115.2944444444443,0.0,0.0,3.6722970343640156e-14,1.0,1200.0,1303.7649999999999
2025-01-17,2025-01-17T00:10:00,True,1405.9206895833331,1405.9206895833331,376.21276666666665,0.0,0.4248,833.3333333333334,0.0,0.0,196.3745895833332,1.0,1303.7649999999999,2053.765
2025-01-17,2025-01-17T00:20:00,True,1413.2748854166666,1413.2748854166666,399.6171,0.0,0.4245,833.3333333333333,0.0,0.0,180.32445208333343,1.0,2053.765,2803.765
2025-01-17,2025-01-17T00:30:00,True,1410.3083333333334,1410.3083333333334,468.99499999999995,0.0,0.4269,833.3333333333334,0.0,0.0,107.98000000000013,1.0,2803.765,3553.765
2025-01-17,2025-01-17T00:40:00,True,1404.584491666666,1404.584491666666,492.84958333333327,0.0,0.4272,833.3333333333334,0.0,0.0,78.40157499999941,1.0,3553.765,4303.764999999999
2025-01-17,2025-01-17T00:50:00,True,1401.923171875,1401.923171875,457.38273333333336,0.0,0.4271,833.3333333333334,0.0,0.0,111.20710520833325,1.0,4303.764999999999,5053.764999999999
2025-01-17,2025-01-17T01:00:00,True,1411.6007291666665,1411.6007291666665,420.54499999999996,0.0,0.4285,833.3333333333334,0.0,0.0,157.72239583333317,1.0,5053.764999999999,5803.764999999999
2025-01-17,2025-01-17T01:10:00,True,1155.0979128472227,1155.0979128472227,451.5339833333333,0.0,0.4311,703.5639295138894,0.0,0.0,0.0,1.0,5803.764999999999,6436.9725365625
2025-01-17,2025-01-17T01:20:00,True,1443.9207708333333,1443.9207708333333,463.21574999999996,0.0,0.4302,681.1416260416664,0.0,0.0,299.56339479166695,1.0,6436.9725365625,7050.0
2025-01-17,2025-01-17T01:30:00,True,1432.09375,1432.09375,445.46000000000004,0.0,0.4279,833.3333333333331,0.0,0.0,153.30041666666682,1.0,7050.0,7800.0
2025-01-17,2025-01-17T01:40:00,True,600.961175,600.961175,470.9112666666666,0.0,0.4312,0.0,0.0,0.0,130.0499083333334,1.0,7800.0,7800.0
2025-01-17,2025-01-17T01:50:00,True,606.7015604166667,606.7015604166667,480.51058333333333,0.0,0.4333,0.0,0.0,0.0,126.19097708333334,1.0,7800.0,7800.0
2025-01-17,2025-01-17T02:00:00,True,1443.4685416666666,1443.4685416666666,467.7066666666666,0.0,0.4311,833.3333333333334,0.0,0.0,142.42854166666666,1.0,7800.0,8550.0
2025-01-17,2025-01-17T02:10:00,True,1451.1019989583333,1451.1019989583333,486.57621666666665,0.0,0.4293,833.3333333333333,0.0,0.0,131.19244895833344,1.0,8550.0,9300.0
2025-01-17,2025-01-17T02:20:00,True,622.3390385416668,622.3390385416668,490.08011666666664,0.0,0.4324,0.0,0.0,0.0,132.25892187500017,1.0,9300.0,9300.0
2025-01-17,2025-01-17T02:30:00,True,624.6910416666666,624.6910416666666,478.51166666666666,0.0,0.4367,0.0,0.0,0.0,146.17937499999994,1.0,9300.0,9300.0
2025-01-17,2025-01-17T02:40:00,True,632.9875072916665,632.9875072916665,500.5574333333333,0.0,0.4348,0.0,0.0,0.0,132.4300739583332,1.0,9300.0,9300.0
2025-01-17,2025-01-17T02:50:00,True,638.2192729166667,638.2192729166667,507.2777166666666,0.0,0.4335,0.0,0.0,0.0,130.94155625000008,1.0,9300.0,9300.0
2025-01-17,2025-01-17T03:00:00,True,637.3148958333334,637.3148958333334,494.0933333333333,0.0,0.4357,0.0,0.0,0.0,143.22156250000006,1.0,9300.0,9300.0
2025-01-17,2025-01-17T03:10:00,True,637.95146875,637.95146875,509.24713333333335,0.0,0.4374,0.0,0.0,0.0,128.70433541666665,1.0,9300.0,9300.0
2025-01-17,2025-01-17T03:20:00,True,648.4534375,648.4534375,534.3894499999999,0.0,0.4371,0.0,0.0,0.0,114.06398750000005,1.0,9300.0,9300.0
2025-01-17,2025-01-17T03:30:00,True,656.5235416666667,656.5235416666667,543.3266666666666,0.0,0.4356,0.0,0.0,0.0,113.19687500000009,1.0,9300.0,9300.0
2025-01-17,2025-01-17T03:40:00,True,643.0486354166666,643.0486354166666,530.68945,0.0,0.4353,0.0,0.0,0.0,112.3591854166666,1.0,9300.0,9300.0
2025-01-17,2025-01-17T03:50:00,True,642.4239916666667,642.4239916666667,534.3720666666666,0.0,0.436,0.0,0.0,0.0,108.0519250000001,1.0,9300.0,9300.0
2025-01-17,2025-01-17T04:00:00,True,659.2690624999998,659.2690624999998,562.9749999999999,0.0,0.4378,0.0,0.0,0.0,96.29406249999988,0.0,9300.0,9300.0
2025-01-17,2025-01-17T04:10:00,True,662.6248927083334,662.6248927083334,583.4893833333333,0.0,0.4401,79.13550937500008,0.0,0.0,0.0,1.0,9300.0,9371.2219584375
2025-01-17,2025-01-17T04:20:00,True,653.0364322916665,653.0364322916665,559.6822,0.0,0.4389,93.35423229166656,0.0,0.0,0.0,1.0,9371.2219584375,9455.2407675
2025-01-17,2025-01-17T04:30:00,True,646.161875,646.161875,527.635,0.0,0.4364,118.52687500000002,0.0,0.0,0.0,1.0,9455.2407675,9561.914955
2025-01-17,2025-01-17T04:40:00,True,656.8936666666667,656.8936666666667,560.4014999999999,0.0,0.4393,96.49216666666678,0.0,0.0,0.0,1.0,9561.914955,9648.757905
2025-01-17,2025-01-17T04:50:00,True,670.4556364583334,670.4556364583334,591.14465,0.0,0.4422,0.0,0.0,0.0,79.31098645833345,0.0,9648.757905,9648.757905
2025-01-17,2025-01-17T05:00:00,True,674.5105208333335,674.5105208333335,584.2333333333333,0.0,0.4395,90.2771875000002,0.0,0.0,0.0,1.0,9648.757905,9730.00737375
2025-01-17,2025-01-17T05:10:00,True,670.526553125,670.526553125,566.7357,0.0,0.4333,103.79085312500001,0.0,0.0,0.0,1.0,9730.00737375,9823.419141562501
2025-01-17,2025-01-17T05:20:00,True,674.1358166666668,674.1358166666668,549.1604833333333,0.0007166666666666667,0.4439,0.0,0.0,0.0,124.9760500000001,0.0,9823.419141562501,9823.419141562501
2025-01-17,2025-01-17T05:30:00,True,1507.3235416666666,1507.3235416666666,549.7133333333334,0.0,0.4301,833.3333333333334,0.0,0.0,124.2768749999999,1.0,9823.419141562501,10573.419141562501
2025-01-17,2025-01-17T05:40:00,True,1490.2719072916666,1490.2719072916666,579.4430333333332,0.0,0.3713,251.75650937499893,0.0,0.0,659.0723645833344,1.0,10573.419141562501,10800.0
2025-01-17,2025-01-17T05:50:00,True,717.4443395833334,717.4443395833334,574.3602999999999,0.010083333333333333,0.5708,0.0,1.6370904631912707e-12,0.0,143.09412291666817,0.0,10800.0,10799.999999999998
2025-01-17,2025-01-17T06:00:00,True,229.67151631944603,229.67151631944603,539.8566666666666,0.0,0.9099,0.0,310.18515034722003,0.0,0.0,0.0,10799.999999999998,10455.349832947531
2025-01-17,2025-01-17T06:10:00,True,0.0,0.0,544.4665833333333,0.0,0.9368,0.0,544.4665833333323,0.0,0.0,0.0,10455.349832947531,9850.386962577162
2025-01-17,2025-01-17T06:20:00,True,814.3785222222223,814.3785222222223,557.5819833333333,0.14055,0.8758,0.0,0.0,0.0,256.937088888889,0.0,9850.386962577162,9850.386962577162
2025-01-17,2025-01-17T06:30:00,True,817.3295499999999,817.3295499999999,554.68,0.0,0.8759,0.0,0.0,0.0,262.64955,0.0,9850.386962577162,9850.386962577162
2025-01-17,2025-01-17T06:40:00,True,814.5200142361111,814.5200142361111,550.8620333333333,0.0,0.8601,0.0,0.0,0.0,263.6579809027778,0.0,9850.386962577162,9850.386962577162
2025-01-17,2025-01-17T06:50:00,True,809.1138868055557,809.1138868055557,589.0881166666666,2.707,0.8442,0.0,0.0,0.0,222.73277013888912,0.0,9850.386962577162,9850.386962577162
2025-01-17,2025-01-17T07:00:00,True,809.4851416666668,809.4851416666668,644.4333333333333,20.23125,0.8334,0.0,0.0,0.0,185.28305833333354,0.0,9850.386962577162,9850.386962577162
2025-01-17,2025-01-17T07:10:00,True,779.3312256944444,779.3312256944444,646.6724833333333,59.570949999999996,0.8092,0.0,0.0,0.0,192.22969236111112,0.0,9850.386962577162,9850.386962577162
2025-01-17,2025-01-17T07:20:00,True,751.2008503472223,751.2008503472223,640.1483833333333,106.54769999999999,0.7972,0.0,0.0,0.0,217.60016701388895,0.0,9850.386962577162,9850.386962577162
2025-01-17,2025-01-17T07:30:00,True,699.2793208333335,699.2793208333335,647.9433333333333,151.89999999999998,0.7644,0.0,0.0,0.0,203.2359875000002,0.0,9850.386962577162,9850.386962577162
2025-01-17,2025-01-17T07:40:00,True,1456.1759506944445,1456.1759506944445,651.0206833333333,197.40436666666668,0.6899,0.0,0.0,0.0,1002.5596340277779,0.0,9850.386962577162,9850.386962577162
2025-01-17,2025-01-17T07:50:00,True,675.3586597222222,675.3586597222222,663.3539666666666,247.04808333333335,0.86,0.0,0.0,0.0,259.052776388889,0.0,9850.386962577162,9850.386962577162
2025-01-17,2025-01-17T08:00:00,True,0.0,0.0,675.9016666666666,301.5,1.1617,0.0,374.40166666666664,0.0,0.0,0.0,9850.386962577162,9434.38511072531
2025-01-17,2025-01-17T08:10:00,True,0.0,0.0,660.7317499999999,356.03393333333327,1.1683,0.0,304.69781666666665,0.0,0.0,0.0,9434.38511072531,9095.83198109568
2025-01-17,2025-01-17T08:20:00,True,0.0,0.0,640.6669999999999,400.1174,1.0956,0.0,240.54959999999994,0.0,0.0,0.0,9095.83198109568,8828.554647762347
2025-01-17,2025-01-17T08:30:00,True,0.0,0.0,629.21,438.83125,1.0849,0.0,190.37875000000003,0.0,0.0,0.0,8828.554647762347,8617.022703317902
2025-01-17,2025-01-17T08:40:00,True,0.0,0.0,629.6717333333333,487.46166666666664,1.061,0.0,142.2100666666667,0.0,0.0,0.0,8617.022703317902,8459.011518132716
2025-01-17,2025-01-17T08:50:00,True,0.0,0.0,689.7615333333333,534.6765499999999,1.043,0.0,155.0849833333334,0.0,0.0,0.0,8459.011518132716,8286.694869984569
2025-01-17,2025-01-17T09:00:00,True,0.0,0.0,771.3816666666667,577.1999999999999,1.036,0.0,194.18166666666673,0.0,0.0,0.0,8286.694869984569,8070.937462577162
2025-01-17,2025-01-17T09:10:00,True,0.0,0.0,776.3566833333332,625.0233333333333,1.0147,0.0,151.33334999999988,0.0,0.0,0.0,8070.937462577162,7902.789295910495
2025-01-17,2025-01-17T09:20:00,True,0.0,0.0,752.9481166666666,681.1773,0.9922,0.0,71.77081666666663,0.0,0.0,0.0,7902.789295910495,7823.043944058643
2025-01-17,2025-01-17T09:30:00,True,0.0,0.0,744.7583333333333,736.8125,0.97,0.0,7.945833333333326,0.0,0.0,0.0,7823.043944058643,7814.21524035494
2025-01-17,2025-01-17T09:40:00,True,0.0,0.0,751.2196166666665,775.3630166666667,0.9422,0.0,0.0,0.0,24.143400000000156,0.0,7814.21524035494,7814.21524035494
2025-01-17,2025-01-17T09:50:00,True,0.0,0.0,764.0121666666666,790.9223666666667,0.9569,0.0,0.0,0.0,26.91020000000003,0.0,7814.21524035494,7814.21524035494
2025-01-17,2025-01-17T10:00:00,True,0.0,0.0,763.8816666666667,817.225,0.9977,0.0,0.0,0.0,53.34333333333336,0.0,7814.21524035494,7814.21524035494
2025-01-17,2025-01-17T10:10:00,True,0.0,0.0,738.6057166666666,895.9088833333333,0.9919,0.0,0.0,0.0,157.3031666666667,0.0,7814.21524035494,7814.21524035494
2025-01-17,2025-01-17T10:20:00,True,0.0,0.0,738.6536333333333,955.5129,0.9588,0.0,0.0,0.0,216.8592666666666,0.0,7814.21524035494,7814.21524035494
2025-01-17,2025-01-17T10:30:00,True,0.0,0.0,755.5916666666667,958.51875,0.9549,0.0,0.0,0.0,202.92708333333326,0.0,7814.21524035494,7814.21524035494
2025-01-17,2025-01-17T10:40:00,True,0.0,0.0,734.1440666666667,935.0578833333334,0.9839,0.0,0.0,0.0,200.91381666666666,0.0,7814.21524035494,7814.21524035494
2025-01-17,2025-01-17T10:50:00,True,65.33168854166638,65.33168854166638,726.6918000000001,933.1657499999999,0.799,0.0,0.0,0.0,271.8056385416662,0.0,7814.21524035494,7814.21524035494
2025-01-17,2025-01-17T11:00:00,True,859.7952416666668,859.7952416666668,729.2816666666665,954.5124999999999,0.5025,0.0,0.0,0.0,1085.0260750000002,0.0,7814.21524035494,7814.21524035494
2025-01-17,2025-01-17T11:10:00,True,871.0482649305555,871.0482649305555,686.2932000000001,961.9274999999999,0.4662,0.0,0.0,0.0,1146.6825649305554,0.0,7814.21524035494,7814.21524035494
2025-01-17,2025-01-17T11:20:00,True,880.0920538194445,880.0920538194445,668.1034,962.6507499999999,0.5007,-0.0,0.0,0.0,1174.6394038194444,0.0,7814.21524035494,7814.21524035494
2025-01-17,2025-01-17T11:30:00,True,890.2335416666666,890.2335416666666,695.3983333333333,956.4937499999999,0.4827,0.0,0.0,0.0,1151.328958333333,0.0,7814.21524035494,7814.21524035494
2025-01-17,2025-01-17T11:40:00,True,901.8989347222221,901.8989347222221,716.4474166666666,937.4035833333334,0.4785,0.0,0.0,0.0,1122.8551013888887,0.0,7814.21524035494,7814.21524035494
2025-01-17,2025-01-17T11:50:00,True,891.9516048611112,891.9516048611112,718.8371,948.8863666666666,0.4662,-0.0,0.0,0.0,1122.0008715277777,0.0,7814.21524035494,7814.21524035494
2025-01-17,2025-01-17T12:00:00,True,869.2432999999999,869.2432999999999,712.8766666666667,971.6999999999999,0.4432,-0.0,0.0,0.0,1128.0666333333331,0.0,7814.21524035494,7814.21524035494
2025-01-17,2025-01-17T12:10:00,True,855.289457638889,855.289457638889,709.3880833333333,946.0235166666666,0.4411,-0.0,0.0,0.0,1091.9248909722223,0.0,7814.21524035494,7814.21524035494
2025-01-17,2025-01-17T12:20:00,True,850.5263559027778,850.5263559027778,676.2895333333333,946.8049666666667,0.4551,317.98416863854175,0.0,0.0,803.0576205975693,1.0,7814.21524035494,8100.400992129627
2025-01-17,2025-01-17T12:30:00,True,842.3270666666666,842.3270666666666,639.1333333333333,985.5375,0.4463,824.9281916666657,0.0,0.0,363.8030416666677,1.0,8100.400992129627,8842.836364629627
2025-01-17,2025-01-17T12:40:00,True,834.4736003472224,834.4736003472224,659.5924,994.0101333333333,0.4113,822.574238888888,0.0,0.0,346.31709479166784,1.0,8842.836364629627,9583.153179629626
2025-01-17,2025-01-17T12:50:00,True,845.1304298611111,845.1304298611111,673.4614166666667,977.0920833333332,0.5682,819.3349638888907,0.0,0.0,329.426132638887,1.0,9583.153179629626,10320.554647129627
2025-01-17,2025-01-17T13:00:00,True,31.297812500000077,31.297812500000077,666.3633333333332,958.9187499999999,0.8279,0.0,0.0,0.0,323.8532291666668,0.0,10320.554647129627,10320.554647129627
2025-01-17,2025-01-17T13:10:00,True,55.31063993055545,55.31063993055545,681.5246833333333,951.12275,0.8636,0.0,0.0,0.0,324.90870659722214,0.0,10320.554647129627,10320.554647129627
2025-01-17,2025-01-17T13:20:00,True,78.127045486111,78.127045486111,668.0419666666667,918.2441999999999,0.8416,0.0,0.0,0.0,328.3292788194442,0.0,10320.554647129627,10320.554647129627
2025-01-17,2025-01-17T13:30:00,True,101.54109166666649,101.54109166666649,633.7816666666666,872.1187499999999,0.8618,0.0,0.0,0.0,339.8781749999997,0.0,10320.554647129627,10320.554647129627
2025-01-17,2025-01-17T13:40:00,True,108.98347951388882,108.98347951388882,642.3919666666666,860.5396499999999,0.8623,0.0,0.0,0.0,327.1311628472222,0.0,10320.554647129627,10320.554647129627
2025-01-17,2025-01-17T13:50:00,True,111.50054236111264,111.50054236111264,650.2510666666667,841.0417,0.9026,-0.0,0.0,0.0,302.29117569444594,0.0,10320.554647129627,10320.554647129627
2025-01-17,2025-01-17T14:00:00,True,0.0,0.0,641.0533333333333,797.6,0.9754,-0.0,0.0,0.0,156.54666666666674,0.0,10320.554647129627,10320.554647129627
2025-01-17,2025-01-17T14:10:00,True,0.0,0.0,641.7311666666667,757.9667333333333,1.0002,97.5897950617299,0.0,0.0,18.645771604936712,1.0,10320.554647129627,10408.385462685184
2025-01-17,2025-01-17T14:20:00,True,0.0,0.0,633.9927166666666,726.6912833333333,0.9978,0.0,0.0,0.0,92.6985666666667,0.0,10408.385462685184,10408.385462685184
2025-01-17,2025-01-17T14:30:00,True,0.0,0.0,633.4849999999999,708.8999999999999,1.0271,0.0,0.0,0.0,75.41499999999996,0.0,10408.385462685184,10408.385462685184
2025-01-17,2025-01-17T14:40:00,True,0.0,0.0,672.4984,703.4768833333333,1.0906,0.0,0.0,0.0,30.978483333333315,0.0,10408.385462685184,10408.385462685184
2025-01-17,2025-01-17T14:50:00,True,0.0,0.0,671.6356333333333,659.8197666666666,0.9376,0.0,11.815866666665897,0.0,0.0,0.0,10408.385462685184,10395.256721944445
2025-01-17,2025-01-17T15:00:00,True,1210.3938749999998,1210.3938749999998,639.9733333333334,587.15625,0.6694,-0.0,0.0,0.0,1157.5767916666664,0.0,10395.256721944445,10395.256721944445
2025-01-17,2025-01-17T15:10:00,True,1260.5161652777774,1260.5161652777774,661.0485333333334,543.01995,0.66,-0.0,0.0,0.0,1142.4875819444442,0.0,10395.256721944445,10395.256721944445
2025-01-17,2025-01-17T15:20:00,True,1308.1456409722223,1308.1456409722223,653.4660333333334,491.54956666666664,0.7217,406.79531172839535,0.0,0.0,739.4338625771602,1.0,10395.256721944445,10761.3725025
2025-01-17,2025-01-17T15:30:00,True,521.3214291666666,521.3214291666666,603.0783333333333,429.39375,0.7308,0.0,0.0,0.0,347.6368458333333,0.0,10761.3725025,10761.3725025
2025-01-17,2025-01-17T15:40:00,True,576.637117361111,576.637117361111,584.6588666666667,393.0156666666667,0.7534,0.0,0.0,0.0,384.993917361111,0.0,10761.3725025,10761.3725025
2025-01-17,2025-01-17T15:50:00,True,632.2009368055556,632.2009368055556,589.7957666666666,353.1442833333333,0.7823,42.919441666666295,0.0,0.0,352.63001180555597,1.0,10761.3725025,10800.0
2025-01-17,2025-01-17T16:00:00,True,682.6437750000001,682.6437750000001,592.4433333333333,300.29999999999995,0.8055,0.0,0.0,0.0,390.5004416666662,0.0,10800.0,10800.0
2025-01-17,2025-01-17T16:10:00,True,719.8509781250002,719.8509781250002,580.4638166666666,254.02235,0.8271,0.0,0.0,0.0,393.4095114583334,0.0,10800.0,10800.0
2025-01-17,2025-01-17T16:20:00,True,753.6920010416663,753.6920010416663,578.8598333333333,203.43091666666663,0.8519,0.0,0.0,0.0,378.2630843749985,0.0,10800.0,10800.0
2025-01-17,2025-01-17T16:30:00,True,790.2234500000001,790.2234500000001,598.7466666666667,149.96249999999998,0.8791,0.0,0.0,0.0,341.4392833333323,0.0,10800.0,10800.0
2025-01-17,2025-01-17T16:40:00,True,835.0822802083337,835.0822802083337,613.0644666666667,108.04936666666666,0.9024,0.0,0.0,0.0,330.06718020833347,0.0,10800.0,10800.0
2025-01-17,2025-01-17T16:50:00,True,866.0666322916663,866.0666322916663,541.20565,63.90158333333333,0.9163,0.0,0.0,0.0,388.76256562499935,0.0,10800.0,10800.0
2025-01-17,2025-01-17T17:00:00,True,886.755208333333,886.755208333333,440.84666666666664,21.574999999999996,0.9264,0.0,0.0,0.0,467.48354166666564,0.0,10800.0,10800.0
2025-01-17,2025-01-17T17:10:00,True,884.621200347222,884.621200347222,454.9803,2.7392333333333334,0.9462,0.0,0.0,0.0,432.3801336805546,0.0,10800.0,10800.0
2025-01-17,2025-01-17T17:20:00,True,885.8624819444443,885.8624819444443,468.4820833333333,0.0,0.9742,0.0,0.0,0.0,417.3803986111098,0.0,10800.0,10800.0
2025-01-17,2025-01-17T17:30:00,True,895.4848958333332,895.4848958333332,443.0183333333333,0.0,0.9862,0.0,0.0,0.0,452.46656249999893,0.0,10800.0,10800.0
2025-01-17,2025-01-17T17:40:00,True,914.2054357638889,914.2054357638889,453.554,0.13929999999999998,0.976,0.0,0.0,0.0,460.7907357638879,0.0,10800.0,10800.0
2025-01-17,2025-01-17T17:50:00,True,823.2616017361111,823.2616017361111,459.0084,0.0,1.0742,0.0,1.6370904631912707e-12,0.0,364.2532017361126,0.0,10800.0,10799.999999999998
2025-01-17,2025-01-17T18:00:00,True,674.2640625,674.2640625,449.0483333333333,0.0,1.2313,0.0,0.0,0.0,225.21572916666705,0.0,10799.999999999998,10799.999999999998
2025-01-17,2025-01-17T18:10:00,True,41.50878333333469,41.50878333333469,458.55796666666663,0.009999999999999998,1.2561,0.0,417.03918333333127,0.0,0.0,0.0,10799.999999999998,10336.62312962963
2025-01-17,2025-01-17T18:20:00,True,670.921228125,670.921228125,459.55381666666665,0.0,1.2447,211.36741145833332,0.0,0.0,0.0,1.0,10336.62312962963,10526.85379994213
2025-01-17,2025-01-17T18:30:00,True,673.8201041666666,673.8201041666666,443.69166666666666,0.0,1.2545,230.12843749999996,0.0,0.0,0.0,1.0,10526.85379994213,10733.96939369213
2025-01-17,2025-01-17T18:40:00,True,670.1570072916668,670.1570072916668,436.72929999999997,0.0007166666666666667,1.2522,73.36734034207738,0.0,0.0,160.0610836162561,1.0,10733.96939369213,10800.0
2025-01-17,2025-01-17T18:50:00,True,0.0,0.0,455.29676666666666,0.0,1.2881,0.0,455.2967666666676,0.0,0.0,0.0,10800.0,10294.114703703703
2025-01-17,2025-01-17T19:00:00,True,0.0,0.0,481.145,0.0,1.3466,0.0,481.1450000000002,0.0,0.0,0.0,10294.114703703703,9759.509148148147
2025-01-17,2025-01-17T19:10:00,True,0.0,0.0,480.78665,0.0,1.3523,0.0,480.78665,0.0,0.0,0.0,9759.509148148147,9225.301759259259
2025-01-17,2025-01-17T19:20:00,True,0.0,0.0,486.3923666666667,0.0,1.3445,0.0,486.3923666666667,0.0,0.0,0.0,9225.301759259259,8684.865796296295
2025-01-17,2025-01-17T19:30:00,True,0.0,0.0,496.9866666666667,0.0,1.3483,0.0,496.9866666666667,0.0,0.0,0.0,8684.865796296295,8132.658388888888
2025-01-17,2025-01-17T19:40:00,True,0.0,0.0,480.1208333333333,0.0,1.349,0.0,480.1208333333333,0.0,0.0,0.0,8132.658388888888,7599.190796296296
2025-01-17,2025-01-17T19:50:00,True,0.0,0.0,474.52818333333335,0.0,1.3473,0.0,474.52818333333335,0.0,0.0,0.0,7599.190796296296,7071.937259259259
2025-01-17,2025-01-17T20:00:00,True,0.0,0.0,478.51166666666666,0.0,1.3482,0.0,478.51166666666666,0.0,0.0,0.0,7071.937259259259,6540.257629629629
2025-01-17,2025-01-17T20:10:00,True,0.0,0.0,451.8723333333333,0.0,1.3513,0.0,451.8723333333333,0.0,0.0,0.0,6540.257629629629,6038.177259259259
2025-01-17,2025-01-17T20:20:00,True,0.0,0.0,434.0012333333333,0.0,1.34,0.0,434.0012333333333,0.0,0.0,0.0,6038.177259259259,5555.953666666666
2025-01-17,2025-01-17T20:30:00,True,0.0,0.0,450.72,0.0,1.3489,0.0,450.72,0.0,0.0,0.0,5555.953666666666,5055.153666666666
2025-01-17,2025-01-17T20:40:00,True,0.0,0.0,484.62968333333333,0.0,1.3952,0.0,484.62968333333333,0.0,0.0,0.0,5055.153666666666,4516.6762407407405
2025-01-17,2025-01-17T20:50:00,True,682.8641239583332,682.8641239583332,485.17803333333336,0.0,1.2226,197.68609062500016,0.0,0.0,-3.694822225952521e-13,1.0,4516.6762407407405,4694.593722303241
2025-01-17,2025-01-17T21:00:00,True,687.7716666666666,687.7716666666666,468.47166666666664,0.0,0.9332,219.29999999999987,0.0,0.0,1.4210854715202004e-13,1.0,4694.593722303241,4891.9637223032405
2025-01-17,2025-01-17T21:10:00,True,686.4295479166666,686.4295479166666,490.4889666666666,0.0,0.9068,195.9405812500002,0.0,0.0,-2.2737367544323206e-13,1.0,4891.9637223032405,5068.310245428241
2025-01-17,2025-01-17T21:20:00,True,679.61386875,679.61386875,474.6709166666667,0.0,0.9371,204.94295208333318,0.0,0.0,1.7053025658242404e-13,1.0,5068.310245428241,5252.758902303241
2025-01-17,2025-01-17T21:30:00,True,685.0605208333334,685.0605208333334,453.02,0.0,0.9371,232.04052083333306,0.0,0.0,3.410605131648481e-13,1.0,5252.758902303241,5461.59537105324
2025-01-17,2025-01-17T21:40:00,True,706.8244500000001,706.8244500000001,525.5826333333333,0.0,0.9871,181.24181666666723,0.0,0.0,-4.831690603168681e-13,1.0,5461.59537105324,5624.713006053241
2025-01-17,2025-01-17T21:50:00,True,638.2320604166666,638.2320604166666,506.1753,0.0,0.7764,132.0567604166667,0.0,0.0,-5.684341886080802e-14,1.0,5624.713006053241,5743.564090428241
2025-01-17,2025-01-17T22:00:00,True,522.0941666666666,522.0941666666666,400.655,0.0,0.4209,121.43916666666681,0.0,0.0,-1.4210854715202004e-13,1.0,5743.564090428241,5852.859340428241
2025-01-17,2025-01-17T22:10:00,True,516.5948374999999,516.5948374999999,403.77119999999996,0.0,0.3859,112.82363749999996,0.0,0.0,0.0,1.0,5852.859340428241,5954.400614178241
2025-01-17,2025-01-17T22:20:00,True,536.3249052083335,536.3249052083335,411.2597166666667,0.0,0.4368,125.06518854166677,0.0,0.0,0.0,1.0,5954.400614178241,6066.959283865741
2025-01-17,2025-01-17T22:30:00,True,530.4241666666667,530.4241666666667,379.3533333333333,0.0,0.4198,151.07083333333338,0.0,0.0,0.0,1.0,6066.959283865741,6202.923033865741
2025-01-17,2025-01-17T22:40:00,True,533.9485999999999,533.9485999999999,385.0471,0.0,0.4186,148.90149999999994,0.0,0.0,0.0,1.0,6202.923033865741,6336.9343838657405
2025-01-17,2025-01-17T22:50:00,True,536.9525218749999,536.9525218749999,433.85195,0.0,0.4241,103.1005718749999,0.0,0.0,0.0,1.0,6336.9343838657405,6429.724898553241
2025-01-17,2025-01-17T23:00:00,True,538.0502083333333,538.0502083333333,469.2083333333333,0.0,0.4237,68.84187500000002,0.0,0.0,0.0,1.0,6429.724898553241,6491.682586053241
2025-01-17,2025-01-17T23:10:00,True,549.9066739583333,549.9066739583333,433.62254999999993,0.0,0.4248,116.28412395833334,0.0,0.0,0.0,1.0,6491.682586053241,6596.338297615741
2025-01-17,2025-01-17T23:20:00,True,558.6520395833334,558.6520395833334,430.48171666666667,0.0,0.424,128.1703229166667,0.0,0.0,0.0,1.0,6596.338297615741,6711.691588240741
2025-01-17,2025-01-17T23:30:00,True,561.4097916666667,561.4097916666667,464.90999999999997,0.0,0.422,96.49979166666674,0.0,0.0,0.0,1.0,6711.691588240741,6798.541400740741
2025-01-17,2025-01-17T23:40:00,True,567.19398125,567.19398125,442.93611666666663,0.0,0.424,124.25786458333334,0.0,0.0,0.0,1.0,6798.541400740741,6910.373478865741
2025-01-17,2025-01-17T23:50:00,True,562.27123125,562.27123125,426.6559833333333,0.0,0.4271,135.6152479166667,0.0,0.0,0.0,1.0,6910.373478865741,7032.427201990741
2025-01-17,2025-01-18T00:00:00,True,559.6327777777777,559.6327777777777,442.2833333333333,0.0,0.4276,117.34944444444068,0.0,0.0,3.751665644813329e-12,1.0,7032.427201990741,7138.041701990738
2025-01-18,2025-01-18T00:10:00,True,1394.369243137255,1394.369243137255,449.57113333333336,0.0,0.4248,833.3333333333331,0.0,0.0,111.46477647058839,1.0,7138.041701990738,7888.041701990738
2025-01-18,2025-01-18T00:20:00,True,1402.6675647058823,1402.6675647058823,448.0010666666667,0.0,0.4245,833.3333333333334,0.0,0.0,121.33316470588227,1.0,7888.041701990738,8638.041701990738
2025-01-18,2025-01-18T00:30:00,True,1403.9565686274511,1403.9565686274511,444.8233333333333,0.0,0.4269,833.3333333333334,0.0,0.0,125.7999019607845,1.0,8638.041701990738,9388.041701990738
2025-01-18,2025-01-18T00:40:00,True,566.639300980392,566.639300980392,449.54838333333333,0.0,0.4272,0.0,0.0,0.0,117.09091764705869,1.0,9388.041701990738,9388.041701990738
2025-01-18,2025-01-18T00:50:00,True,1297.5574641279359,1297.5574641279359,489.41889999999995,0.0,0.4271,808.138564127936,0.0,0.0,0.0,1.0,9388.041701990738,10115.36640970588
2025-01-18,2025-01-18T01:00:00,True,568.9896078431372,568.9896078431372,520.5583333333333,0.0,0.4285,0.0,0.0,0.0,48.43127450980387,1.0,10115.36640970588,10115.36640970588
2025-01-18,2025-01-18T01:10:00,True,594.7732372549019,594.7732372549019,467.77284999999995,0.0,0.4311,0.0,0.0,0.0,127.00038725490197,1.0,10115.36640970588,10115.36640970588
2025-01-18,2025-01-18T01:20:00,True,601.9185147058824,601.9185147058824,428.3751333333333,0.0,0.4302,0.0,0.0,0.0,173.54338137254916,1.0,10115.36640970588,10115.36640970588
2025-01-18,2025-01-18T01:30:00,True,589.7427450980392,589.7427450980392,439.76,0.0,0.4279,0.0,0.0,0.0,149.98274509803923,1.0,10115.36640970588,10115.36640970588
2025-01-18,2025-01-18T01:40:00,True,593.3111803921569,593.3111803921569,454.17875000000004,0.0,0.4312,0.0,0.0,0.0,139.13243039215683,1.0,10115.36640970588,10115.36640970588
2025-01-18,2025-01-18T01:50:00,True,599.2785617647058,599.2785617647058,495.4059333333333,0.0,0.4333,0.0,0.0,0.0,103.87262843137256,1.0,10115.36640970588,10115.36640970588
2025-01-18,2025-01-18T02:00:00,True,601.7570588235294,601.7570588235294,528.8266666666666,0.0,0.4311,0.0,0.0,0.0,72.93039215686281,1.0,10115.36640970588,10115.36640970588
2025-01-18,2025-01-18T02:10:00,True,610.0514627450981,610.0514627450981,486.70741666666663,0.0,0.4293,0.0,0.0,0.0,123.34404607843146,1.0,10115.36640970588,10115.36640970588
2025-01-18,2025-01-18T02:20:00,True,614.5591019607845,614.5591019607845,472.83113333333336,0.0,0.4324,0.0,0.0,0.0,141.7279686274511,1.0,10115.36640970588,10115.36640970588
2025-01-18,2025-01-18T02:30:00,True,616.0922549019607,616.0922549019607,506.0483333333333,0.0,0.4367,0.0,0.0,0.0,110.04392156862741,1.0,10115.36640970588,10115.36640970588
2025-01-18,2025-01-18T02:40:00,True,625.1975029411763,625.1975029411763,505.2827,0.0,0.4348,0.0,0.0,0.0,119.91480294117628,1.0,10115.36640970588,10115.36640970588
2025-01-18,2025-01-18T02:50:00,True,630.5168284313726,630.5168284313726,502.44605,0.0,0.4335,0.0,0.0,0.0,128.07077843137256,1.0,10115.36640970588,10115.36640970588
2025-01-18,2025-01-18T03:00:00,True,628.8900980392158,628.8900980392158,514.6616666666666,0.0,0.4357,0.0,0.0,0.0,114.22843137254915,1.0,10115.36640970588,10115.36640970588
2025-01-18,2025-01-18T03:10:00,True,630.3806254901962,630.3806254901962,517.6518666666666,0.0,0.4374,0.0,0.0,0.0,112.72875882352957,1.0,10115.36640970588,10115.36640970588
2025-01-18,2025-01-18T03:20:00,True,641.7437911764706,641.7437911764706,500.36518333333333,0.0,0.4371,0.0,0.0,0.0,141.37860784313727,1.0,10115.36640970588,10115.36640970588
2025-01-18,2025-01-18T03:30:00,True,649.8649019607843,649.8649019607843,479.04499999999996,0.0,0.4356,0.0,0.0,0.0,170.81990196078436,1.0,10115.36640970588,10115.36640970588
2025-01-18,2025-01-18T03:40:00,True,636.4392715686273,636.4392715686273,487.68058333333335,0.0,0.4353,0.0,0.0,0.0,148.75868823529396,1.0,10115.36640970588,10115.36640970588
2025-01-18,2025-01-18T03:50:00,True,636.0679960784314,636.0679960784314,535.1377166666666,0.0,0.436,0.0,0.0,0.0,100.93027941176479,1.0,10115.36640970588,10115.36640970588
2025-01-18,2025-01-18T04:00:00,True,653.6047058823527,653.6047058823527,575.8,0.0,0.4378,0.0,0.0,0.0,77.80470588235278,0.0,10115.36640970588,10115.36640970588
2025-01-18,2025-01-18T04:10:00,True,657.9698627450981,657.9698627450981,547.8964333333333,0.0,0.4401,0.0,0.0,0.0,110.07342941176478,0.0,10115.36640970588,10115.36640970588
2025-01-18,2025-01-18T04:20:00,True,647.5450068627449,647.5450068627449,514.7349999999999,0.0,0.4389,132.810006862745,0.0,0.0,0.0,1.0,10115.36640970588,10234.89541588235
2025-01-18,2025-01-18T04:30:00,True,639.189705882353,639.189705882353,524.2083333333333,0.0,0.4364,0.0,0.0,0.0,114.98137254901974,0.0,10234.89541588235,10234.89541588235
2025-01-18,2025-01-18T04:40:00,True,651.2176568627451,651.2176568627451,563.8148666666666,0.0,0.4393,87.40279019607851,0.0,0.0,0.0,1.0,10234.89541588235,10313.557927058822
2025-01-18,2025-01-18T04:50:00,True,665.7902843137256,665.7902843137256,571.79945,0.0,0.4422,0.0,0.0,0.0,93.9908343137256,0.0,10313.557927058822,10313.557927058822
2025-01-18,2025-01-18T05:00:00,True,669.2000980392158,669.2000980392158,553.6783333333333,0.0,0.4395,0.0,0.0,0.0,115.52176470588256,0.0,10313.557927058822,10313.557927058822
2025-01-18,2025-01-18T05:10:00,True,664.4212088235294,664.4212088235294,566.9029499999999,0.0,0.4333,97.51825882352944,0.0,0.0,0.0,1.0,10313.557927058822,10401.324359999999
2025-01-18,2025-01-18T05:20:00,True,666.7843264705883,666.7843264705883,563.51055,0.0010166666666666666,0.4439,0.0,0.0,0.0,103.27479313725507,0.0,10401.324359999999,10401.324359999999
2025-01-18,2025-01-18T05:30:00,True,666.6798039215687,666.6798039215687,539.0433333333333,0.0,0.4301,0.0,0.0,0.0,127.6364705882354,0.0,10401.324359999999,10401.324359999999
2025-01-18,2025-01-18T05:40:00,True,1485.7133460784314,1485.7133460784314,542.8813666666666,0.0,0.3713,442.9729333333327,0.0,0.0,499.8590460784321,1.0,10401.324359999999,10799.999999999998
2025-01-18,2025-01-18T05:50:00,True,709.0276313725491,709.0276313725491,557.4939999999999,0.014166666666666668,0.5708,0.0,0.0,0.0,151.54779803921596,0.0,10799.999999999998,10799.999999999998
2025-01-18,2025-01-18T06:00:00,True,9.095701470589574,9.095701470589574,562.5783333333333,0.0,0.9099,0.0,553.4826318627438,0.0,0.0,0.0,10799.999999999998,10185.019297930283
2025-01-18,2025-01-18T06:10:00,True,0.0,0.0,554.8842833333333,0.0,0.9368,0.0,554.884283333332,0.0,0.0,0.0,10185.019297930283,9568.481205337692
2025-01-18,2025-01-18T06:20:00,True,798.1132588235295,798.1132588235295,540.6596833333333,0.19739999999999996,0.8758,0.0,0.0,0.0,257.6509754901962,0.0,9568.481205337692,9568.481205337692
2025-01-18,2025-01-18T06:30:00,True,800.1401995098038,800.1401995098038,533.31,0.0,0.8759,0.0,0.0,0.0,266.83019950980383,0.0,9568.481205337692,9568.481205337692
2025-01-18,2025-01-18T06:40:00,True,796.6915519607843,796.6915519607843,548.3691166666666,0.0,0.8601,0.0,0.0,0.0,248.32243529411767,0.0,9568.481205337692,9568.481205337692
2025-01-18,2025-01-18T06:50:00,True,793.2722328431373,793.2722328431373,589.5136666666666,3.5925666666666665,0.8442,0.0,0.0,0.0,207.3511328431374,0.0,9568.481205337692,9568.481205337692
2025-01-18,2025-01-18T07:00:00,True,796.2974578431372,796.2974578431372,643.96,22.762499999999996,0.8334,0.0,0.0,0.0,175.0999578431372,0.0,9568.481205337692,9568.481205337692
2025-01-18,2025-01-18T07:10:00,True,760.8879501633985,760.8879501633985,682.5885499999999,61.66313333333333,0.8092,0.0,0.0,0.0,139.9625334967319,0.0,9568.481205337692,9568.481205337692
2025-01-18,2025-01-18T07:20:00,True,726.8674660130719,726.8674660130719,667.5586999999999,110.80363333333334,0.7972,0.0,0.0,0.0,170.11239934640525,0.0,9568.481205337692,9568.481205337692
2025-01-18,2025-01-18T07:30:00,True,671.2976044117647,671.2976044117647,623.98,163.86249999999998,0.7644,0.0,0.0,0.0,211.18010441176466,0.0,9568.481205337692,9568.481205337692
2025-01-18,2025-01-18T07:40:00,True,1425.7104653594772,1425.7104653594772,619.1948,219.14728333333335,0.6899,0.0,0.0,0.0,1025.6629486928105,0.0,9568.481205337692,9568.481205337692
2025-01-18,2025-01-18T07:50:00,True,635.368416503268,635.368416503268,630.4033333333333,266.78135,0.86,0.0,0.0,0.0,271.7464331699347,0.0,9568.481205337692,9568.481205337692
2025-01-18,2025-01-18T08:00:00,True,0.0,0.0,631.0666666666666,311.1875,1.1617,0.0,319.8791666666666,0.0,0.0,0.0,9568.481205337692,9213.059909041396
2025-01-18,2025-01-18T08:10:00,True,0.0,0.0,621.8556833333333,366.0738833333333,1.1683,0.0,255.78180000000003,0.0,0.0,0.0,9213.059909041396,8928.857909041397
2025-01-18,2025-01-18T08:20:00,True,0.0,0.0,632.1364166666666,417.5146,1.0956,0.0,214.62181666666663,0.0,0.0,0.0,8928.857909041397,8690.389223856211
2025-01-18,2025-01-18T08:30:00,True,0.0,0.0,650.41,465.15625,1.0849,0.0,185.25374999999997,0.0,0.0,0.0,8690.389223856211,8484.551723856212
2025-01-18,2025-01-18T08:40:00,True,0.0,0.0,642.7212499999999,519.66545,1.061,0.0,123.05579999999998,0.0,0.0,0.0,8484.551723856212,8347.823057189546
2025-01-18,2025-01-18T08:50:00,True,0.0,0.0,672.6172666666666,554.914,1.043,0.0,117.70326666666665,0.0,0.0,0.0,8347.823057189546,8217.041649782139
2025-01-18,2025-01-18T09:00:00,True,0.0,0.0,738.2349999999999,575.6312499999999,1.036,0.0,162.60375,0.0,0.0,0.0,8217.041649782139,8036.370816448805
2025-01-18,2025-01-18T09:10:00,True,0.0,0.0,764.67775,617.0472333333332,1.0147,0.0,147.63051666666672,0.0,0.0,0.0,8036.370816448805,7872.336909041398
2025-01-18,2025-01-18T09:20:00,True,0.0,0.0,747.3351666666667,674.86915,0.9922,0.0,72.46601666666675,0.0,0.0,0.0,7872.336909041398,7791.819112745102
2025-01-18,2025-01-18T09:30:00,True,0.0,0.0,726.9200000000001,725.55,0.97,0.0,1.3700000000001182,0.0,0.0,0.0,7791.819112745102,7790.296890522879
2025-01-18,2025-01-18T09:40:00,True,0.0,0.0,743.8939499999999,746.0417833333332,0.9422,0.0,0.0,0.0,2.147833333333324,0.0,7790.296890522879,7790.296890522879
2025-01-18,2025-01-18T09:50:00,True,0.0,0.0,734.5613833333333,750.99425,0.9569,0.0,0.0,0.0,16.432866666666655,0.0,7790.296890522879,7790.296890522879
2025-01-18,2025-01-18T10:00:00,True,0.0,0.0,697.2333333333332,764.0749999999999,0.9977,0.0,0.0,0.0,66.8416666666667,0.0,7790.296890522879,7790.296890522879
2025-01-18,2025-01-18T10:10:00,True,0.0,0.0,698.8172666666666,798.3806,0.9919,0.0,0.0,0.0,99.56333333333339,0.0,7790.296890522879,7790.296890522879
2025-01-18,2025-01-18T10:20:00,True,0.0,0.0,727.0218833333333,828.198,0.9588,0.0,0.0,0.0,101.17611666666664,0.0,7790.296890522879,7790.296890522879
2025-01-18,2025-01-18T10:30:00,True,0.0,0.0,743.6783333333333,851.2375,0.9549,0.0,0.0,0.0,107.55916666666667,0.0,7790.296890522879,7790.296890522879
2025-01-18,2025-01-18T10:40:00,True,0.0,0.0,719.6660833333333,883.5751499999999,0.9839,0.0,0.0,0.0,163.9090666666666,0.0,7790.296890522879,7790.296890522879
2025-01-18,2025-01-18T10:50:00,True,208.7043573529411,208.7043573529411,682.6373,885.2261,0.799,0.0,0.0,0.0,411.2931573529411,0.0,7790.296890522879,7790.296890522879
2025-01-18,2025-01-18T11:00:00,True,1025.01855,1025.01855,677.935,869.1062499999999,0.5025,0.0,0.0,0.0,1216.1898,0.0,7790.296890522879,7790.296890522879
2025-01-18,2025-01-18T11:10:00,True,1012.4360073529413,1012.4360073529413,723.6699833333333,894.25785,0.4662,0.0,0.0,0.0,1183.0238740196078,0.0,7790.296890522879,7790.296890522879
2025-01-18,2025-01-18T11:20:00,True,999.2329303921568,999.2329303921568,721.3532166666666,935.6315666666666,0.5007,0.0,0.0,0.0,1213.5112803921568,0.0,7790.296890522879,7790.296890522879
2025-01-18,2025-01-18T11:30:00,True,989.7385544117645,989.7385544117645,681.9749999999999,958.3062499999999,0.4827,0.0,0.0,0.0,1266.0698044117644,0.0,7790.296890522879,7790.296890522879
2025-01-18,2025-01-18T11:40:00,True,981.3110392156862,981.3110392156862,711.0658166666667,950.3349333333333,0.4785,0.0,0.0,0.0,1220.5801558823528,0.0,7790.296890522879,7790.296890522879
2025-01-18,2025-01-18T11:50:00,True,951.4445259803922,951.4445259803922,740.7286,942.8706833333333,0.4662,0.0,0.0,0.0,1153.5866093137256,0.0,7790.296890522879,7790.296890522879
2025-01-18,2025-01-18T12:00:00,True,909.0764999999999,909.0764999999999,728.2516666666667,949.6125,0.4432,0.0,0.0,0.0,1130.4373333333333,0.0,7790.296890522879,7790.296890522879
2025-01-18,2025-01-18T12:10:00,True,912.9030988562092,912.9030988562092,701.1681666666666,960.4332666666666,0.4411,427.1943159275947,0.0,0.0,744.9738829286143,1.0,7790.296890522879,8174.771774857714
2025-01-18,2025-01-18T12:20:00,True,923.6380437908497,923.6380437908497,686.56985,981.4428333333333,0.4551,0.0,0.0,0.0,1218.5110271241829,0.0,8174.771774857714,8174.771774857714
2025-01-18,2025-01-18T12:30:00,True,930.9002446078431,930.9002446078431,684.3683333333333,1003.7375,0.4463,551.7456833333321,0.0,0.0,698.5237279411778,1.0,8174.771774857714,8671.342889857713
2025-01-18,2025-01-18T12:40:00,True,941.8770591503268,941.8770591503268,677.2975333333333,1006.1721833333332,0.4113,-0.0,0.0,0.0,1270.7517091503269,0.0,8671.342889857713,8671.342889857713
2025-01-18,2025-01-18T12:50:00,True,969.8876785947713,969.8876785947713,683.1602666666665,996.4612666666667,0.5682,0.0,0.0,0.0,1283.1886785947713,0.0,8671.342889857713,8671.342889857713
2025-01-18,2025-01-18T13:00:00,True,171.65526372549016,171.65526372549016,696.5166666666667,996.53125,0.8279,0.0,0.0,0.0,471.6698470588235,0.0,8671.342889857713,8671.342889857713
2025-01-18,2025-01-18T13:10:00,True,190.18745114379078,190.18745114379078,688.0187666666667,1015.1251333333332,0.8636,0.0,0.0,0.0,517.2938178104573,0.0,8671.342889857713,8671.342889857713
2025-01-18,2025-01-18T13:20:00,True,205.90864934640524,205.90864934640524,662.4071833333333,985.1408333333334,0.8416,312.22609444444464,0.0,0.0,216.41620490196073,1.0,8671.342889857713,8952.346374857712
2025-01-18,2025-01-18T13:30:00,True,220.97012205882345,220.97012205882345,645.26,912.0249999999999,0.8618,0.0,0.0,0.0,487.7351220588233,0.0,8952.346374857712,8952.346374857712
2025-01-18,2025-01-18T13:40:00,True,223.52124575163384,223.52124575163384,661.3787666666666,871.3019666666667,0.8623,0.0,0.0,0.0,433.4444457516339,0.0,8952.346374857712,8952.346374857712
2025-01-18,2025-01-18T13:50:00,True,53.50072238562208,53.50072238562208,685.0104166666666,852.7453,0.9026,221.2356057189555,0.0,0.0,0.0,1.0,8952.346374857712,9151.458420004772
2025-01-18,2025-01-18T14:00:00,True,0.0,0.0,686.56,829.9875,0.9754,0.0,0.0,0.0,143.4275,0.0,9151.458420004772,9151.458420004772
2025-01-18,2025-01-18T14:10:00,True,0.0,0.0,655.9648,791.9124499999999,1.0002,0.0,0.0,0.0,135.94764999999995,0.0,9151.458420004772,9151.458420004772
2025-01-18,2025-01-18T14:20:00,True,0.0,0.0,624.8686166666666,761.6870666666666,0.9978,136.81844999999998,0.0,0.0,0.0,1.0,9151.458420004772,9274.595025004772
2025-01-18,2025-01-18T14:30:00,True,0.0,0.0,619.105,736.63125,1.0271,0.0,0.0,0.0,117.52625,0.0,9274.595025004772,9274.595025004772
2025-01-18,2025-01-18T14:40:00,True,0.0,0.0,637.1694,691.7595333333334,1.0906,0.0,0.0,0.0,54.59013333333337,0.0,9274.595025004772,9274.595025004772
2025-01-18,2025-01-18T14:50:00,True,0.0,0.0,635.2857833333333,648.8711166666667,0.9376,0.0,0.0,0.0,13.585333333333438,0.0,9274.595025004772,9274.595025004772
2025-01-18,2025-01-18T15:00:00,True,1269.4737,1269.4737,616.7483333333332,610.2562499999999,0.6694,0.0,0.0,0.0,1262.9816166666667,0.0,9274.595025004772,9274.595025004772
2025-01-18,2025-01-18T15:10:00,True,1307.463475980392,1307.463475980392,622.8273833333333,554.5324499999999,0.66,568.2317227446968,0.0,0.0,670.936819902362,1.0,9274.595025004772,9786.003575474999
2025-01-18,2025-01-18T15:20:00,True,1341.4213264705884,1341.4213264705884,619.6244333333333,491.6920333333333,0.7217,0.0,0.0,0.0,1213.4889264705885,0.0,9786.003575474999,9786.003575474999
2025-01-18,2025-01-18T15:30:00,True,1371.8067730392154,1371.8067730392154,616.8183333333333,433.91249999999997,0.7308,833.3333333333334,0.0,0.0,355.56760637254877,1.0,9786.003575474999,10536.003575474999
2025-01-18,2025-01-18T15:40:00,True,579.0279039215686,585.5582316993464,657.84435,385.0182,0.7534,123.8396833333334,0.0,0.0,188.892398366013,1.0,10536.003575474999,10647.459290474999
2025-01-18,2025-01-18T15:50:00,True,621.2015720588236,630.7853109477124,672.5232833333333,339.51321666666666,0.7823,0.0,0.0,0.0,297.7752442810458,0.0,10647.459290474999,10647.459290474999
2025-01-18,2025-01-18T16:00:00,True,658.4090617647059,671.046211764706,638.1016666666667,291.23125,0.8055,82.62788333333245,0.0,0.0,241.5479117647068,1.0,10647.459290474999,10721.824385474998
2025-01-18,2025-01-18T16:10:00,True,696.1007700980393,706.5872312091501,604.5478166666667,237.46826666666666,0.8271,0.0,0.0,0.0,339.50768120915006,0.0,10721.824385474998,10721.824385474998
2025-01-18,2025-01-18T16:20:00,True,731.2346343137252,739.570406535948,604.6898666666666,183.01651666666663,0.8519,54.06208333333375,0.0,0.0,263.83497320261426,1.0,10721.824385474998,10770.480260474998
2025-01-18,2025-01-18T16:30:00,True,770.1648299019608,776.3499132352943,622.0749999999999,135.0375,0.8791,-0.0,0.0,0.0,289.31241323529434,0.0,10770.480260474998,10770.480260474998
2025-01-18,2025-01-18T16:40:00,True,816.6049705882357,820.6393650326796,605.4765833333333,97.13158333333332,0.9024,27.04233558333524,0.0,0.0,285.2520294493444,1.0,10770.480260474998,10794.8183625
2025-01-18,2025-01-18T16:50:00,True,844.9175661764701,846.0443739820282,543.1114,57.471016666666664,0.9163,0.0,0.0,0.0,360.4039906486949,0.0,10794.8183625,10794.8183625
2025-01-18,2025-01-18T17:00:00,True,861.8635392156859,861.8635392156859,477.1966666666666,20.099999999999998,0.9264,-0.0,0.0,0.0,404.76687254901935,0.0,10794.8183625,10794.8183625
2025-01-18,2025-01-18T17:10:00,True,860.463410457516,860.463410457516,467.59361666666666,2.7629,0.9462,3.454424999999901,0.0,0.0,392.1782687908495,1.0,10794.8183625,10797.927345
2025-01-18,2025-01-18T17:20:00,True,862.2028571895422,862.2028571895422,472.0541333333333,0.0,0.9742,1.535299999999956,0.0,0.0,388.61342385620895,1.0,10797.927345,10799.309115
2025-01-18,2025-01-18T17:30:00,True,869.5383382352941,869.5383382352941,466.275,0.0,0.9862,0.767649999999978,0.0,0.0,402.4956882352941,1.0,10799.309115,10800.0
2025-01-18,2025-01-18T17:40:00,True,887.5543741830064,887.5543741830064,464.9513,0.14491666666666667,0.976,0.0,0.0,0.0,422.7479908496726,0.0,10800.0,10800.0
2025-01-18,2025-01-18T17:50:00,True,802.0579836601307,802.0579836601307,463.7437333333333,0.0,1.0742,0.0,1.6370904631912707e-12,0.0,338.31425032679806,0.0,10800.0,10799.999999999998
2025-01-18,2025-01-18T18:00:00,True,661.0160784313726,661.0160784313726,470.83500000000004,0.0,1.2313,0.0,0.0,0.0,190.18107843137372,0.0,10799.999999999998,10799.999999999998
2025-01-18,2025-01-18T18:10:00,True,0.0,0.0,496.2562833333333,0.0104,1.2561,0.0,496.24588333333213,0.0,0.0,0.0,10799.999999999998,10248.615685185185
2025-01-18,2025-01-18T18:20:00,True,658.4878509803921,658.4878509803921,489.35884999999996,0.0,1.2447,169.1290009803921,0.0,0.0,0.0,1.0,10248.615685185185,10400.831786067538
2025-01-18,2025-01-18T18:30:00,True,550.7354833333316,550.7354833333316,451.94333333333327,0.0,1.2545,98.79214999999829,0.0,0.0,0.0,1.0,10400.831786067538,10489.744721067536
2025-01-18,2025-01-18T18:40:00,True,656.4259656862746,656.4259656862746,439.57056666666665,0.0007499999999999999,1.2522,216.85614901960793,0.0,0.0,0.0,1.0,10489.744721067536,10684.915255185184
2025-01-18,2025-01-18T18:50:00,True,0.0,0.0,450.85645,0.0,1.2881,0.0,450.85644999999874,0.0,0.0,0.0,10684.915255185184,10183.963644074074
2025-01-18,2025-01-18T19:00:00,True,0.0,0.0,452.885,0.0,1.3466,0.0,452.88500000000056,0.0,0.0,0.0,10183.963644074074,9680.758088518518
2025-01-18,2025-01-18T19:10:00,True,0.0,0.0,423.35245,0.0,1.3523,0.0,423.35245,0.0,0.0,0.0,9680.758088518518,9210.366477407408
2025-01-18,2025-01-18T19:20:00,True,0.0,0.0,442.8923666666667,0.0,1.3445,0.0,442.8923666666667,0.0,0.0,0.0,9210.366477407408,8718.263847777778
2025-01-18,2025-01-18T19:30:00,True,0.0,0.0,488.08666666666664,0.0,1.3483,0.0,488.08666666666664,0.0,0.0,0.0,8718.263847777778,8175.94532925926
2025-01-18,2025-01-18T19:40:00,True,0.0,0.0,456.3230166666666,0.0,1.349,0.0,456.3230166666666,0.0,0.0,0.0,8175.94532925926,7668.919755185186
2025-01-18,2025-01-18T19:50:00,True,0.0,0.0,442.85996666666665,0.0,1.3473,0.0,442.85996666666665,0.0,0.0,0.0,7668.919755185186,7176.853125555556
2025-01-18,2025-01-18T20:00:00,True,0.0,0.0,475.01666666666665,0.0,1.3482,0.0,475.01666666666665,0.0,0.0,0.0,7176.853125555556,6649.05682925926
2025-01-18,2025-01-18T20:10:00,True,0.0,0.0,480.7563,0.0,1.3513,0.0,480.7563,0.0,0.0,0.0,6649.05682925926,6114.883162592593
2025-01-18,2025-01-18T20:20:00,True,0.0,0.0,465.90559999999994,0.0,1.34,0.0,465.90559999999994,0.0,0.0,0.0,6114.883162592593,5597.210273703704
2025-01-18,2025-01-18T20:30:00,True,0.0,0.0,455.83666666666664,0.0,1.3489,0.0,455.83666666666664,0.0,0.0,0.0,5597.210273703704,5090.7250885185185
2025-01-18,2025-01-18T20:40:00,True,0.0,0.0,470.4037166666667,0.0,1.3952,0.0,470.4037166666667,0.0,0.0,0.0,5090.7250885185185,4568.054292222222
2025-01-18,2025-01-18T20:50:00,True,671.2355303921568,671.2355303921568,510.70525,0.0,1.2226,160.53028039215658,0.0,0.0,1.9895196601282805e-13,1.0,4568.054292222222,4712.531544575163
2025-01-18,2025-01-18T21:00:00,True,674.8716666666667,674.8716666666667,536.9866666666667,0.0,0.9332,137.88499999999962,0.0,0.0,3.694822225952521e-13,1.0,4712.531544575163,4836.628044575163
2025-01-18,2025-01-18T21:10:00,True,674.903631372549,674.903631372549,502.38898333333333,0.0,0.9068,172.5146480392161,0.0,0.0,-4.831690603168681e-13,1.0,4836.628044575163,4991.891227810457
2025-01-18,2025-01-18T21:20:00,True,667.5584009803922,667.5584009803922,473.46075,0.0,0.9371,194.09765098039213,0.0,0.0,5.684341886080802e-14,1.0,4991.891227810457,5166.57911369281
2025-01-18,2025-01-18T21:30:00,True,671.4110784313726,671.4110784313726,479.8566666666666,0.0,0.9371,191.55441176470555,0.0,0.0,4.547473508864641e-13,1.0,5166.57911369281,5338.978084281045
2025-01-18,2025-01-18T21:40:00,True,696.1631666666667,696.1631666666667,485.7930833333333,0.0,0.9871,210.37008333333384,0.0,0.0,-4.263256414560601e-13,1.0,5338.978084281045,5528.311159281046
2025-01-18,2025-01-18T21:50:00,True,630.4640156862745,630.4640156862745,458.6473,0.0,0.7764,171.81671568627482,0.0,0.0,-3.126388037344441e-13,1.0,5528.311159281046,5682.946203398693
2025-01-18,2025-01-18T22:00:00,True,514.9506862745098,514.9506862745098,420.56,0.0,0.4209,94.39068627450979,0.0,0.0,5.684341886080802e-14,1.0,5682.946203398693,5767.897821045752
2025-01-18,2025-01-18T22:10:00,True,509.95815294117637,509.95815294117637,426.24619999999993,0.0,0.3859,83.71195294117643,0.0,0.0,0.0,1.0,5767.897821045752,5843.238578692811
2025-01-18,2025-01-18T22:20:00,True,528.9681294117648,528.9681294117648,448.3535499999999,0.0,0.4368,80.61457941176491,0.0,0.0,0.0,1.0,5843.238578692811,5915.7917001634
2025-01-18,2025-01-18T22:30:00,True,521.5376470588235,521.5376470588235,453.03666666666663,0.0,0.4198,68.50098039215686,0.0,0.0,0.0,1.0,5915.7917001634,5977.442582516341
2025-01-18,2025-01-18T22:40:00,True,525.189688235294,525.189688235294,429.5550666666666,0.0,0.4186,95.63462156862744,0.0,0.0,0.0,1.0,5977.442582516341,6063.513741928105
2025-01-18,2025-01-18T22:50:00,True,530.887782352941,530.887782352941,401.0564333333333,0.0,0.4241,129.83134901960773,0.0,0.0,0.0,1.0,6063.513741928105,6180.361956045753
2025-01-18,2025-01-18T23:00:00,True,534.0006862745098,534.0006862745098,396.83,0.0,0.4237,137.17068627450982,0.0,0.0,0.0,1.0,6180.361956045753,6303.815573692812
2025-01-18,2025-01-18T23:10:00,True,543.066431372549,543.066431372549,427.9829333333333,0.0,0.4248,115.08349803921567,0.0,0.0,5.684341886080802e-14,1.0,6303.815573692812,6407.390721928106
2025-01-18,2025-01-18T23:20:00,True,551.1126088235295,551.1126088235295,443.68833333333333,0.0,0.424,107.42427549019618,0.0,0.0,0.0,1.0,6407.390721928106,6504.072569869283
2025-01-18,2025-01-18T23:30:00,True,555.7333333333333,555.7333333333333,425.77,0.0,0.422,129.96333333333337,0.0,0.0,0.0,1.0,6504.072569869283,6621.039569869283
2025-01-18,2025-01-18T23:40:00,True,559.8846950980392,559.8846950980392,417.64348333333334,0.0,0.424,142.24121176470584,0.0,0.0,0.0,1.0,6621.039569869283,6749.056660457518
2025-01-18,2025-01-18T23:50:00,True,554.2938637254903,554.2938637254903,509.3992166666667,0.0,0.4271,44.89464705882358,0.0,0.0,0.0,1.0,6749.056660457518,6789.4618428104595
2025-01-18,2025-01-19T00:00:00,True,552.426875,552.426875,637.3183333333333,0.0,0.4276,0.0,84.89145833333328,0.0,0.0,0.0,6789.4618428104595,6695.138000217867
2025-01-19,2025-01-19T00:10:00,True,1388.1767555555555,1388.1767555555555,636.8644666666667,0.0,0.4248,751.3122888888888,0.0,0.0,0.0,1.0,6695.138000217867,7371.3190602178665
2025-01-19,2025-01-19T00:20:00,True,1395.9268333333332,1395.9268333333332,596.6740666666667,0.0,0.4245,799.2527666666665,0.0,0.0,0.0,1.0,7371.3190602178665,8090.646550217866
2025-01-19,2025-01-19T00:30:00,True,1396.9676851851855,1396.9676851851855,594.1733333333333,0.0,0.4269,802.7943518518522,0.0,0.0,0.0,1.0,8090.646550217866,8813.161466884532
2025-01-19,2025-01-19T00:40:00,True,954.4253608690369,954.4253608690369,620.6631,0.0,0.4272,333.7622608690368,0.0,0.0,1.1368683772161603e-13,1.0,8813.161466884532,9113.547501666666
2025-01-19,2025-01-19T00:50:00,True,1391.346613888889,1391.346613888889,630.5255999999999,0.0,0.4271,760.821013888889,0.0,0.0,0.0,1.0,9113.547501666666,9798.286414166667
2025-01-19,2025-01-19T01:00:00,True,566.2989814814814,566.2989814814814,622.4983333333332,0.0,0.4285,0.0,0.0,56.199351851851816,0.0,0.0,9798.286414166667,9798.286414166667
2025-01-19,2025-01-19T01:10:00,True,587.7176601851851,587.7176601851851,633.7338833333333,0.0,0.4311,0.0,0.0,46.01622314814824,0.0,0.0,9798.286414166667,9798.286414166667
2025-01-19,2025-01-19T01:20:00,True,592.2772157407408,592.2772157407408,644.9927,0.0,0.4302,0.0,0.0,52.715484259259256,0.0,0.0,9798.286414166667,9798.286414166667
2025-01-19,2025-01-19T01:30:00,True,581.4103703703704,581.4103703703704,643.5749999999999,0.0,0.4279,0.0,1.1368683772161603e-13,62.16462962962942,0.0,0.0,9798.286414166667,9798.286414166667
2025-01-19,2025-01-19T01:40:00,True,585.581600925926,585.581600925926,639.2107166666666,0.0,0.4312,0.0,-6.821210263296962e-13,53.62911574074133,0.0,0.0,9798.286414166667,9798.286414166667
2025-01-19,2025-01-19T01:50:00,True,593.5078601851851,593.5078601851851,645.66005,0.0,0.4333,0.0,0.0,52.15218981481485,0.0,0.0,9798.286414166667,9798.286414166667
2025-01-19,2025-01-19T02:00:00,True,597.7053703703702,597.7053703703702,658.8316666666666,0.0,0.4311,0.0,-1.1368683772161603e-13,61.12629629629646,0.0,0.0,9798.286414166667,9798.286414166667
2025-01-19,2025-01-19T02:10:00,True,603.1990157407407,603.1990157407407,664.1026666666667,0.0,0.4293,0.0,-6.394884621840902e-14,60.90365092592601,0.0,0.0,9798.286414166667,9798.286414166667
2025-01-19,2025-01-19T02:20:00,True,606.685325925926,606.685325925926,677.4254666666666,0.0,0.4324,0.0,-5.400124791776761e-13,70.74014074074111,0.0,0.0,9798.286414166667,9798.286414166667
2025-01-19,2025-01-19T02:30:00,True,609.9787037037037,609.9787037037037,681.605,0.0,0.4367,0.0,0.0,71.62629629629635,0.0,0.0,9798.286414166667,9798.286414166667
2025-01-19,2025-01-19T02:40:00,True,618.5355694444443,618.5355694444443,644.0834166666666,0.0,0.4348,0.0,0.0,25.547847222222344,0.0,0.0,9798.286414166667,9798.286414166667
2025-01-19,2025-01-19T02:50:00,True,623.4017851851853,623.4017851851853,631.6821833333333,0.0,0.4335,0.0,2.3092638912203256e-14,8.280398148148015,0.0,0.0,9798.286414166667,9798.286414166667
2025-01-19,2025-01-19T03:00:00,True,622.5440740740742,622.5440740740742,664.775,0.0,0.4357,0.0,0.0,42.23092592592582,0.0,0.0,9798.286414166667,9798.286414166667
2025-01-19,2025-01-19T03:10:00,True,624.1179166666667,624.1179166666667,695.7839,0.0,0.4374,0.0,0.0,71.66598333333332,0.0,0.0,9798.286414166667,9798.286414166667
2025-01-19,2025-01-19T03:20:00,True,633.8894240740741,633.8894240740741,693.5707666666667,0.0,0.4371,0.0,0.0,59.681342592592614,0.0,0.0,9798.286414166667,9798.286414166667
2025-01-19,2025-01-19T03:30:00,True,640.3749074074074,640.3749074074074,660.8933333333333,0.0,0.4356,0.0,0.0,20.518425925925953,0.0,0.0,9798.286414166667,9798.286414166667
2025-01-19,2025-01-19T03:40:00,True,628.1748999999999,628.1748999999999,632.5577999999999,0.0,0.4353,0.0,0.0,4.382900000000063,0.0,0.0,9798.286414166667,9798.286414166667
2025-01-19,2025-01-19T03:50:00,True,630.4607583333333,630.4607583333333,652.2090833333333,0.0,0.436,0.0,0.0,21.748325000000023,0.0,0.0,9798.286414166667,9798.286414166667
2025-01-19,2025-01-19T04:00:00,True,649.282222222222,649.282222222222,688.81,0.0,0.4378,0.0,-3.410605131648481e-13,39.52777777777828,0.0,0.0,9798.286414166667,9798.286414166667
2025-01-19,2025-01-19T04:10:00,True,651.8546722222222,651.8546722222222,670.3373999999999,0.0,0.4401,0.0,0.0,18.482727777777654,0.0,0.0,9798.286414166667,9798.286414166667
2025-01-19,2025-01-19T04:20:00,True,640.166673148148,640.166673148148,663.4198666666666,0.0,0.4389,0.0,0.0,23.25319351851863,0.0,0.0,9798.286414166667,9798.286414166667
2025-01-19,2025-01-19T04:30:00,True,632.8018518518519,632.8018518518519,686.0949999999999,0.0,0.4364,0.0,0.0,53.29314814814802,0.0,0.0,9798.286414166667,9798.286414166667
2025-01-19,2025-01-19T04:40:00,True,646.3619462962963,646.3619462962963,687.2981333333333,0.0,0.4393,0.0,0.0,40.93618703703703,0.0,0.0,9798.286414166667,9798.286414166667
2025-01-19,2025-01-19T04:50:00,True,660.5685712962963,660.5685712962963,675.9187333333333,0.0,0.4422,0.0,0.0,15.350162037036966,0.0,0.0,9798.286414166667,9798.286414166667
2025-01-19,2025-01-19T05:00:00,True,662.7822222222225,662.7822222222225,676.3333333333333,0.0,0.4395,0.0,0.0,13.5511111111108,0.0,0.0,9798.286414166667,9798.286414166667
2025-01-19,2025-01-19T05:10:00,True,659.0035277777777,659.0035277777777,702.3887500000001,0.0,0.4333,0.0,0.0,43.38522222222241,0.0,0.0,9798.286414166667,9798.286414166667
2025-01-19,2025-01-19T05:20:00,True,661.0468944444445,661.0468944444445,727.3856000000001,0.0011166666666666666,0.4439,0.0,0.0,66.33758888888883,0.0,0.0,9798.286414166667,9798.286414166667
2025-01-19,2025-01-19T05:30:00,True,659.588888888889,659.588888888889,711.5383333333332,0.0,0.4301,0.0,0.0,51.949444444444225,0.0,0.0,9798.286414166667,9798.286414166667
2025-01-19,2025-01-19T05:40:00,True,1479.630087962963,1479.630087962963,656.88555,0.0,0.3713,822.744537962963,0.0,0.0,0.0,1.0,9798.286414166667,10538.756498333334
2025-01-19,2025-01-19T05:50:00,True,700.6090962962965,700.6090962962965,733.0546999999999,0.0156,0.5708,0.0,0.0,32.43000370370282,0.0,0.0,10538.756498333334,10538.756498333334
2025-01-19,2025-01-19T06:00:00,True,0.0,56.06666666666649,889.3999999999999,0.0,0.9099,0.0,833.3333333333343,-9.094947017729282e-13,0.0,0.0,10538.756498333334,9612.830572407407
2025-01-19,2025-01-19T06:10:00,True,0.0,0.0,901.9759333333333,0.0,0.9368,0.0,833.3333333333334,68.6425999999999,0.0,0.0,9612.830572407407,8686.904646481482
2025-01-19,2025-01-19T06:20:00,True,436.4885865925907,766.6966740740742,895.45745,0.21725,0.8758,0.0,0.0,128.5435259259258,0.0,0.0,8686.904646481482,8686.904646481482
2025-01-19,2025-01-19T06:30:00,True,0.0,717.4542733148121,925.4716666666666,0.0,0.8759,0.0,0.0,208.01739335185448,0.0,0.0,8686.904646481482,8686.904646481482
2025-01-19,2025-01-19T06:40:00,True,780.8667555555556,780.8667555555556,916.3925333333333,0.0,0.8601,0.0,0.0,135.52577777777765,0.0,0.0,8686.904646481482,8686.904646481482
2025-01-19,2025-01-19T06:50:00,True,779.4159305555555,779.4159305555555,901.9587166666666,3.9136666666666664,0.8442,0.0,0.0,118.62911944444443,0.0,0.0,8686.904646481482,8686.904646481482
2025-01-19,2025-01-19T07:00:00,True,784.7906074074075,784.7906074074075,900.415,23.96875,0.8334,0.0,0.0,91.65564259259247,0.0,0.0,8686.904646481482,8686.904646481482
2025-01-19,2025-01-19T07:10:00,True,752.5314222222221,754.9516111111111,892.1807333333333,62.713166666666666,0.8092,0.0,0.0,74.51595555555548,0.0,0.0,8686.904646481482,8686.904646481482
2025-01-19,2025-01-19T07:20:00,True,718.6030703703703,723.6790814814815,883.5705666666665,107.29915,0.7972,0.0,0.0,52.59233518518499,0.0,0.0,8686.904646481482,8686.904646481482
2025-01-19,2025-01-19T07:30:00,True,662.7364814814815,670.4683148148149,862.0183333333332,153.21249999999998,0.7644,0.0,0.0,38.33751851851832,0.0,0.0,8686.904646481482,8686.904646481482
2025-01-19,2025-01-19T07:40:00,True,1420.3050657407407,1430.6927212962964,838.1328333333332,203.96576666666664,0.6899,796.5256546296298,0.0,0.0,0.0,1.0,8686.904646481482,9403.77773564815
2025-01-19,2025-01-19T07:50:00,True,627.2344055555556,640.2778833333333,1002.9044,246.14671666666666,0.86,0.0,0.0,116.47980000000007,0.0,0.0,9403.77773564815,9403.77773564815
2025-01-19,2025-01-19T08:00:00,True,0.0,0.0,1235.6033333333332,281.73125,1.1617,0.0,833.3333333333334,120.53874999999982,0.0,0.0,9403.77773564815,8477.851809722224
2025-01-19,2025-01-19T08:10:00,True,0.0,0.0,1207.69265,328.42235,1.1683,0.0,833.3333333333334,45.936966666666535,0.0,0.0,8477.851809722224,7551.925883796298
2025-01-19,2025-01-19T08:20:00,True,0.0,0.0,1173.9216666666666,387.58026666666666,1.0956,0.0,786.3414,0.0,0.0,0.0,7551.925883796298,6678.213217129632
2025-01-19,2025-01-19T08:30:00,True,0.0,0.0,1222.9683333333332,451.13749999999993,1.0849,0.0,771.8308333333333,0.0,0.0,0.0,6678.213217129632,5820.623402314817
2025-01-19,2025-01-19T08:40:00,True,0.0,0.0,1190.5599166666666,508.62269999999995,1.061,0.0,681.9372166666667,0.0,0.0,0.0,5820.623402314817,5062.915383796299
2025-01-19,2025-01-19T08:50:00,True,0.0,0.0,1159.6565333333333,560.2037,1.043,0.0,599.4528333333333,0.0,0.0,0.0,5062.915383796299,4396.856680092595
2025-01-19,2025-01-19T09:00:00,True,0.0,0.0,1182.21,603.1875,1.036,0.0,579.0225,0.0,0.0,0.0,4396.856680092595,3753.498346759261
2025-01-19,2025-01-19T09:10:00,True,0.0,0.0,1213.3816833333333,632.8914166666666,1.0147,0.0,580.4902666666667,0.0,0.0,0.0,3753.498346759261,3108.5091615740757
2025-01-19,2025-01-19T09:20:00,True,0.0,0.0,1208.6565333333333,658.8009833333333,0.9922,0.0,549.85555,0.0,0.0,0.0,3108.5091615740757,2497.5585504629644
2025-01-19,2025-01-19T09:30:00,True,0.0,0.0,1177.8316666666665,689.88125,0.97,0.0,427.05161671296275,60.89879995370372,0.0,0.0,2497.5585504629644,2023.056754115228
2025-01-19,2025-01-19T09:40:00,True,0.0,0.0,1172.4404333333332,727.9133833333333,0.9422,0.0,0.0,444.5270499999999,0.0,0.0,2023.056754115228,2023.056754115228
2025-01-19,2025-01-19T09:50:00,True,0.0,0.0,1196.8093,762.8245333333332,0.9569,0.0,0.0,433.9847666666667,0.0,0.0,2023.056754115228,2023.056754115228
2025-01-19,2025-01-19T10:00:00,True,0.0,0.0,1209.69,790.4187499999999,0.9977,0.0,419.27125000000024,0.0,0.0,0.0,2023.056754115228,1557.1998096707832
2025-01-19,2025-01-19T10:10:00,True,0.0,0.0,1168.7817499999999,814.8189,0.9919,0.0,306.17006203703824,47.79278796296174,0.0,0.0,1557.1998096707832,1217.0108518518518
2025-01-19,2025-01-19T10:20:00,True,0.0,0.0,1156.0250166666665,838.6614333333333,0.9588,0.0,0.0,317.36358333333317,0.0,0.0,1217.0108518518518,1217.0108518518518
2025-01-19,2025-01-19T10:30:00,True,0.0,0.0,1186.8833333333332,873.64375,0.9549,0.0,0.0,313.23958333333326,0.0,0.0,1217.0108518518518,1217.0108518518518
2025-01-19,2025-01-19T10:40:00,True,0.0,0.0,1198.5510166666666,929.2312666666667,0.9839,0.0,0.0,269.3197499999999,0.0,0.0,1217.0108518518518,1217.0108518518518
2025-01-19,2025-01-19T10:50:00,True,37.49394259259225,96.2713925925924,1204.87735,969.5083500000001,0.799,0.0,0.0,139.09760740740754,0.0,0.0,1217.0108518518518,1217.0108518518518
2025-01-19,2025-01-19T11:00:00,True,833.8623518518522,900.9518185185187,1197.2649999999999,984.9624999999999,0.5025,688.6493185185187,0.0,0.0,0.0,1.0,1217.0108518518518,1836.7952385185185
2025-01-19,2025-01-19T11:10:00,True,815.9335611111112,883.0132277777777,1152.5289166666666,997.9167333333332,0.4662,728.4010444444443,0.0,0.0,0.0,1.0,1836.7952385185185,2492.3561785185184
2025-01-19,2025-01-19T11:20:00,True,794.7491685185184,861.8190351851854,1154.4774,1007.0467333333332,0.5007,714.3883685185186,0.0,0.0,0.0,1.0,2492.3561785185184,3135.305710185185
2025-01-19,2025-01-19T11:30:00,True,775.0084685185183,842.068535185185,1191.2816666666665,1014.31875,0.4827,665.1056185185186,0.0,0.0,0.0,1.0,3135.305710185185,3733.9007668518516
2025-01-19,2025-01-19T11:40:00,True,760.0791944444444,827.1294611111108,1166.7334,1027.4644666666666,0.4785,687.8605277777773,0.0,0.0,0.0,1.0,3733.9007668518516,4352.975241851851
2025-01-19,2025-01-19T11:50:00,True,724.9337537037035,791.9742203703703,1135.0527499999998,1038.9538166666666,0.4662,695.8752870370371,0.0,0.0,0.0,1.0,4352.975241851851,4979.263000185185
2025-01-19,2025-01-19T12:00:00,True,675.6402333333332,903.0341666666667,1110.4383333333333,1040.7375,0.4432,833.3333333333334,0.0,0.0,0.0,1.0,4979.263000185185,5729.263000185185
2025-01-19,2025-01-19T12:10:00,True,682.2056435185185,878.7731546296296,1056.8759499999999,1031.6048333333333,0.4411,833.3333333333334,0.0,0.0,20.1687046296297,1.0,5729.263000185185,6479.263000185185
2025-01-19,2025-01-19T12:20:00,True,695.9892240740742,873.9818629629629,1048.5315,1023.1428999999999,0.4551,833.3333333333343,0.0,0.0,15.25992962962846,1.0,6479.263000185185,7229.263000185186
2025-01-19,2025-01-19T12:30:00,True,707.1817018518519,866.5994685185184,1076.8916666666667,1008.50625,0.4463,798.2140518518518,0.0,0.0,0.0,1.0,7229.263000185186,7947.655646851852
2025-01-19,2025-01-19T12:40:00,True,721.6119101851853,862.4548046296297,1063.03155,971.0726500000001,0.4113,770.4959046296299,0.0,0.0,0.0,1.0,7947.655646851852,8641.10196101852
2025-01-19,2025-01-19T12:50:00,True,752.8481305555555,875.1161527777775,1085.1525666666666,939.9260999999999,0.5682,729.8896861111108,0.0,0.0,0.0,1.0,8641.10196101852,9298.002678518518
2025-01-19,2025-01-19T13:00:00,True,0.0,61.55687592592585,1134.655,920.21875,0.8279,0.0,0.0,152.87937407407412,0.0,0.0,9298.002678518518,9298.002678518518
2025-01-19,2025-01-19T13:10:00,True,0.0,91.2087416666667,1119.7907333333333,891.8814166666666,0.8636,0.0,0.0,136.70057499999996,0.0,0.0,9298.002678518518,9298.002678518518
2025-01-19,2025-01-19T13:20:00,True,1.70822407407411,117.25502407407384,1120.4868333333334,874.5335166666666,0.8416,0.0,0.0,128.6982925925929,0.0,0.0,9298.002678518518,9298.002678518518
2025-01-19,2025-01-19T13:30:00,True,21.6748518518516,143.14847685185157,1148.475,856.95625,0.8618,0.0,0.0,148.37027314814839,0.0,0.0,9298.002678518518,9298.002678518518
2025-01-19,2025-01-19T13:40:00,True,31.674258333333114,159.0747083333332,1131.4715666666666,807.1357833333333,0.8623,0.0,0.0,165.26107500000012,0.0,0.0,9298.002678518518,9298.002678518518
2025-01-19,2025-01-19T13:50:00,True,0.0,183.41209259259244,1109.1229166666667,771.8305999999999,0.9026,0.0,0.0,153.88022407407436,0.0,0.0,9298.002678518518,9298.002678518518
2025-01-19,2025-01-19T14:00:00,True,0.0,0.0,1103.395,757.58125,0.9754,0.0,345.81375,0.0,0.0,0.0,9298.002678518518,8913.765178518519
2025-01-19,2025-01-19T14:10:00,True,0.0,0.0,1095.2330499999998,724.3495833333333,1.0002,0.0,370.88346666666655,0.0,0.0,0.0,8913.765178518519,8501.67243777778
2025-01-19,2025-01-19T14:20:00,True,0.0,0.0,1088.7142,686.2887000000001,0.9978,0.0,231.00569383333323,171.4198061666666,0.0,0.0,8501.67243777778,8244.999444629631
2025-01-19,2025-01-19T14:30:00,True,0.0,0.0,1085.5116666666665,650.2125,1.0271,0.0,312.032757407406,123.26640925926057,0.0,0.0,8244.999444629631,7898.296380843624
2025-01-19,2025-01-19T14:40:00,True,0.0,0.0,1083.773,605.9846,1.0906,0.0,351.6789064814843,126.10949351851559,0.0,0.0,7898.296380843624,7507.542040308642
2025-01-19,2025-01-19T14:50:00,True,0.0,0.0,1100.3528166666665,561.8226833333333,0.9376,0.0,-2.2737367544323206e-13,538.5301333333334,0.0,0.0,7507.542040308642,7507.542040308642
2025-01-19,2025-01-19T15:00:00,True,1118.7252962962962,1244.9046962962962,1111.3899999999999,529.7312499999999,0.6694,663.2459462962962,0.0,0.0,0.0,1.0,7507.542040308642,8104.463391975309
2025-01-19,2025-01-19T15:10:00,True,1171.4184777777775,1284.5922249999999,1072.6289333333334,512.4389,0.66,724.4021916666665,0.0,0.0,0.0,1.0,8104.463391975309,8756.425364475308
2025-01-19,2025-01-19T15:20:00,True,386.4547296296298,1319.9561574074075,1038.0926833333333,481.01425,0.7217,762.8777240740742,0.0,0.0,0.0,1.0,8756.425364475308,9443.015316141975
2025-01-19,2025-01-19T15:30:00,True,431.47242499999993,1351.9681999999998,1039.19,427.95625,0.7308,740.7344499999997,0.0,0.0,0.0,1.0,9443.015316141975,10109.676321141975
2025-01-19,2025-01-19T15:40:00,True,488.52931018518507,887.6393876200266,1059.0632833333334,373.12401666666665,0.7534,201.70012095335983,0.0,0.0,0.0,1.0,10109.676321141975,10291.206429999998
2025-01-19,2025-01-19T15:50:00,True,545.6517166666666,606.8028527777776,1078.4637833333331,327.90091666666666,0.7823,0.0,0.0,143.7600138888888,0.0,0.0,10291.206429999998,10291.206429999998
2025-01-19,2025-01-19T16:00:00,True,595.3560351851854,643.5015185185187,1076.6866666666665,288.00624999999997,0.8055,0.0,0.0,145.1788981481477,0.0,0.0,10291.206429999998,10291.206429999998
2025-01-19,2025-01-19T16:10:00,True,637.4179675925927,678.7672148148147,1046.67355,241.0789,0.8271,0.0,0.0,126.8274351851851,0.0,0.0,10291.206429999998,10291.206429999998
2025-01-19,2025-01-19T16:20:00,True,678.9361527777776,713.4891638888889,1039.0500166666666,194.86941666666667,0.8519,0.0,0.0,130.691436111111,0.0,0.0,10291.206429999998,10291.206429999998
2025-01-19,2025-01-19T16:30:00,True,724.9977111111112,752.7544861111112,1063.58,151.89374999999998,0.8791,0.0,-1.6370904631912707e-12,158.9317638888897,0.0,0.0,10291.206429999998,10291.20643
2025-01-19,2025-01-19T16:40:00,True,776.2640203703708,797.2245592592593,1076.0196833333332,106.29951666666666,0.9024,0.0,-1.6370904631912707e-12,172.49560740740708,0.0,0.0,10291.20643,10291.206430000002
2025-01-19,2025-01-19T16:50:00,True,807.8672722222217,822.0315749999997,1040.4678,60.56548333333333,0.9163,0.0,1.6370904631912707e-12,157.87074166666753,0.0,0.0,10291.206430000002,10291.20643
2025-01-19,2025-01-19T17:00:00,True,828.538183333333,835.9062499999997,996.1216666666666,23.3125,0.9264,0.0,-1.6370904631912707e-12,136.902916666666,0.0,0.0,10291.20643,10291.206430000002
2025-01-19,2025-01-19T17:10:00,True,828.6748324074072,834.8148879629628,1017.1013333333333,3.898816666666667,0.9462,0.0,0.0,178.38762870370374,0.0,0.0,10291.206430000002,10291.206430000002
2025-01-19,2025-01-19T17:20:00,True,832.5579453703701,837.4699898148147,1032.1796,0.0,0.9742,0.0,1.6370904631912707e-12,194.70961018518574,0.0,0.0,10291.206430000002,10291.20643
2025-01-19,2025-01-19T17:30:00,True,841.1573324074074,844.8413657407407,1037.2633333333333,0.0,0.9862,0.0,-1.6370904631912707e-12,192.4219675925924,0.0,0.0,10291.20643,10291.206430000002
2025-01-19,2025-01-19T17:40:00,True,860.0914342592592,862.5474564814815,1072.7817,0.21793333333333334,0.976,0.0,0.0,210.01631018518492,0.0,0.0,10291.206430000002,10291.206430000002
2025-01-19,2025-01-19T17:50:00,True,781.2702518518519,782.498262962963,953.7088,0.0,1.0742,0.0,1.6370904631912707e-12,171.21053703703728,0.0,0.0,10291.206430000002,10291.20643
2025-01-19,2025-01-19T18:00:00,True,650.450462962963,745.1299999999999,745.1299999999999,0.0,1.2313,0.0,0.0,0.0,7.321438060259311e-13,0.0,10291.20643,10291.20643
2025-01-19,2025-01-19T18:10:00,True,0.0,207.86538151851687,720.4326833333332,0.015649999999999997,1.2561,0.0,421.9516388518519,90.60001296296286,0.0,0.0,10291.20643,9822.371275720165
2025-01-19,2025-01-19T18:20:00,True,649.0917953703704,649.0917953703704,760.3550499999999,0.0,1.2447,0.0,0.0,111.2632546296295,0.0,0.0,9822.371275720165,9822.371275720165
2025-01-19,2025-01-19T18:30:00,True,398.65987222222134,648.7087037037037,749.335,0.0,1.2545,0.0,4.831690603168681e-13,100.62629629629586,0.0,0.0,9822.371275720165,9822.371275720165
2025-01-19,2025-01-19T18:40:00,True,644.3784435185186,644.3784435185186,700.1025166666666,0.0011166666666666666,1.2522,0.0,-8.597567102697212e-13,55.72295648148219,0.0,0.0,9822.371275720165,9822.371275720167
2025-01-19,2025-01-19T18:50:00,True,0.0,0.0,711.2790333333334,0.0,1.2881,0.0,640.6166620370376,70.66237129629572,0.0,0.0,9822.371275720167,9110.574984567902
2025-01-19,2025-01-19T19:00:00,True,0.0,0.0,758.3249999999999,0.0,1.3466,0.0,758.3249999999999,0.0,0.0,0.0,9110.574984567902,8267.991651234568
2025-01-19,2025-01-19T19:10:00,True,0.0,0.0,725.9038666666667,0.0,1.3523,0.0,725.9038666666667,0.0,0.0,0.0,8267.991651234568,7461.431799382716
2025-01-19,2025-01-19T19:20:00,True,0.0,0.0,704.7665,0.0,1.3445,0.0,704.7665,0.0,0.0,0.0,7461.431799382716,6678.357910493827
2025-01-19,2025-01-19T19:30:00,True,0.0,0.0,733.3266666666666,0.0,1.3483,0.0,733.3266666666666,0.0,0.0,0.0,6678.357910493827,5863.55050308642
2025-01-19,2025-01-19T19:40:00,True,0.0,0.0,753.2858166666666,0.0,1.349,0.0,753.2858166666666,0.0,0.0,0.0,5863.55050308642,5026.566262345679
2025-01-19,2025-01-19T19:50:00,True,0.0,0.0,742.2715,0.0,1.3473,0.0,742.2715,0.0,0.0,0.0,5026.566262345679,4201.820151234568
2025-01-19,2025-01-19T20:00:00,True,0.0,0.0,711.5416666666666,0.0,1.3482,0.0,711.5416666666666,0.0,0.0,0.0,4201.820151234568,3411.218299382716
2025-01-19,2025-01-19T20:10:00,True,0.0,0.0,696.4692833333334,0.0,1.3513,0.0,696.4692833333334,0.0,0.0,0.0,3411.218299382716,2637.363540123457
2025-01-19,2025-01-19T20:20:00,True,0.0,0.0,731.8172666666666,0.0,1.34,0.0,0.0,731.8172666666666,0.0,0.0,2637.363540123457,2637.363540123457
2025-01-19,2025-01-19T20:30:00,True,0.0,0.0,781.21,0.0,1.3489,0.0,640.5138666666667,140.6961333333334,0.0,0.0,2637.363540123457,1925.6814660493828
2025-01-19,2025-01-19T20:40:00,True,0.0,0.0,766.4613666666667,0.0,1.3952,0.0,653.1133194444445,113.34804722222214,0.0,0.0,1925.6814660493828,1200.0
2025-01-19,2025-01-19T20:50:00,True,662.3171814814814,662.3171814814814,724.6809333333333,0.0,1.2226,0.0,0.0,62.36375185185193,0.0,0.0,1200.0,1200.0
2025-01-19,2025-01-19T21:00:00,True,667.2113888888889,667.2113888888889,714.0766666666666,0.0,0.9332,0.0,0.0,46.86527777777769,0.0,0.0,1200.0,1200.0
2025-01-19,2025-01-19T21:10:00,True,665.3194842592592,665.3194842592592,754.86445,0.0,0.9068,0.0,0.0,89.54496574074085,0.0,0.0,1200.0,1200.0
2025-01-19,2025-01-19T21:20:00,True,656.7751981481482,656.7751981481482,755.1209999999999,0.0,0.9371,0.0,0.0,98.34580185185166,0.0,0.0,1200.0,1200.0
2025-01-19,2025-01-19T21:30:00,True,660.7691666666667,660.7691666666667,727.35,0.0,0.9371,0.0,0.0,66.58083333333332,0.0,0.0,1200.0,1200.0
2025-01-19,2025-01-19T21:40:00,True,684.4759398148149,684.4759398148149,756.1848666666666,0.0,0.9871,0.0,0.0,71.70892685185174,0.0,0.0,1200.0,1200.0
2025-01-19,2025-01-19T21:50:00,True,620.9186425925926,620.9186425925926,695.1605500000001,0.0,0.7764,0.0,0.0,74.24190740740744,0.0,0.0,1200.0,1200.0
2025-01-19,2025-01-19T22:00:00,True,509.70675925925923,509.70675925925923,562.8066666666666,0.0,0.4209,0.0,0.0,53.099907407407386,0.0,0.0,1200.0,1200.0
2025-01-19,2025-01-19T22:10:00,True,505.30748888888877,505.30748888888877,542.3526833333333,0.0,0.3859,0.0,0.0,37.04519444444452,0.0,0.0,1200.0,1200.0
2025-01-19,2025-01-19T22:20:00,True,524.4895416666668,524.4895416666668,580.6007833333333,0.0,0.4368,0.0,0.0,56.1112416666665,0.0,0.0,1200.0,1200.0
2025-01-19,2025-01-19T22:30:00,True,517.732037037037,517.732037037037,600.7416666666666,0.0,0.4198,0.0,0.0,83.00962962962956,0.0,0.0,1200.0,1200.0
2025-01-19,2025-01-19T22:40:00,True,519.8766537037036,519.8766537037036,582.9563333333333,0.0,0.4186,0.0,0.0,63.07967962962971,0.0,0.0,1200.0,1200.0
2025-01-19,2025-01-19T22:50:00,True,523.6749296296296,523.6749296296296,580.7904333333333,0.0,0.4241,0.0,0.0,57.11550370370378,0.0,0.0,1200.0,1200.0
2025-01-19,2025-01-19T23:00:00,True,526.3800925925926,526.3800925925926,602.935,0.0,0.4237,0.0,0.0,76.55490740740731,0.0,0.0,1200.0,1200.0
2025-01-19,2025-01-19T23:10:00,True,536.6729037037036,536.6729037037036,606.3471333333333,0.0,0.4248,0.0,0.0,69.67422962962974,0.0,0.0,1200.0,1200.0
2025-01-19,2025-01-19T23:20:00,True,545.1445935185186,545.1445935185186,592.0573833333333,0.0,0.424,0.0,0.0,46.91278981481469,0.0,0.0,1200.0,1200.0
2025-01-19,2025-01-19T23:30:00,True,548.5131481481482,548.5131481481482,570.415,0.0,0.422,0.0,0.0,21.901851851851802,0.0,0.0,1200.0,1200.0
2025-01-19,2025-01-19T23:40:00,True,551.9824055555555,551.9824055555555,554.3523499999999,0.0,0.424,0.0,0.0,2.3699444444444,0.0,0.0,1200.0,1200.0
2025-01-19,2025-01-19T23:50:00,True,551.7997166666668,551.7997166666668,574.2431666666666,0.0,0.4271,0.0,0.0,22.44344999999987,0.0,0.0,1200.0,1200.0
2025-01-19,2025-01-20T00:00:00,True,545.9478431372548,551.0239814814814,609.115,0.0,0.4276,0.0,0.0,58.09101851851858,0.0,0.0,1200.0,1200.0
2025-01-20,2025-01-20T00:10:00,True,1392.4936526315787,1392.4936526315787,606.2207999999999,0.0,0.4248,786.2728526315792,0.0,0.0,-5.488767745183104e-13,1.0,1200.0,1907.6455673684213
2025-01-20,2025-01-20T00:20:00,True,1397.720547368421,1397.720547368421,606.2697166666667,0.0,0.4245,791.4508307017543,0.0,0.0,0.0,1.0,1907.6455673684213,2619.9513150000002
2025-01-20,2025-01-20T00:30:00,True,1398.5750000000003,1398.5750000000003,619.885,0.0,0.4269,778.6900000000003,0.0,0.0,0.0,1.0,2619.9513150000002,3320.7723150000006
2025-01-20,2025-01-20T00:40:00,True,1396.6533122807018,1396.6533122807018,618.2137833333334,0.0,0.4272,778.4395289473684,0.0,0.0,0.0,1.0,3320.7723150000006,4021.3678910526323
2025-01-20,2025-01-20T00:50:00,True,1395.163051754386,1395.163051754386,629.0592166666667,0.0,0.4271,766.1038350877194,0.0,0.0,0.0,1.0,4021.3678910526323,4710.86134263158
2025-01-20,2025-01-20T01:00:00,True,1402.5901754385964,1402.5901754385964,656.5516666666666,0.0,0.4285,746.0385087719297,0.0,0.0,0.0,1.0,4710.86134263158,5382.296000526317
2025-01-20,2025-01-20T01:10:00,True,1423.4729,1423.4729,668.98675,0.0,0.4311,754.48615,0.0,0.0,0.0,1.0,5382.296000526317,6061.333535526317
2025-01-20,2025-01-20T01:20:00,True,1428.3850482456141,1428.3850482456141,646.8283333333333,0.0,0.4302,781.5567149122809,0.0,0.0,0.0,1.0,6061.333535526317,6764.73457894737
2025-01-20,2025-01-20T01:30:00,True,1418.0155263157894,1418.0155263157894,614.585,0.0,0.4279,803.4305263157894,0.0,0.0,0.0,1.0,6764.73457894737,7487.822052631581
2025-01-20,2025-01-20T01:40:00,True,588.4041859649124,588.4041859649124,620.7217499999999,0.0,0.4312,0.0,0.0,32.31756403508757,0.0,0.0,7487.822052631581,7487.822052631581
2025-01-20,2025-01-20T01:50:00,True,596.2527122807018,596.2527122807018,647.7761666666667,0.0,0.4333,0.0,0.0,51.5234543859649,0.0,0.0,7487.822052631581,7487.822052631581
2025-01-20,2025-01-20T02:00:00,True,1267.5892105263156,1267.5892105263156,674.2816666666666,0.0,0.4311,593.307543859649,0.0,0.0,0.0,1.0,7487.822052631581,8021.798842105265
2025-01-20,2025-01-20T02:10:00,True,1439.7378043859649,1439.7378043859649,690.5031333333333,0.0,0.4293,749.2346710526316,0.0,0.0,0.0,1.0,8021.798842105265,8696.110046052634
2025-01-20,2025-01-20T02:20:00,True,610.4084912280703,610.4084912280703,682.9346833333334,0.0,0.4324,0.0,1.4210854715202004e-13,72.526192105263,0.0,0.0,8696.110046052634,8696.110046052634
2025-01-20,2025-01-20T02:30:00,True,613.7485087719298,613.7485087719298,659.6866666666666,0.0,0.4367,0.0,5.471179065352771e-13,45.938157894736285,0.0,0.0,8696.110046052634,8696.110046052634
2025-01-20,2025-01-20T02:40:00,True,619.8801929824559,619.8801929824559,647.1163166666666,0.0,0.4348,0.0,0.0,27.236123684210725,0.0,0.0,8696.110046052634,8696.110046052634
2025-01-20,2025-01-20T02:50:00,True,623.8375956140352,623.8375956140352,652.9966,0.0,0.4335,0.0,-3.410605131648481e-13,29.15900438596509,0.0,0.0,8696.110046052634,8696.110046052634
2025-01-20,2025-01-20T03:00:00,True,624.766754385965,624.766754385965,662.73,0.0,0.4357,0.0,6.821210263296962e-13,37.96324561403435,0.0,0.0,8696.110046052634,8696.110046052634
2025-01-20,2025-01-20T03:10:00,True,627.8898105263158,627.8898105263158,656.1070333333332,0.0,0.4374,0.0,-5.897504706808832e-13,28.21722280701797,0.0,0.0,8696.110046052634,8696.110046052634
2025-01-20,2025-01-20T03:20:00,True,637.030547368421,637.030547368421,658.4682333333333,0.0,0.4371,0.0,1.5987211554602254e-13,21.437685964912088,0.0,0.0,8696.110046052634,8696.110046052634
2025-01-20,2025-01-20T03:30:00,True,641.4548245614035,641.4548245614035,663.47,0.0,0.4356,0.0,-4.547473508864641e-13,22.015175438596998,0.0,0.0,8696.110046052634,8696.110046052634
2025-01-20,2025-01-20T03:40:00,True,628.4055789473683,628.4055789473683,642.2942833333333,0.0,0.4353,0.0,3.6415315207705135e-13,13.888704385964592,0.0,0.0,8696.110046052634,8696.110046052634
2025-01-20,2025-01-20T03:50:00,True,631.6054070175438,631.6054070175438,646.3615666666667,0.0,0.436,0.0,-7.034373084024992e-13,14.756159649123582,0.0,0.0,8696.110046052634,8696.110046052634
2025-01-20,2025-01-20T04:00:00,True,651.3626315789471,651.3626315789471,681.2383333333332,0.0,0.4378,0.0,-5.684341886080801e-13,29.875701754386682,0.0,0.0,8696.110046052634,8696.110046052634
2025-01-20,2025-01-20T04:10:00,True,652.8274473684211,652.8274473684211,699.7870166666667,0.0,0.4401,0.0,-2.913225216616411e-13,46.959569298245874,0.0,0.0,8696.110046052634,8696.110046052634
2025-01-20,2025-01-20T04:20:00,True,641.3905254385963,641.3905254385963,708.74455,0.0,0.4389,0.0,0.0,67.35402456140366,0.0,0.0,8696.110046052634,8696.110046052634
2025-01-20,2025-01-20T04:30:00,True,635.6067543859649,635.6067543859649,709.3433333333334,0.0,0.4364,0.0,0.0,73.73657894736846,0.0,0.0,8696.110046052634,8696.110046052634
2025-01-20,2025-01-20T04:40:00,True,648.5164824561404,648.5164824561404,691.8148333333334,0.0,0.4393,0.0,0.0,43.298350877193,0.0,0.0,8696.110046052634,8696.110046052634
2025-01-20,2025-01-20T04:50:00,True,661.3764745614036,661.3764745614036,680.4421333333332,0.0,0.4422,0.0,0.0,19.065658771929634,0.0,0.0,8696.110046052634,8696.110046052634
2025-01-20,2025-01-20T05:00:00,True,663.4954385964915,663.4954385964915,691.0516666666667,0.0,0.4395,0.0,0.0,27.55622807017528,0.0,0.0,8696.110046052634,8696.110046052634
2025-01-20,2025-01-20T05:10:00,True,661.2869605263157,661.2869605263157,716.6586166666666,0.0,0.4333,0.0,0.0,55.371656140350865,0.0,0.0,8696.110046052634,8696.110046052634
2025-01-20,2025-01-20T05:20:00,True,664.538405263158,664.538405263158,728.5863666666667,0.0013,0.4439,0.0,0.0,64.04666140350866,0.0,0.0,8696.110046052634,8696.110046052634
2025-01-20,2025-01-20T05:30:00,True,1495.656403508772,1495.656403508772,711.3266666666666,0.0,0.4301,784.3297368421054,0.0,0.0,0.0,1.0,8696.110046052634,9402.006809210528
2025-01-20,2025-01-20T05:40:00,True,1480.1873929824562,1480.1873929824562,690.44895,0.0,0.3713,789.7384429824563,0.0,0.0,0.0,1.0,9402.006809210528,10112.77140789474
2025-01-20,2025-01-20T05:50:00,True,702.316759649123,702.316759649123,774.0390166666666,0.0182,0.5708,0.0,0.0,71.70405701754362,0.0,0.0,10112.77140789474,10112.77140789474
2025-01-20,2025-01-20T06:00:00,True,0.0,71.0716666666666,904.405,0.0,0.9099,0.0,833.3333333333343,-9.094947017729282e-13,0.0,0.0,10112.77140789474,9186.845481968812
2025-01-20,2025-01-20T06:10:00,True,0.0,0.0,909.1213333333333,0.0,0.9368,0.0,833.3333333333334,75.7879999999999,0.0,0.0,9186.845481968812,8260.919556042887
2025-01-20,2025-01-20T06:20:00,True,788.0685242690059,788.0685242690059,896.4892,0.25353333333333333,0.8758,0.0,0.0,108.16714239766077,0.0,0.0,8260.919556042887,8260.919556042887
2025-01-20,2025-01-20T06:30:00,True,12.202656625728878,777.5144771929823,929.7216666666666,0.0,0.8759,0.0,0.0,152.20718947368425,0.0,0.0,8260.919556042887,8260.919556042887
2025-01-20,2025-01-20T06:40:00,True,786.6861520467836,786.6861520467836,957.1146166666667,0.0,0.8601,0.0,0.0,170.42846461988313,0.0,0.0,8260.919556042887,8260.919556042887
2025-01-20,2025-01-20T06:50:00,True,784.2236269005848,784.2236269005848,939.4489166666667,4.46085,0.8442,0.0,0.0,150.76443976608186,0.0,0.0,8260.919556042887,8260.919556042887
2025-01-20,2025-01-20T07:00:00,True,788.9057929824563,788.9057929824563,907.6633333333332,25.099999999999998,0.8334,0.0,0.0,93.65754035087684,0.0,0.0,8260.919556042887,8260.919556042887
2025-01-20,2025-01-20T07:10:00,True,764.8487299707601,764.8487299707601,928.2303166666667,61.12701666666666,0.8092,0.0,0.0,102.25457002923986,0.0,0.0,8260.919556042887,8260.919556042887
2025-01-20,2025-01-20T07:20:00,True,739.1905669590644,739.1905669590644,947.8763,98.61829999999999,0.7972,0.0,0.0,110.06743304093561,0.0,0.0,8260.919556042887,8260.919556042887
2025-01-20,2025-01-20T07:30:00,True,692.0676495614035,692.0676495614035,907.8966666666666,134.6875,0.7644,0.0,0.0,81.14151710526312,0.0,0.0,8260.919556042887,8260.919556042887
2025-01-20,2025-01-20T07:40:00,True,1459.3043733918128,1459.3043733918128,834.0919,177.02301666666665,0.6899,802.2354900584794,0.0,0.0,0.0,1.0,8260.919556042887,8982.931497095518
2025-01-20,2025-01-20T07:50:00,True,679.7244656432748,679.7244656432748,972.00265,217.63145,0.86,0.0,0.0,74.64673435672523,0.0,0.0,8982.931497095518,8982.931497095518
2025-01-20,2025-01-20T08:00:00,True,0.0,0.0,1226.6966666666667,257.2,1.1617,0.0,833.3333333333334,136.1633333333333,0.0,0.0,8982.931497095518,8057.005571169592
2025-01-20,2025-01-20T08:10:00,True,0.0,0.0,1242.5369833333332,304.6535833333333,1.1683,0.0,833.3333333333334,104.55006666666657,0.0,0.0,8057.005571169592,7131.079645243666
2025-01-20,2025-01-20T08:20:00,True,0.0,0.0,1193.3836333333334,351.27098333333333,1.0956,0.0,833.3333333333334,8.77931666666666,0.0,0.0,7131.079645243666,6205.15371931774
2025-01-20,2025-01-20T08:30:00,True,0.0,0.0,1203.1,394.03749999999997,1.0849,0.0,809.0625,0.0,0.0,0.0,6205.15371931774,5306.195385984407
2025-01-20,2025-01-20T08:40:00,True,0.0,0.0,1217.66505,438.7632166666666,1.061,0.0,778.9018333333335,0.0,0.0,0.0,5306.195385984407,4440.748904502925
2025-01-20,2025-01-20T08:50:00,True,0.0,0.0,1218.7966999999999,485.6854833333333,1.043,0.0,733.1112166666666,0.0,0.0,0.0,4440.748904502925,3626.180885984407
2025-01-20,2025-01-20T09:00:00,True,0.0,0.0,1208.8566666666666,537.1999999999999,1.036,0.0,671.6566666666666,0.0,0.0,0.0,3626.180885984407,2879.8957007992217
2025-01-20,2025-01-20T09:10:00,True,0.0,0.0,1197.7176333333332,593.8009333333333,1.0147,0.0,603.9166999999999,0.0,0.0,0.0,2879.8957007992217,2208.8771452436663
2025-01-20,2025-01-20T09:20:00,True,0.0,0.0,1187.0372666666667,635.0544,0.9922,0.0,551.9828666666667,0.0,0.0,0.0,2208.8771452436663,1595.56284894737
2025-01-20,2025-01-20T09:30:00,True,0.0,0.0,1184.73,665.6374999999999,0.97,0.0,2.0463630789890883e-13,519.0925,0.0,0.0,1595.56284894737,1595.5628489473697
2025-01-20,2025-01-20T09:40:00,True,0.0,0.0,1197.4941999999999,712.5952166666666,0.9422,0.0,0.0,484.89898333333315,0.0,0.0,1595.5628489473697,1595.5628489473697
2025-01-20,2025-01-20T09:50:00,True,0.0,0.0,1195.3148666666666,770.8485833333334,0.9569,0.0,0.0,424.4662833333331,0.0,0.0,1595.5628489473697,1595.5628489473697
2025-01-20,2025-01-20T10:00:00,True,0.0,0.0,1180.25,825.53125,0.9977,0.0,354.7187499999999,0.0,0.0,0.0,1595.5628489473697,1201.4309045029254
2025-01-20,2025-01-20T10:10:00,True,0.0,0.0,1183.5146166666666,861.4814666666666,0.9919,0.0,1.2878140526328479,320.74533594736715,0.0,0.0,1201.4309045029254,1200.0
2025-01-20,2025-01-20T10:20:00,True,0.0,0.0,1188.6488666666667,869.8732,0.9588,0.0,0.0,318.77566666666667,0.0,0.0,1200.0,1200.0
2025-01-20,2025-01-20T10:30:00,True,0.0,0.0,1191.2216666666666,885.0562499999999,0.9549,0.0,0.0,306.1654166666667,0.0,0.0,1200.0,1200.0
2025-01-20,2025-01-20T10:40:00,True,0.0,0.0,1202.5027833333334,949.8770333333333,0.9839,0.0,0.0,252.62575000000004,0.0,0.0,1200.0,1200.0
2025-01-20,2025-01-20T10:50:00,True,6.9592548245610715,55.75008815789465,1200.3031666666666,979.81275,0.799,0.0,0.0,164.74032850877188,0.0,0.0,1200.0,1200.0
2025-01-20,2025-01-20T11:00:00,True,813.7703894736845,865.1185061403511,1184.4099999999999,970.64375,0.5025,651.3522561403511,0.0,0.0,6.344470477247061e-14,1.0,1200.0,1786.217030526316
2025-01-20,2025-01-20T11:10:00,True,792.77939751462,835.7909614035087,1177.50715,998.1872666666666,0.4662,656.4710780701754,0.0,0.0,0.0,1.0,1786.217030526316,2377.041000789474
2025-01-20,2025-01-20T11:20:00,True,771.1612336257309,805.8362447368421,1171.89395,1011.1469666666667,0.5007,645.0892614035089,0.0,0.0,0.0,1.0,2377.041000789474,2957.6213360526317
2025-01-20,2025-01-20T11:30:00,True,752.7452934210525,779.0837517543858,1162.5183333333332,996.83125,0.4827,613.3966684210526,0.0,0.0,0.0,1.0,2957.6213360526317,3509.678337631579
2025-01-20,2025-01-20T11:40:00,True,735.6584654970758,753.6603710526311,1152.41775,1006.4735000000001,0.4785,607.7161210526311,0.0,0.0,0.0,1.0,3509.678337631579,4056.622846578947
2025-01-20,2025-01-20T11:50:00,True,699.0440910818712,708.709443859649,1135.1176999999998,1057.8823333333332,0.4662,631.4740771929825,0.0,0.0,0.0,1.0,4056.622846578947,4624.949516052631
2025-01-20,2025-01-20T12:00:00,True,649.3981798245612,845.7120833333335,1111.985,1099.6062499999998,0.4432,833.3333333333334,0.0,0.0,0.0,1.0,4624.949516052631,5374.949516052631
2025-01-20,2025-01-20T12:10:00,True,644.633819152047,790.560355263158,1093.1939166666666,1059.4625833333332,0.4411,756.8290219298246,0.0,0.0,0.0,1.0,5374.949516052631,6056.095635789474
2025-01-20,2025-01-20T12:20:00,True,649.0876163742691,785.5820552631578,1082.3126,1019.1896499999999,0.4551,722.4591052631578,0.0,0.0,0.0,1.0,6056.095635789474,6706.308830526315
2025-01-20,2025-01-20T12:30:00,True,653.0185065789474,780.0808482456139,1069.9183333333333,1017.2749999999999,0.4463,727.4375149122804,0.0,0.0,0.0,1.0,6706.308830526315,7361.002593947368
2025-01-20,2025-01-20T12:40:00,True,657.7946002923978,775.4248447368421,1050.2967833333332,1016.9914166666667,0.4113,742.1194780701757,0.0,0.0,0.0,1.0,7361.002593947368,8028.910124210526
2025-01-20,2025-01-20T12:50:00,True,680.3859229532166,788.5840701754385,1073.7709,1010.2652333333333,0.5682,725.0784035087718,0.0,0.0,0.0,1.0,8028.910124210526,8681.480687368421
2025-01-20,2025-01-20T13:00:00,True,0.0,0.0,1120.635,995.8625,0.8279,0.0,0.0,124.77250000000004,0.0,0.0,8681.480687368421,8681.480687368421
2025-01-20,2025-01-20T13:10:00,True,0.0,8.501690350877197,1115.0412,975.568,0.8636,0.0,0.0,130.9715096491227,0.0,0.0,8681.480687368421,8681.480687368421
2025-01-20,2025-01-20T13:20:00,True,0.0,37.81708684210503,1092.081,966.7533166666667,0.8416,0.0,0.0,87.51059649122817,0.0,0.0,8681.480687368421,8681.480687368421
2025-01-20,2025-01-20T13:30:00,True,0.0,68.42412192982442,1089.6383333333333,958.75,0.8618,0.0,0.0,62.4642114035089,0.0,0.0,8681.480687368421,8681.480687368421
2025-01-20,2025-01-20T13:40:00,True,13.449630701754018,88.62608070175429,1110.4878333333331,921.0309166666666,0.8623,0.0,0.0,100.83083596491224,0.0,0.0,8681.480687368421,8681.480687368421
2025-01-20,2025-01-20T13:50:00,True,0.0,93.18981520613718,1121.5805666666665,870.7207333333333,0.9026,0.0,0.0,157.67001812719602,0.0,0.0,8681.480687368421,8681.480687368421
2025-01-20,2025-01-20T14:00:00,True,0.0,0.0,1107.225,820.95625,0.9754,0.0,75.65169434941777,210.6170556505822,0.0,0.0,8681.480687368421,8597.423249202402
2025-01-20,2025-01-20T14:10:00,True,0.0,0.0,1079.2582,770.2869000000001,1.0002,0.0,308.9712999999999,0.0,0.0,0.0,8597.423249202402,8254.121804757957
2025-01-20,2025-01-20T14:20:00,True,0.0,0.0,1055.7111166666666,723.9499000000001,0.9978,0.0,77.33953421052752,254.42168245613902,0.0,0.0,8254.121804757957,8168.188988968482
2025-01-20,2025-01-20T14:30:00,True,0.0,0.0,1060.3233333333333,689.7124999999999,1.0271,0.0,251.1682403508796,119.44259298245379,0.0,0.0,8168.188988968482,7889.113166356393
2025-01-20,2025-01-20T14:40:00,True,0.0,0.0,1099.3048666666666,668.8171333333332,1.0906,0.0,292.7203549707592,137.76737836257416,0.0,0.0,7889.113166356393,7563.868327499994
2025-01-20,2025-01-20T14:50:00,True,0.0,0.0,1095.8432333333333,635.0513666666666,0.9376,0.0,-2.2737367544323206e-12,460.79186666666897,0.0,0.0,7563.868327499994,7563.868327499997
2025-01-20,2025-01-20T15:00:00,True,1220.007447368421,1220.007447368421,1063.3483333333334,586.33125,0.6694,742.9903640350876,0.0,0.0,0.0,1.0,7563.868327499997,8232.559655131576
2025-01-20,2025-01-20T15:10:00,True,1265.4444345029237,1265.4444345029237,1084.8805333333332,543.7302999999999,0.66,724.2942011695905,0.0,0.0,0.0,1.0,8232.559655131576,8884.424436184207
2025-01-20,2025-01-20T15:20:00,True,473.6744084795322,1273.704397368421,1083.1513,497.73574999999994,0.7217,688.288847368421,0.0,0.0,0.0,1.0,8884.424436184207,9503.884398815786
2025-01-20,2025-01-20T15:30:00,True,513.9376921052631,1311.1119004385964,1056.875,448.64375,0.7308,702.8806504385964,0.0,0.0,0.0,1.0,9503.884398815786,10136.476984210523
2025-01-20,2025-01-20T15:40:00,True,566.5947327485379,566.5947327485379,1080.7998833333331,408.53931666666665,0.7534,0.0,0.0,105.66583391812856,0.0,0.0,10136.476984210523,10136.476984210523
2025-01-20,2025-01-20T15:50:00,True,619.2889628654971,619.2889628654971,1070.3165999999999,365.92366666666663,0.7823,0.0,0.0,85.10397046783692,0.0,0.0,10136.476984210523,10136.476984210523
2025-01-20,2025-01-20T16:00:00,True,663.8409192982459,663.8409192982459,1030.4366666666665,313.34375,0.8055,0.0,0.0,53.251997368421144,0.0,0.0,10136.476984210523,10136.476984210523
2025-01-20,2025-01-20T16:10:00,True,696.1231934210527,696.1231934210527,1056.1585333333333,255.58538333333334,0.8271,0.0,0.0,104.4499565789472,0.0,0.0,10136.476984210523,10136.476984210523
2025-01-20,2025-01-20T16:20:00,True,729.0687377192982,729.0687377192982,1082.1533666666664,205.21409999999997,0.8519,0.0,0.0,147.87052894736917,0.0,0.0,10136.476984210523,10136.476984210523
2025-01-20,2025-01-20T16:30:00,True,768.0108206140353,768.0108206140353,1063.5016666666666,162.36874999999998,0.8791,0.0,0.0,133.1220960526316,0.0,0.0,10136.476984210523,10136.476984210523
2025-01-20,2025-01-20T16:40:00,True,811.2473885964915,811.2473885964915,1025.7288166666667,115.89486666666666,0.9024,0.0,0.0,98.58656140350831,0.0,0.0,10136.476984210523,10136.476984210523
2025-01-20,2025-01-20T16:50:00,True,833.3299249999995,833.3299249999995,1025.4214833333333,66.77844999999999,0.9163,0.0,0.0,125.31310833333373,0.0,0.0,10136.476984210523,10136.476984210523
2025-01-20,2025-01-20T17:00:00,True,844.5926517543858,844.5926517543858,1057.8566666666666,25.39375,0.9264,0.0,0.0,187.87026491228062,0.0,0.0,10136.476984210523,10136.476984210523
2025-01-20,2025-01-20T17:10:00,True,844.6205875730992,844.6205875730992,1062.6916166666665,4.1436166666666665,0.9462,0.0,0.0,213.92741242690136,0.0,0.0,10136.476984210523,10136.476984210523
2025-01-20,2025-01-20T17:20:00,True,847.88720497076,847.88720497076,1032.8422999999998,0.0,0.9742,0.0,0.0,184.9550950292396,0.0,0.0,10136.476984210523,10136.476984210523
2025-01-20,2025-01-20T17:30:00,True,855.0958434210526,855.0958434210526,1024.42,0.0,0.9862,0.0,0.0,169.3241565789475,0.0,0.0,10136.476984210523,10136.476984210523
2025-01-20,2025-01-20T17:40:00,True,873.697087134503,873.697087134503,1070.9409,0.22996666666666665,0.976,0.0,0.0,197.01384619882992,0.0,0.0,10136.476984210523,10136.476984210523
2025-01-20,2025-01-20T17:50:00,True,791.5516790935673,791.5516790935673,936.1628666666667,0.0,1.0742,0.0,0.0,144.61118757310032,0.0,0.0,10136.476984210523,10136.476984210523
2025-01-20,2025-01-20T18:00:00,True,655.4335964912281,705.7733333333333,705.7733333333333,0.0,1.2313,0.0,0.0,0.0,1.727042494979368e-13,0.0,10136.476984210523,10136.476984210523
2025-01-20,2025-01-20T18:10:00,True,0.0,407.49764491228456,714.52015,0.016516666666666666,1.2561,0.0,227.0886208771908,79.91736754385784,0.0,0.0,10136.476984210523,9884.156294346978
2025-01-20,2025-01-20T18:20:00,True,654.9477561403509,654.9477561403509,745.4867999999999,0.0,1.2447,0.0,0.0,90.53904385964904,0.0,0.0,9884.156294346978,9884.156294346978
2025-01-20,2025-01-20T18:30:00,True,464.3317552631589,654.0048245614036,706.425,0.0,1.2545,0.0,-5.684341886080801e-13,52.42017543859697,0.0,0.0,9884.156294346978,9884.156294346978
2025-01-20,2025-01-20T18:40:00,True,647.3112894736843,647.3112894736843,726.7895166666667,0.0011833333333333333,1.2522,0.0,0.0,79.47704385964914,0.0,0.0,9884.156294346978,9884.156294346978
2025-01-20,2025-01-20T18:50:00,True,0.0,0.0,758.0099166666666,0.0,1.2881,0.0,644.3357342105235,113.67418245614317,0.0,0.0,9884.156294346978,9168.22770077973
2025-01-20,2025-01-20T19:00:00,True,0.0,0.0,764.1033333333332,0.0,1.3466,0.0,764.1033333333332,0.0,0.0,0.0,9168.22770077973,8319.223997076026
2025-01-20,2025-01-20T19:10:00,True,0.0,0.0,761.53945,0.0,1.3523,0.0,761.53945,0.0,0.0,0.0,8319.223997076026,7473.069052631581
2025-01-20,2025-01-20T19:20:00,True,0.0,0.0,737.8616999999999,0.0,1.3445,0.0,737.8616999999999,0.0,0.0,0.0,7473.069052631581,6653.222719298248
2025-01-20,2025-01-20T19:30:00,True,0.0,0.0,703.8766666666667,0.0,1.3483,0.0,703.8766666666667,0.0,0.0,0.0,6653.222719298248,5871.137534113063
2025-01-20,2025-01-20T19:40:00,True,0.0,0.0,695.5520499999999,0.0,1.349,0.0,695.5520499999999,0.0,0.0,0.0,5871.137534113063,5098.301923001953
2025-01-20,2025-01-20T19:50:00,True,0.0,0.0,723.0578,0.0,1.3473,0.0,723.0578,0.0,0.0,0.0,5098.301923001953,4294.904367446397
2025-01-20,2025-01-20T20:00:00,True,0.0,0.0,748.2633333333333,0.0,1.3482,0.0,748.2633333333333,0.0,0.0,0.0,4294.904367446397,3463.5006637426936
2025-01-20,2025-01-20T20:10:00,True,0.0,0.0,722.8110833333333,0.0,1.3513,0.0,722.8110833333333,0.0,0.0,0.0,3463.5006637426936,2660.377237816768
2025-01-20,2025-01-20T20:20:00,True,0.0,0.0,719.3642833333333,0.0,1.34,0.0,1.6339289473719418,717.7303543859614,0.0,0.0,2660.377237816768,2658.5617612085766
2025-01-20,2025-01-20T20:30:00,True,0.0,0.0,747.89,0.0,1.3489,0.0,653.626578947368,94.26342105263195,0.0,0.0,2658.5617612085766,1932.3100068226122
2025-01-20,2025-01-20T20:40:00,True,0.0,0.0,746.0286833333332,0.0,1.3952,0.0,659.079006140351,86.94967719298222,0.0,0.0,1932.3100068226122,1200.0
2025-01-20,2025-01-20T20:50:00,True,665.5994842105262,665.5994842105262,734.74755,0.0,1.2226,0.0,0.0,69.14806578947389,0.0,0.0,1200.0,1200.0
2025-01-20,2025-01-20T21:00:00,True,669.6779824561403,669.6779824561403,734.19,0.0,0.9332,0.0,0.0,64.51201754385977,0.0,0.0,1200.0,1200.0
2025-01-20,2025-01-20T21:10:00,True,670.0323771929825,670.0323771929825,739.0307833333333,0.0,0.9068,0.0,0.0,68.99840614035077,0.0,0.0,1200.0,1200.0
2025-01-20,2025-01-20T21:20:00,True,661.9512929824562,661.9512929824562,734.4167833333332,0.0,0.9371,0.0,0.0,72.46549035087708,0.0,0.0,1200.0,1200.0
2025-01-20,2025-01-20T21:30:00,True,664.2734210526316,664.2734210526316,740.19,0.0,0.9371,0.0,0.0,75.91657894736841,0.0,0.0,1200.0,1200.0
2025-01-20,2025-01-20T21:40:00,True,688.2500938596492,688.2500938596492,772.3453166666666,0.0,0.9871,0.0,0.0,84.09522280701742,0.0,0.0,1200.0,1200.0
2025-01-20,2025-01-20T21:50:00,True,624.8261114035089,624.8261114035089,693.95745,0.0,0.7764,0.0,0.0,69.1313385964911,0.0,0.0,1200.0,1200.0
2025-01-20,2025-01-20T22:00:00,True,512.5014912280702,512.5014912280702,551.9616666666666,0.0,0.4209,0.0,0.0,39.460175438596366,0.0,0.0,1200.0,1200.0
2025-01-20,2025-01-20T22:10:00,True,507.2572359649121,507.2572359649121,542.7839833333333,0.0,0.3859,0.0,0.0,35.52674736842113,0.0,0.0,1200.0,1200.0
2025-01-20,2025-01-20T22:20:00,True,527.4427649122808,527.4427649122808,574.9994833333333,0.0,0.4368,0.0,0.0,47.55671842105244,0.0,0.0,1200.0,1200.0
2025-01-20,2025-01-20T22:30:00,True,522.1009649122807,522.1009649122807,577.5783333333333,0.0,0.4198,0.0,0.0,55.477368421052574,0.0,0.0,1200.0,1200.0
2025-01-20,2025-01-20T22:40:00,True,523.1966368421051,523.1966368421051,569.1000166666666,0.0,0.4186,0.0,0.0,45.90337982456151,0.0,0.0,1200.0,1200.0
2025-01-20,2025-01-20T22:50:00,True,526.6810087719298,526.6810087719298,548.6373833333333,0.0,0.4241,0.0,0.0,21.95637456140355,0.0,0.0,1200.0,1200.0
2025-01-20,2025-01-20T23:00:00,True,530.4092982456141,530.4092982456141,538.1783333333333,0.0,0.4237,0.0,0.0,7.769035087719203,0.0,0.0,1200.0,1200.0
2025-01-20,2025-01-20T23:10:00,True,540.3399684210525,540.3399684210525,567.4134833333333,0.0,0.4248,0.0,0.0,27.073514912280757,0.0,0.0,1200.0,1200.0
2025-01-20,2025-01-20T23:20:00,True,547.6136877192982,547.6136877192982,584.2978166666667,0.0,0.424,0.0,0.0,36.684128947368436,0.0,0.0,1200.0,1200.0
2025-01-20,2025-01-20T23:30:00,True,549.6658771929825,549.6658771929825,579.4533333333333,0.0,0.422,0.0,0.0,29.78745614035074,0.0,0.0,1200.0,1200.0
2025-01-20,2025-01-20T23:40:00,True,552.1071394736841,552.1071394736841,593.5180833333333,0.0,0.424,0.0,0.0,41.41094385964914,0.0,0.0,1200.0,1200.0
2025-01-20,2025-01-20T23:50:00,True,552.9809508771931,552.9809508771931,613.7404333333333,0.0,0.4271,0.0,0.0,60.75948245614018,0.0,0.0,1200.0,1200.0
2025-01-20,2025-01-21T00:00:00,True,551.0239814814814,554.0814035087718,618.2516666666667,0.0,0.4276,0.0,0.0,64.17026315789485,0.0,0.0,1200.0,1200.0
2025-01-21,2025-01-21T00:10:00,True,1394.8466766666666,1394.8466766666666,602.3762666666667,0.0,0.4248,792.4704100000002,0.0,0.0,-3.470420676264673e-13,1.0,1200.0,1913.2233690000003
2025-01-21,2025-01-21T00:20:00,True,1399.8146724999997,1399.8146724999997,607.7250666666666,0.0,0.4245,792.089605833333,0.0,0.0,0.0,1.0,1913.2233690000003,2626.10401425
2025-01-21,2025-01-21T00:30:00,True,1401.307166666667,1401.307166666667,624.24,0.0,0.4269,777.0671666666669,0.0,0.0,0.0,1.0,2626.10401425,3325.46446425
2025-01-21,2025-01-21T00:40:00,True,1399.3980024999998,1399.3980024999998,604.1699333333333,0.0,0.4272,795.2280691666665,0.0,0.0,0.0,1.0,3325.46446425,4041.1697265000003
2025-01-21,2025-01-21T00:50:00,True,1398.5245266666666,1398.5245266666666,598.60095,0.0,0.4271,799.9235766666666,0.0,0.0,0.0,1.0,4041.1697265000003,4761.1009455
2025-01-21,2025-01-21T01:00:00,True,1406.9549166666666,1406.9549166666666,612.6683333333333,0.0,0.4285,794.2865833333333,0.0,0.0,0.0,1.0,4761.1009455,5475.958870500001
2025-01-21,2025-01-21T01:10:00,True,1427.4152591666666,1427.4152591666666,605.3797999999999,0.0,0.4311,822.0354591666667,0.0,0.0,0.0,1.0,5475.958870500001,6215.790783750001
2025-01-21,2025-01-21T01:20:00,True,1430.9738791666668,1430.9738791666668,632.3933,0.0,0.4302,798.5805791666669,0.0,0.0,0.0,1.0,6215.790783750001,6934.513305
2025-01-21,2025-01-21T01:30:00,True,1419.5106666666668,1419.5106666666668,677.4516666666666,0.0,0.4279,742.0590000000002,0.0,0.0,0.0,1.0,6934.513305,7602.366405000001
2025-01-21,2025-01-21T01:40:00,True,590.0200641666668,590.0200641666668,660.3152,0.0,0.4312,0.0,0.0,70.29513583333323,0.0,0.0,7602.366405000001,7602.366405000001
2025-01-21,2025-01-21T01:50:00,True,598.828885,598.828885,630.4236,0.0,0.4333,0.0,0.0,31.59471499999995,0.0,0.0,7602.366405000001,7602.366405000001
2025-01-21,2025-01-21T02:00:00,True,1271.2571666666665,1271.2571666666665,628.8883333333333,0.0,0.4311,642.3688333333332,0.0,0.0,0.0,1.0,7602.366405000001,8180.498355000001
2025-01-21,2025-01-21T02:10:00,True,1443.9427375,1443.9427375,649.2637666666667,0.0,0.4293,794.6789708333333,0.0,0.0,0.0,1.0,8180.498355000001,8895.70942875
2025-01-21,2025-01-21T02:20:00,True,614.0348008333334,614.0348008333334,663.2285666666667,0.0,0.4324,0.0,-3.410605131648481e-13,49.1937658333336,0.0,0.0,8895.70942875,8895.70942875
2025-01-21,2025-01-21T02:30:00,True,616.0454166666666,616.0454166666666,662.5366666666666,0.0,0.4367,0.0,-3.623767952376511e-13,46.4912500000004,0.0,0.0,8895.70942875,8895.70942875
2025-01-21,2025-01-21T02:40:00,True,621.2419991666665,621.2419991666665,659.7484499999999,0.0,0.4348,0.0,-5.471179065352771e-13,38.50645083333402,0.0,0.0,8895.70942875,8895.70942875
2025-01-21,2025-01-21T02:50:00,True,625.2955458333334,625.2955458333334,650.8556666666666,0.0,0.4335,0.0,7.069900220812997e-13,25.560120833332437,0.0,0.0,8895.70942875,8895.70942875
2025-01-21,2025-01-21T03:00:00,True,626.6649166666667,626.6649166666667,639.8283333333333,0.0,0.4357,0.0,4.618527782440651e-14,13.163416666666489,0.0,0.0,8895.70942875,8895.70942875
2025-01-21,2025-01-21T03:10:00,True,629.3006716666667,629.3006716666667,643.4924666666666,0.0,0.4374,0.0,-2.4868995751603507e-13,14.191795000000091,0.0,0.0,8895.70942875,8895.70942875
2025-01-21,2025-01-21T03:20:00,True,638.1024316666666,638.1024316666666,678.1066833333333,0.0,0.4371,0.0,9.237055564881302e-14,40.00425166666664,0.0,0.0,8895.70942875,8895.70942875
2025-01-21,2025-01-21T03:30:00,True,642.5555833333333,642.5555833333333,704.8883333333333,0.0,0.4356,0.0,6.394884621840902e-13,62.33274999999939,0.0,0.0,8895.70942875,8895.70942875
2025-01-21,2025-01-21T03:40:00,True,629.1000141666666,629.1000141666666,670.2434999999999,0.0,0.4353,0.0,2.984279490192421e-13,41.14348583333303,0.0,0.0,8895.70942875,8895.70942875
2025-01-21,2025-01-21T03:50:00,True,632.343215,632.343215,674.5888,0.0,0.436,0.0,-7.460698725481052e-13,42.24558500000075,0.0,0.0,8895.70942875,8895.70942875
2025-01-21,2025-01-21T04:00:00,True,652.8564166666664,652.8564166666664,725.5616666666666,0.0,0.4378,0.0,0.0,72.7052500000002,0.0,0.0,8895.70942875,8895.70942875
2025-01-21,2025-01-21T04:10:00,True,655.1754258333334,655.1754258333334,730.5302166666667,0.0,0.4401,0.0,0.0,75.35479083333325,0.0,0.0,8895.70942875,8895.70942875
2025-01-21,2025-01-21T04:20:00,True,644.7582266666666,644.7582266666666,720.8597666666666,0.0,0.4389,0.0,0.0,76.10154,0.0,0.0,8895.70942875,8895.70942875
2025-01-21,2025-01-21T04:30:00,True,639.2935833333333,639.2935833333333,704.41,0.0,0.4364,0.0,0.0,65.11641666666662,0.0,0.0,8895.70942875,8895.70942875
2025-01-21,2025-01-21T04:40:00,True,650.6814,650.6814,658.8190333333333,0.0,0.4393,0.0,0.0,8.13763333333327,0.0,0.0,8895.70942875,8895.70942875
2025-01-21,2025-01-21T04:50:00,True,662.3297575000001,662.3297575000001,660.0759333333333,0.0,0.4422,2.2538241666668455,0.0,0.0,0.0,1.0,8895.70942875,8897.737870500001
2025-01-21,2025-01-21T05:00:00,True,664.8732500000002,664.8732500000002,705.18,0.0,0.4395,0.0,0.0,40.30674999999974,0.0,0.0,8897.737870500001,8897.737870500001
2025-01-21,2025-01-21T05:10:00,True,664.0555433333333,664.0555433333333,716.4424166666665,0.0,0.4333,0.0,0.0,52.386873333333256,0.0,0.0,8897.737870500001,8897.737870500001
2025-01-21,2025-01-21T05:20:00,True,667.7408033333334,667.7408033333334,730.7619166666666,0.0012833333333333334,0.4439,0.0,0.0,63.01982999999984,0.0,0.0,8897.737870500001,8897.737870500001
2025-01-21,2025-01-21T05:30:00,True,1498.1065833333332,1498.1065833333332,736.8083333333334,0.0,0.4301,761.2982499999998,0.0,0.0,0.0,1.0,8897.737870500001,9582.9062955
2025-01-21,2025-01-21T05:40:00,True,1482.3671375,1482.3671375,700.0888666666666,0.0,0.3713,782.2782708333333,0.0,0.0,0.0,1.0,9582.9062955,10286.956739250001
2025-01-21,2025-01-21T05:50:00,True,705.9028725000002,705.9028725000002,792.66345,0.017866666666666666,0.5708,0.0,1.6370904631912707e-12,86.74271083333224,0.0,0.0,10286.956739250001,10286.95673925
2025-01-21,2025-01-21T06:00:00,True,0.0,112.74166666666656,946.0749999999999,0.0,0.9099,0.0,833.3333333333343,-9.094947017729282e-13,0.0,0.0,10286.95673925,9361.030813324072
2025-01-21,2025-01-21T06:10:00,True,0.0,0.0,909.1154333333334,0.0,0.9368,0.0,833.3333333333334,75.78210000000001,0.0,0.0,9361.030813324072,8435.104887398147
2025-01-21,2025-01-21T06:20:00,True,792.6209458333334,792.6209458333334,862.9599333333333,0.24879999999999997,0.8758,0.0,70.09018749999996,0.0,0.0,0.0,8435.104887398147,8357.226901287037
2025-01-21,2025-01-21T06:30:00,True,141.85887604444304,141.85887604444304,903.015,0.0,0.8759,0.0,761.156123955557,0.0,0.0,0.0,8357.226901287037,7511.497874669751
2025-01-21,2025-01-21T06:40:00,True,793.4703508333333,793.4703508333333,942.1395,0.0,0.8601,0.0,19.630267841663994,129.03888132500268,0.0,0.0,7511.497874669751,7489.686465956791
2025-01-21,2025-01-21T06:50:00,True,789.8133608333333,789.8133608333333,951.5553333333334,4.446833333333333,0.8442,0.0,0.0,157.2951391666668,0.0,0.0,7489.686465956791,7489.686465956791
2025-01-21,2025-01-21T07:00:00,True,792.2378333333335,792.2378333333335,924.1466666666666,26.5,0.8334,0.0,0.0,105.40883333333318,0.0,0.0,7489.686465956791,7489.686465956791
2025-01-21,2025-01-21T07:10:00,True,760.0552541666666,760.0552541666666,875.2837333333333,67.76038333333332,0.8092,0.0,0.0,47.46809583333334,0.0,0.0,7489.686465956791,7489.686465956791
2025-01-21,2025-01-21T07:20:00,True,726.30558,726.30558,884.9663166666666,113.4777,0.7972,0.0,0.0,45.18303666666657,0.0,0.0,7489.686465956791,7489.686465956791
2025-01-21,2025-01-21T07:30:00,True,669.1831083333334,669.1831083333334,919.8199999999999,158.1625,0.7644,0.0,0.0,92.47439166666652,0.0,0.0,7489.686465956791,7489.686465956791
2025-01-21,2025-01-21T07:40:00,True,1425.6777058333332,1425.6777058333332,893.4370833333334,207.62989999999996,0.6899,739.8705224999999,0.0,0.0,0.0,1.0,7489.686465956791,8155.569936206791
2025-01-21,2025-01-21T07:50:00,True,639.9489458333334,639.9489458333334,1010.4537666666666,258.4823333333333,0.86,0.0,0.0,112.02248750000001,0.0,0.0,8155.569936206791,8155.569936206791
2025-01-21,2025-01-21T08:00:00,True,0.0,0.0,1214.495,310.99375,1.1617,0.0,833.3333333333334,70.16791666666654,0.0,0.0,8155.569936206791,7229.644010280865
2025-01-21,2025-01-21T08:10:00,True,0.0,0.0,1222.6840499999998,368.98581666666666,1.1683,0.0,833.3333333333334,20.364899999999807,0.0,0.0,7229.644010280865,6303.718084354939
2025-01-21,2025-01-21T08:20:00,True,0.0,0.0,1180.1796333333332,426.5235333333333,1.0956,0.0,753.6560999999999,0.0,0.0,0.0,6303.718084354939,5466.322417688272
2025-01-21,2025-01-21T08:30:00,True,0.0,0.0,1189.5316666666665,487.7375,1.0849,0.0,701.7941666666666,0.0,0.0,0.0,5466.322417688272,4686.551121391976
2025-01-21,2025-01-21T08:40:00,True,0.0,0.0,1205.2338,558.7849666666666,1.061,0.0,646.4488333333334,0.0,0.0,0.0,4686.551121391976,3968.274639910495
2025-01-21,2025-01-21T08:50:00,True,0.0,0.0,1204.0758333333333,605.8012166666666,1.043,0.0,598.2746166666667,0.0,0.0,0.0,3968.274639910495,3303.5250658364207
2025-01-21,2025-01-21T09:00:00,True,0.0,0.0,1200.0666666666666,633.9187499999999,1.036,0.0,566.1479166666667,0.0,0.0,0.0,3303.5250658364207,2674.47182509568
2025-01-21,2025-01-21T09:10:00,True,0.0,0.0,1216.5696166666667,680.1670333333333,1.0147,0.0,536.4025833333334,0.0,0.0,0.0,2674.47182509568,2078.4689547253092
2025-01-21,2025-01-21T09:20:00,True,0.0,0.0,1198.1406,714.5665166666665,0.9922,0.0,483.57408333333336,0.0,0.0,0.0,2078.4689547253092,1541.1644176882721
2025-01-21,2025-01-21T09:30:00,True,0.0,0.0,1151.5916666666667,734.56875,0.97,0.0,0.0,417.0229166666667,0.0,0.0,1541.1644176882721,1541.1644176882721
2025-01-21,2025-01-21T09:40:00,True,0.0,0.0,1149.3555333333334,773.4791833333334,0.9422,0.0,0.0,375.87635,0.0,0.0,1541.1644176882721,1541.1644176882721
2025-01-21,2025-01-21T09:50:00,True,0.0,0.0,1195.4661166666665,829.0085666666666,0.9569,0.0,0.0,366.45754999999986,0.0,0.0,1541.1644176882721,1541.1644176882721
2025-01-21,2025-01-21T10:00:00,True,0.0,0.0,1236.5349999999999,886.8125,0.9977,0.0,307.0479759194449,42.674524080554995,0.0,0.0,1541.1644176882721,1200.0
2025-01-21,2025-01-21T10:10:00,True,0.0,0.0,1211.3386166666664,934.09325,0.9919,0.0,0.0,277.2453666666664,0.0,0.0,1200.0,1200.0
2025-01-21,2025-01-21T10:20:00,True,0.0,0.0,1181.94555,974.1188333333332,0.9588,0.0,0.0,207.8267166666667,0.0,0.0,1200.0,1200.0
2025-01-21,2025-01-21T10:30:00,True,0.0,0.0,1172.4983333333332,996.4499999999999,0.9549,0.0,0.0,176.0483333333333,0.0,0.0,1200.0,1200.0
2025-01-21,2025-01-21T10:40:00,True,0.0,0.0,1154.1555833333332,990.6205666666666,0.9839,0.0,0.0,163.5350166666666,0.0,0.0,1200.0,1200.0
2025-01-21,2025-01-21T10:50:00,True,53.07943722222194,53.07943722222194,1160.0931166666664,1014.2280999999999,0.799,0.0,0.0,92.78557944444458,0.0,0.0,1200.0,1200.0
2025-01-21,2025-01-21T11:00:00,True,859.0889000000002,859.0889000000002,1176.6033333333332,1077.45625,0.5025,746.5516902606292,0.0,0.0,13.390126406037737,1.0,1200.0,1871.8965212345663
2025-01-21,2025-01-21T11:10:00,True,844.8031705555558,844.8031705555558,1152.5735666666665,1134.5871166666666,0.4662,-0.0,0.0,0.0,826.8167205555559,0.0,1871.8965212345663,1871.8965212345663
2025-01-21,2025-01-21T11:20:00,True,829.986110277778,829.986110277778,1137.1097666666665,1174.6662,0.5007,833.3333333333316,0.0,0.0,34.2092102777799,1.0,1871.8965212345663,2621.8965212345647
2025-01-21,2025-01-21T11:30:00,True,818.0230416666665,818.0230416666665,1142.4216666666666,1193.1875,0.4827,833.3333333333334,0.0,0.0,35.45554166666648,1.0,2621.8965212345647,3371.8965212345647
2025-01-21,2025-01-21T11:40:00,True,807.286381388889,807.286381388889,1127.2828666666665,1187.3499499999998,0.4785,833.3333333333334,0.0,0.0,34.02013138888901,1.0,3371.8965212345647,4121.896521234565
2025-01-21,2025-01-21T11:50:00,True,777.6385786111109,777.6385786111109,1088.1384833333332,1172.6857333333332,0.4662,833.3333333333333,0.0,0.0,28.852495277777734,1.0,4121.896521234565,4871.896521234565
2025-01-21,2025-01-21T12:00:00,True,735.3191833333334,735.3191833333334,1050.5883333333331,1162.59375,0.4432,833.3333333333334,0.0,0.0,13.991266666666888,1.0,4871.896521234565,5621.896521234565
2025-01-21,2025-01-21T12:10:00,True,724.8659413888892,724.8659413888892,1046.4406333333332,1162.7233166666665,0.4411,833.3333333333333,0.0,0.0,7.81529138888925,1.0,5621.896521234565,6371.896521234565
2025-01-21,2025-01-21T12:20:00,True,723.5654377777779,723.5654377777779,1056.8272833333333,1173.8092499999998,0.4551,833.3333333333334,0.0,0.0,7.214071111111025,1.0,6371.896521234565,7121.896521234565
2025-01-21,2025-01-21T12:30:00,True,721.6925250000002,721.6925250000002,1065.5566666666666,1174.6812499999999,0.4463,830.8171083333334,0.0,0.0,0.0,1.0,7121.896521234565,7869.631918734565
2025-01-21,2025-01-21T12:40:00,True,720.2611913888891,720.2611913888891,1072.8366166666665,1140.1619166666665,0.4113,787.586491388889,0.0,0.0,0.0,1.0,7869.631918734565,8578.459760984566
2025-01-21,2025-01-21T12:50:00,True,737.909108611111,737.909108611111,1082.0754,1109.9187333333332,0.5682,765.7524419444443,0.0,0.0,0.0,1.0,8578.459760984566,9267.636958734565
2025-01-21,2025-01-21T13:00:00,True,0.0,0.0,1093.26,1091.6187499999999,0.8279,0.0,0.0,1.6412500000001273,0.0,0.0,9267.636958734565,9267.636958734565
2025-01-21,2025-01-21T13:10:00,True,0.0,0.0,1102.4355,1054.1222666666665,0.8636,0.0,0.0,48.31323333333353,0.0,0.0,9267.636958734565,9267.636958734565
2025-01-21,2025-01-21T13:20:00,True,0.0,0.0,1105.6931,1005.2541833333332,0.8416,0.0,0.0,100.43891666666673,0.0,0.0,9267.636958734565,9267.636958734565
2025-01-21,2025-01-21T13:30:00,True,30.220233333333,30.220233333333,1090.355,972.9624999999999,0.8618,0.0,0.0,87.17226666666716,0.0,0.0,9267.636958734565,9267.636958734565
2025-01-21,2025-01-21T13:40:00,True,53.57378694444412,53.57378694444412,1053.0855666666666,976.3797666666666,0.8623,0.0,0.0,23.132013055555944,0.0,0.0,9267.636958734565,9267.636958734565
2025-01-21,2025-01-21T13:50:00,True,0.0,0.0,1059.2457333333332,962.4946499999999,0.9026,0.0,0.0,96.75108333333333,0.0,0.0,9267.636958734565,9267.636958734565
2025-01-21,2025-01-21T14:00:00,True,0.0,0.0,1101.1016666666665,917.4125,0.9754,0.0,123.83567257222364,59.853494094442794,0.0,0.0,9267.636958734565,9130.04176698765
2025-01-21,2025-01-21T14:10:00,True,0.0,0.0,1106.1867333333332,870.8613166666667,1.0002,0.0,235.32541666666657,0.0,0.0,0.0,9130.04176698765,8868.569081802465
2025-01-21,2025-01-21T14:20:00,True,0.0,0.0,1102.6891999999998,800.4657666666667,0.9978,0.0,38.511195833333204,263.7122374999999,0.0,0.0,8868.569081802465,8825.778864209873
2025-01-21,2025-01-21T14:30:00,True,0.0,0.0,1102.2366666666667,725.925,1.0271,0.0,209.20455833333494,167.10710833333178,0.0,0.0,8825.778864209873,8593.329354950612
2025-01-21,2025-01-21T14:40:00,True,0.0,0.0,1084.1248666666665,698.4458500000001,1.0906,0.0,262.3162347222219,123.36278194444458,0.0,0.0,8593.329354950612,8301.866871925922
2025-01-21,2025-01-21T14:50:00,True,0.0,0.0,1068.3042666666665,674.1968666666667,0.9376,0.0,0.0,394.10739999999987,0.0,0.0,8301.866871925922,8301.866871925922
2025-01-21,2025-01-21T15:00:00,True,1193.76325,1193.76325,1065.1799999999998,627.05,0.6694,755.6332500000001,0.0,0.0,0.0,1.0,8301.866871925922,8981.936796925922
2025-01-21,2025-01-21T15:10:00,True,1239.6674619444443,1239.6674619444443,1068.2598666666665,569.6959499999999,0.66,741.1035452777777,0.0,0.0,0.0,1.0,8981.936796925922,9648.929987675921
2025-01-21,2025-01-21T15:20:00,True,500.0359959636503,1282.079795277778,1083.23185,502.22496666666666,0.7217,701.0729119444447,0.0,0.0,0.0,1.0,9648.929987675921,10279.895608425923
2025-01-21,2025-01-21T15:30:00,True,485.99404166666653,770.4700256378641,1097.5683333333332,430.80625,0.7308,103.70794230453089,0.0,0.0,0.0,1.0,10279.895608425923,10373.2327565
2025-01-21,2025-01-21T15:40:00,True,538.876938611111,555.0707663888888,1085.3857833333332,369.22546666666665,0.7534,0.0,0.0,161.08955027777847,0.0,0.0,10373.2327565,10373.2327565
2025-01-21,2025-01-21T15:50:00,True,590.0747572222219,613.6899044444441,1053.6657166666666,322.54994999999997,0.7823,0.0,-1.6370904631912707e-12,117.42586222222235,0.0,0.0,10373.2327565,10373.232756500001
2025-01-21,2025-01-21T16:00:00,True,632.0675833333336,663.1040500000003,1026.0149999999999,284.03749999999997,0.8055,0.0,0.0,78.87344999999914,0.0,0.0,10373.232756500001,10373.232756500001
2025-01-21,2025-01-21T16:10:00,True,671.0541155555559,697.1318238888889,1026.8283499999998,241.13928333333334,0.8271,0.0,0.0,88.55724277777699,0.0,0.0,10373.232756500001,10373.232756500001
2025-01-21,2025-01-21T16:20:00,True,710.6844027777776,731.8033527777778,1050.2959,196.05728333333332,0.8519,0.0,0.0,122.43526388888858,0.0,0.0,10373.232756500001,10373.232756500001
2025-01-21,2025-01-21T16:30:00,True,753.7790750000001,769.9392666666669,1067.8466666666666,152.13125,0.8791,0.0,1.6370904631912707e-12,145.7761499999997,0.0,0.0,10373.232756500001,10373.2327565
2025-01-21,2025-01-21T16:40:00,True,799.9974505555559,811.198883888889,1051.1191833333332,109.42035,0.9024,0.0,-1.6370904631912707e-12,130.4999494444437,0.0,0.0,10373.2327565,10373.232756500001
2025-01-21,2025-01-21T16:50:00,True,827.9927719444438,834.2354469444441,1031.7794833333332,65.84911666666666,0.9163,0.0,0.0,131.69491972222204,0.0,0.0,10373.232756500001,10373.232756500001
2025-01-21,2025-01-21T17:00:00,True,847.3463999999998,848.6303166666664,1027.2983333333332,27.25,0.9264,0.0,0.0,151.41801666666652,0.0,0.0,10373.232756500001,10373.232756500001
2025-01-21,2025-01-21T17:10:00,True,848.9329286111108,850.0028591666663,1027.0610666666666,4.95215,0.9462,0.0,1.6370904631912707e-12,172.10605750000104,0.0,0.0,10373.232756500001,10373.2327565
2025-01-21,2025-01-21T17:20:00,True,851.8619913888886,852.7179358333331,1026.2390833333334,0.0,0.9742,0.0,-1.6370904631912707e-12,173.52114749999964,0.0,0.0,10373.2327565,10373.232756500001
2025-01-21,2025-01-21T17:30:00,True,859.607325,860.2492833333333,1036.6683333333333,0.0,0.9862,0.0,1.6370904631912707e-12,176.41905000000042,0.0,0.0,10373.232756500001,10373.2327565
2025-01-21,2025-01-21T17:40:00,True,880.9227936111113,881.3507658333334,1051.7018333333333,0.2830833333333333,0.976,0.0,-1.6370904631912707e-12,170.06798416666606,0.0,0.0,10373.2327565,10373.232756500001
2025-01-21,2025-01-21T17:50:00,True,797.463996388889,797.6779825000001,940.8711833333333,0.0,1.0742,0.0,1.6370904631912707e-12,143.19320083333332,0.0,0.0,10373.232756500001,10373.2327565
2025-01-21,2025-01-21T18:00:00,True,657.9505833333333,763.0633333333333,763.0633333333333,0.0,1.2313,0.0,0.0,0.0,7.394292073303887e-13,0.0,10373.2327565,10373.2327565
2025-01-21,2025-01-21T18:10:00,True,0.0,249.0450258166652,720.1234833333333,0.020316666666666663,1.2561,0.0,389.53793418333316,81.52020666666795,0.0,0.0,10373.2327565,9940.41282962963
2025-01-21,2025-01-21T18:20:00,True,659.4747083333334,659.4747083333334,709.9260333333333,0.0,1.2447,0.0,0.0,50.45132499999988,0.0,0.0,9940.41282962963,9940.41282962963
2025-01-21,2025-01-21T18:30:00,True,521.5803399999978,656.6258333333333,690.565,0.0,1.2545,0.0,-4.050093593832571e-13,33.939166666667184,0.0,0.0,9940.41282962963,9940.41282962963
2025-01-21,2025-01-21T18:40:00,True,651.2852008333333,651.2852008333333,722.31665,0.0014666666666666667,1.2522,0.0,-4.263256414560601e-14,71.0299825,0.0,0.0,9940.41282962963,9940.41282962963
2025-01-21,2025-01-21T18:50:00,True,0.0,0.0,724.61985,0.0,1.2881,0.0,650.0194433333329,74.60040666666718,0.0,0.0,9940.41282962963,9218.169003703704
2025-01-21,2025-01-21T19:00:00,True,0.0,0.0,693.3533333333332,0.0,1.3466,0.0,693.3533333333332,0.0,0.0,0.0,9218.169003703704,8447.776411111112
2025-01-21,2025-01-21T19:10:00,True,0.0,0.0,707.1670833333333,0.0,1.3523,0.0,707.1670833333333,0.0,0.0,0.0,8447.776411111112,7662.035207407408
2025-01-21,2025-01-21T19:20:00,True,0.0,0.0,725.1707166666666,0.0,1.3445,0.0,725.1707166666666,0.0,0.0,0.0,7662.035207407408,6856.289966666667
2025-01-21,2025-01-21T19:30:00,True,0.0,0.0,722.3216666666667,0.0,1.3483,0.0,722.3216666666667,0.0,0.0,0.0,6856.289966666667,6053.710337037038
2025-01-21,2025-01-21T19:40:00,True,0.0,0.0,718.5804499999999,0.0,1.349,0.0,718.5804499999999,0.0,0.0,0.0,6053.710337037038,5255.287614814815
2025-01-21,2025-01-21T19:50:00,True,0.0,0.0,724.9895666666666,0.0,1.3473,0.0,724.9895666666666,0.0,0.0,0.0,5255.287614814815,4449.7436518518525
2025-01-21,2025-01-21T20:00:00,True,0.0,0.0,726.55,0.0,1.3482,0.0,726.55,0.0,0.0,0.0,4449.7436518518525,3642.4658740740747
2025-01-21,2025-01-21T20:10:00,True,0.0,0.0,702.7431666666666,0.0,1.3513,0.0,702.7431666666666,0.0,0.0,0.0,3642.4658740740747,2861.6401333333342
2025-01-21,2025-01-21T20:20:00,True,0.0,0.0,701.4849166666665,0.0,1.34,0.0,173.70988000000114,527.7750366666654,0.0,0.0,2861.6401333333342,2668.6291555555554
2025-01-21,2025-01-21T20:30:00,True,0.0,0.0,727.2950000000001,0.0,1.3489,0.0,658.3397499999996,68.95525000000043,0.0,0.0,2668.6291555555554,1937.1405444444447
2025-01-21,2025-01-21T20:40:00,True,0.0,0.0,736.7568666666666,0.0,1.3952,0.0,663.4264900000002,73.33037666666644,0.0,0.0,1937.1405444444447,1200.0
2025-01-21,2025-01-21T20:50:00,True,669.0568874999999,669.0568874999999,737.5447166666665,0.0,1.2226,0.0,0.0,68.48782916666664,0.0,0.0,1200.0,1200.0
2025-01-21,2025-01-21T21:00:00,True,672.9035833333334,672.9035833333334,746.0766666666666,0.0,0.9332,0.0,0.0,73.17308333333324,0.0,0.0,1200.0,1200.0
2025-01-21,2025-01-21T21:10:00,True,673.4822975,673.4822975,762.9402666666666,0.0,0.9068,0.0,0.0,89.45796916666666,0.0,0.0,1200.0,1200.0
2025-01-21,2025-01-21T21:20:00,True,665.5745675000001,665.5745675000001,747.7405999999999,0.0,0.9371,0.0,0.0,82.1660324999998,0.0,0.0,1200.0,1200.0
2025-01-21,2025-01-21T21:30:00,True,668.0692500000001,668.0692500000001,730.7466666666666,0.0,0.9371,0.0,0.0,62.67741666666643,0.0,0.0,1200.0,1200.0
2025-01-21,2025-01-21T21:40:00,True,692.4548550000001,692.4548550000001,766.1499166666667,0.0,0.9871,0.0,0.0,73.69506166666667,0.0,0.0,1200.0,1200.0
2025-01-21,2025-01-21T21:50:00,True,628.2826783333334,628.2826783333334,691.4811833333333,0.0,0.7764,0.0,0.0,63.198504999999955,0.0,0.0,1200.0,1200.0
2025-01-21,2025-01-21T22:00:00,True,514.4745,514.4745,541.3149999999999,0.0,0.4209,0.0,0.0,26.840499999999906,0.0,0.0,1200.0,1200.0
2025-01-21,2025-01-21T22:10:00,True,509.03357333333315,509.03357333333315,525.76545,0.0,0.3859,0.0,0.0,16.731876666666835,0.0,0.0,1200.0,1200.0
2025-01-21,2025-01-21T22:20:00,True,529.8206008333334,529.8206008333334,553.44885,0.0,0.4368,0.0,0.0,23.628249166666592,0.0,0.0,1200.0,1200.0
2025-01-21,2025-01-21T22:30:00,True,524.8748333333333,524.8748333333333,562.5216666666666,0.0,0.4198,0.0,0.0,37.64683333333335,0.0,0.0,1200.0,1200.0
2025-01-21,2025-01-21T22:40:00,True,525.4918058333333,525.4918058333333,579.8782166666666,0.0,0.4186,0.0,0.0,54.38641083333334,0.0,0.0,1200.0,1200.0
2025-01-21,2025-01-21T22:50:00,True,527.7788274999999,527.7788274999999,560.8851833333333,0.0,0.4241,0.0,0.0,33.106355833333396,0.0,0.0,1200.0,1200.0
2025-01-21,2025-01-21T23:00:00,True,530.79775,530.79775,538.775,0.0,0.4237,0.0,0.0,7.977250000000026,0.0,0.0,1200.0,1200.0
2025-01-21,2025-01-21T23:10:00,True,541.6936441666666,541.6936441666666,591.6654333333333,0.0,0.4248,0.0,0.0,49.97178916666678,0.0,0.0,1200.0,1200.0
2025-01-21,2025-01-21T23:20:00,True,549.4478941666667,549.4478941666667,597.3510333333334,0.0,0.424,0.0,0.0,47.90313916666662,0.0,0.0,1200.0,1200.0
2025-01-21,2025-01-21T23:30:00,True,551.15525,551.15525,561.285,0.0,0.422,0.0,0.0,10.129749999999945,0.0,0.0,1200.0,1200.0
2025-01-21,2025-01-21T23:40:00,True,554.1776866666665,554.1776866666665,607.7586833333332,0.0,0.424,0.0,0.0,53.58099666666669,0.0,0.0,1200.0,1200.0
2025-01-21,2025-01-21T23:50:00,True,556.0189250000001,556.0189250000001,627.2609166666666,0.0,0.4271,0.0,0.0,71.24199166666654,0.0,0.0,1200.0,1200.0
2025-01-21,2025-01-22T00:00:00,True,554.0814035087718,557.2899166666666,587.8,0.0,0.4276,0.0,0.0,30.51008333333334,0.0,0.0,1200.0,1200.0
2025-01-22,2025-01-22T00:10:00,True,1396.79253015873,1396.79253015873,574.18485,0.0,0.4248,822.60768015873,0.0,0.0,1.0636691961081403e-13,1.0,1200.0,1940.346912142857
2025-01-22,2025-01-22T00:20:00,True,1401.7786595238094,1401.7786595238094,586.2798333333333,0.0,0.4245,815.4988261904762,0.0,0.0,0.0,1.0,1940.346912142857,2674.2958557142856
2025-01-22,2025-01-22T00:30:00,True,1403.9865079365081,1403.9865079365081,591.9283333333333,0.0,0.4269,812.0581746031748,0.0,0.0,0.0,1.0,2674.2958557142856,3405.148212857143
2025-01-22,2025-01-22T00:40:00,True,1401.2125388888887,1401.2125388888887,573.0724166666666,0.0,0.4272,828.1401222222221,0.0,0.0,0.0,1.0,3405.148212857143,4150.474322857142
2025-01-22,2025-01-22T00:50:00,True,1400.1154674603176,1400.1154674603176,600.2665666666667,0.0,0.4271,799.848900793651,0.0,0.0,0.0,1.0,4150.474322857142,4870.338333571428
2025-01-22,2025-01-22T01:00:00,True,1408.8142857142857,1408.8142857142857,655.79,0.0,0.4285,753.0242857142857,0.0,0.0,0.0,1.0,4870.338333571428,5548.060190714285
2025-01-22,2025-01-22T01:10:00,True,1261.2865865079366,1261.2865865079366,649.0018333333333,0.0,0.4311,612.2847531746033,0.0,0.0,0.0,1.0,5548.060190714285,6099.116468571428
2025-01-22,2025-01-22T01:20:00,True,1432.6287722222223,1432.6287722222223,636.5256833333333,0.0,0.4302,796.103088888889,0.0,0.0,0.0,1.0,6099.116468571428,6815.609248571429
2025-01-22,2025-01-22T01:30:00,True,1423.8570634920636,1423.8570634920636,640.7666666666667,0.0,0.4279,783.090396825397,0.0,0.0,0.0,1.0,6815.609248571429,7520.390605714286
2025-01-22,2025-01-22T01:40:00,True,593.3674515873016,593.3674515873016,628.515,0.0,0.4312,0.0,0.0,35.14754841269837,0.0,0.0,7520.390605714286,7520.390605714286
2025-01-22,2025-01-22T01:50:00,True,600.3333952380952,600.3333952380952,630.77035,0.0,0.4333,0.0,0.0,30.436954761904758,0.0,0.0,7520.390605714286,7520.390605714286
2025-01-22,2025-01-22T02:00:00,True,1439.0808730158728,1439.0808730158728,642.42,0.0,0.4311,796.6608730158729,0.0,0.0,0.0,1.0,7520.390605714286,8237.385391428572
2025-01-22,2025-01-22T02:10:00,True,1445.7834214285713,1445.7834214285713,627.6588166666667,0.0,0.4293,818.1246047619046,0.0,0.0,0.0,1.0,8237.385391428572,8973.697535714286
2025-01-22,2025-01-22T02:20:00,True,616.3773611111112,616.3773611111112,636.3426333333333,0.0,0.4324,0.0,5.222489107836736e-13,19.965272222221575,0.0,0.0,8973.697535714286,8973.697535714286
2025-01-22,2025-01-22T02:30:00,True,618.2592857142857,618.2592857142857,662.8716666666667,0.0,0.4367,0.0,-7.460698725481052e-13,44.61238095238168,0.0,0.0,8973.697535714286,8973.697535714286
2025-01-22,2025-01-22T02:40:00,True,623.0756396825394,623.0756396825394,650.8473166666666,0.0,0.4348,0.0,5.471179065352771e-13,27.771676984126678,0.0,0.0,8973.697535714286,8973.697535714286
2025-01-22,2025-01-22T02:50:00,True,626.5126944444446,626.5126944444446,647.6905666666667,0.0,0.4335,0.0,6.359357485052897e-13,21.177872222221414,0.0,0.0,8973.697535714286,8973.697535714286
2025-01-22,2025-01-22T03:00:00,True,627.291746031746,627.291746031746,663.9966666666667,0.0,0.4357,0.0,-6.323830348264892e-13,36.70492063492129,0.0,0.0,8973.697535714286,8973.697535714286
2025-01-22,2025-01-22T03:10:00,True,629.9764714285715,629.9764714285715,664.1129999999999,0.0,0.4374,0.0,-4.973799150320701e-13,34.13652857142897,0.0,0.0,8973.697535714286,8973.697535714286
2025-01-22,2025-01-22T03:20:00,True,640.007396031746,640.007396031746,679.3531166666667,0.0,0.4371,0.0,-5.684341886080801e-13,39.345720634921236,0.0,0.0,8973.697535714286,8973.697535714286
2025-01-22,2025-01-22T03:30:00,True,645.5238095238095,645.5238095238095,700.01,0.0,0.4356,0.0,5.258016244624741e-13,54.48619047618995,0.0,0.0,8973.697535714286,8973.697535714286
2025-01-22,2025-01-22T03:40:00,True,631.0592277777777,631.0592277777777,682.9182833333332,0.0,0.4353,0.0,-2.913225216616411e-13,51.85905555555582,0.0,0.0,8973.697535714286,8973.697535714286
2025-01-22,2025-01-22T03:50:00,True,634.3549095238095,634.3549095238095,681.7737166666666,0.0,0.436,0.0,0.0,47.41880714285708,0.0,0.0,8973.697535714286,8973.697535714286
2025-01-22,2025-01-22T04:00:00,True,656.3185714285712,656.3185714285712,703.4549999999999,0.0,0.4378,0.0,0.0,47.13642857142872,0.0,0.0,8973.697535714286,8973.697535714286
2025-01-22,2025-01-22T04:10:00,True,658.7637492063493,658.7637492063493,702.4732666666666,0.0,0.4401,0.0,0.0,43.70951746031733,0.0,0.0,8973.697535714286,8973.697535714286
2025-01-22,2025-01-22T04:20:00,True,648.3821095238094,648.3821095238094,708.5874,0.0,0.4389,0.0,0.0,60.20529047619061,0.0,0.0,8973.697535714286,8973.697535714286
2025-01-22,2025-01-22T04:30:00,True,642.3943650793651,642.3943650793651,726.0799999999999,0.0,0.4364,0.0,0.0,83.68563492063481,0.0,0.0,8973.697535714286,8973.697535714286
2025-01-22,2025-01-22T04:40:00,True,651.0689063492064,651.0689063492064,720.1700000000001,0.0,0.4393,0.0,0.0,69.1010936507937,0.0,0.0,8973.697535714286,8973.697535714286
2025-01-22,2025-01-22T04:50:00,True,662.2224325396827,662.2224325396827,682.4008166666666,0.0,0.4422,0.0,0.0,20.17838412698393,0.0,0.0,8973.697535714286,8973.697535714286
2025-01-22,2025-01-22T05:00:00,True,666.7926190476193,666.7926190476193,663.175,0.0,0.4395,3.617619047619314,0.0,0.0,0.0,1.0,8973.697535714286,8976.953392857144
2025-01-22,2025-01-22T05:10:00,True,666.5501563492063,666.5501563492063,724.4543166666667,0.0,0.4333,0.0,0.0,57.90416031746042,0.0,0.0,8976.953392857144,8976.953392857144
2025-01-22,2025-01-22T05:20:00,True,670.7418087301588,670.7418087301588,770.8445666666667,0.0015833333333333333,0.4439,0.0,0.0,100.10117460317451,0.0,0.0,8976.953392857144,8976.953392857144
2025-01-22,2025-01-22T05:30:00,True,1501.5368253968254,1501.5368253968254,747.53,0.0,0.4301,754.0068253968254,0.0,0.0,0.0,1.0,8976.953392857144,9655.559535714287
2025-01-22,2025-01-22T05:40:00,True,1484.798330952381,1484.798330952381,701.5329666666667,0.0,0.3713,783.2653642857144,0.0,0.0,0.0,1.0,9655.559535714287,10360.498363571429
2025-01-22,2025-01-22T05:50:00,True,710.0343285714288,710.0343285714288,757.6382,0.022116666666666666,0.5708,0.0,0.0,47.58175476190445,0.0,0.0,10360.498363571429,10360.498363571429
2025-01-22,2025-01-22T06:00:00,True,0.0,51.94999999999993,885.2833333333333,0.0,0.9099,0.0,833.3333333333343,-9.094947017729282e-13,0.0,0.0,10360.498363571429,9434.572437645502
2025-01-22,2025-01-22T06:10:00,True,0.0,0.0,925.7947166666665,0.0,0.9368,0.0,833.3333333333334,92.46138333333317,0.0,0.0,9434.572437645502,8508.646511719577
2025-01-22,2025-01-22T06:20:00,True,793.9610174603175,793.9610174603175,903.4825999999999,0.30798333333333333,0.8758,0.0,0.0,109.21359920634904,0.0,0.0,8508.646511719577,8508.646511719577
2025-01-22,2025-01-22T06:30:00,True,541.0153853174609,783.4232833333332,886.1233333333332,0.0,0.8759,0.0,0.0,102.70005000000003,0.0,0.0,8508.646511719577,8508.646511719577
2025-01-22,2025-01-22T06:40:00,True,796.5310261904762,796.5310261904762,911.3681666666666,0.0,0.8601,0.0,0.0,114.83714047619048,0.0,0.0,8508.646511719577,8508.646511719577
2025-01-22,2025-01-22T06:50:00,True,792.4918496031745,792.4918496031745,916.3569166666666,5.389633333333333,0.8442,0.0,0.0,118.47543373015878,0.0,0.0,8508.646511719577,8508.646511719577
2025-01-22,2025-01-22T07:00:00,True,792.4909944444446,793.2377277777779,886.53,29.699999999999996,0.8334,0.0,0.0,63.59227222222205,0.0,0.0,8508.646511719577,8508.646511719577
2025-01-22,2025-01-22T07:10:00,True,750.9696595238095,754.9078817460318,877.55945,72.22711666666666,0.8092,0.0,0.0,50.42445158730152,0.0,0.0,8508.646511719577,8508.646511719577
2025-01-22,2025-01-22T07:20:00,True,710.743734920635,717.873446031746,927.696,122.24303333333333,0.7972,0.0,0.0,87.57952063492075,0.0,0.0,8508.646511719577,8508.646511719577
2025-01-22,2025-01-22T07:30:00,True,649.4566269841271,659.7778269841272,960.415,170.89374999999998,0.7644,0.0,0.0,129.74342301587285,0.0,0.0,8508.646511719577,8508.646511719577
2025-01-22,2025-01-22T07:40:00,True,1399.8094293650793,1413.3221182539683,883.4682166666666,216.44985,0.6899,746.3037515873016,0.0,0.0,0.0,1.0,8508.646511719577,9180.319888148148
2025-01-22,2025-01-22T07:50:00,True,608.8415547619047,625.5457325396824,963.1933833333333,266.07896666666664,0.86,0.0,0.0,71.56868412698418,0.0,0.0,9180.319888148148,9180.319888148148
2025-01-22,2025-01-22T08:00:00,True,0.0,0.0,1170.62,315.92499999999995,1.1617,0.0,833.3333333333334,21.361666666666565,0.0,0.0,9180.319888148148,8254.393962222222
2025-01-22,2025-01-22T08:10:00,True,0.0,0.0,1202.53425,355.77956666666665,1.1683,0.0,833.3333333333334,13.421349999999961,0.0,0.0,8254.393962222222,7328.468036296296
2025-01-22,2025-01-22T08:20:00,True,0.0,0.0,1195.8467333333333,401.6345166666666,1.0956,0.0,794.2122166666667,0.0,0.0,0.0,7328.468036296296,6446.010017777778
2025-01-22,2025-01-22T08:30:00,True,0.0,0.0,1230.2133333333331,449.47499999999997,1.0849,0.0,780.7383333333332,0.0,0.0,0.0,6446.010017777778,5578.52298074074
2025-01-22,2025-01-22T08:40:00,True,0.0,0.0,1234.79855,480.8554333333333,1.061,0.0,753.9431166666667,0.0,0.0,0.0,5578.52298074074,4740.808406666666
2025-01-22,2025-01-22T08:50:00,True,0.0,0.0,1222.1721333333332,524.6172666666666,1.043,0.0,697.5548666666666,0.0,0.0,0.0,4740.808406666666,3965.747443703703
2025-01-22,2025-01-22T09:00:00,True,0.0,0.0,1210.6666666666665,580.8249999999999,1.036,0.0,629.8416666666666,0.0,0.0,0.0,3965.747443703703,3265.923369629629
2025-01-22,2025-01-22T09:10:00,True,0.0,0.0,1201.2763666666665,621.84825,1.0147,0.0,579.4281166666665,0.0,0.0,0.0,3265.923369629629,2622.114351111111
2025-01-22,2025-01-22T09:20:00,True,0.0,0.0,1193.65515,671.0419833333333,0.9922,0.0,522.6131666666668,0.0,0.0,0.0,2622.114351111111,2041.4330548148146
2025-01-22,2025-01-22T09:30:00,True,0.0,0.0,1190.0316666666665,723.9125,0.97,0.0,88.25564615872979,377.8635205079366,0.0,0.0,2041.4330548148146,1943.3712257495592
2025-01-22,2025-01-22T09:40:00,True,0.0,0.0,1193.1845833333332,746.61415,0.9422,0.0,-2.0463630789890883e-13,446.5704333333332,0.0,0.0,1943.3712257495592,1943.3712257495595
2025-01-22,2025-01-22T09:50:00,True,0.0,0.0,1197.5524999999998,752.3534999999999,0.9569,0.0,0.0,445.19899999999984,0.0,0.0,1943.3712257495595,1943.3712257495595
2025-01-22,2025-01-22T10:00:00,True,0.0,0.0,1203.4883333333332,772.9937499999999,0.9977,0.0,430.4945833333333,0.0,0.0,0.0,1943.3712257495595,1465.0439109347446
2025-01-22,2025-01-22T10:10:00,True,0.0,0.0,1211.43895,831.0097999999999,0.9919,0.0,238.53951984127016,141.88963015872991,0.0,0.0,1465.0439109347446,1200.0
2025-01-22,2025-01-22T10:20:00,True,0.0,0.0,1192.1108666666667,886.6982333333333,0.9588,0.0,0.0,305.41263333333336,0.0,0.0,1200.0,1200.0
2025-01-22,2025-01-22T10:30:00,True,0.0,0.0,1154.2166666666667,910.7875,0.9549,0.0,0.0,243.42916666666667,0.0,0.0,1200.0,1200.0
2025-01-22,2025-01-22T10:40:00,True,0.0,0.0,1140.6711166666666,908.6717666666666,0.9839,0.0,0.0,231.99935000000005,0.0,0.0,1200.0,1200.0
2025-01-22,2025-01-22T10:50:00,True,158.41724365079324,158.41724365079324,1148.8656166666665,918.2567833333333,0.799,0.0,0.0,72.19158968253998,0.0,0.0,1200.0,1200.0
2025-01-22,2025-01-22T11:00:00,True,974.7501031746034,974.7501031746034,1159.4416666666666,940.6499999999999,0.5025,755.9584365079369,0.0,0.0,-9.278319312150486e-14,1.0,1200.0,1880.3625928571432
2025-01-22,2025-01-22T11:10:00,True,959.1376186507938,962.7084408730158,1156.4665833333333,946.3401,0.4662,752.5819575396824,0.0,0.0,0.0,1.0,1880.3625928571432,2557.6863546428576
2025-01-22,2025-01-22T11:20:00,True,943.4270079365077,957.8559357142856,1156.25685,959.8560666666667,0.5007,761.4551523809523,0.0,0.0,0.0,1.0,2557.6863546428576,3242.995991785715
2025-01-22,2025-01-22T11:30:00,True,931.4238035714284,956.7108369047618,1162.0966666666666,973.2124999999999,0.4827,767.8266702380951,0.0,0.0,0.0,1.0,3242.995991785715,3934.0399950000005
2025-01-22,2025-01-22T11:40:00,True,919.6147642857142,955.7599031746029,1155.07595,954.5582166666666,0.4785,755.2421698412695,0.0,0.0,0.0,1.0,3934.0399950000005,4613.757947857143
2025-01-22,2025-01-22T11:50:00,True,888.6519900793649,935.6552345238094,1114.2599666666665,959.1561666666666,0.4662,780.5514345238096,0.0,0.0,0.0,1.0,4613.757947857143,5316.254238928572
2025-01-22,2025-01-22T12:00:00,True,845.6969484126982,915.5804166666667,1067.5783333333334,985.33125,0.4432,833.3333333333333,0.0,0.0,0.0,1.0,5316.254238928572,6066.254238928572
2025-01-22,2025-01-22T12:10:00,True,851.5677277777778,893.4421805555558,1067.8196333333333,977.82975,0.4411,803.4522972222225,0.0,0.0,0.0,1.0,6066.254238928572,6789.361306428572
2025-01-22,2025-01-22T12:20:00,True,866.8475126984127,892.7350682539683,1073.0706,981.3263833333333,0.4551,800.9908515873016,0.0,0.0,0.0,1.0,6789.361306428572,7510.253072857144
2025-01-22,2025-01-22T12:30:00,True,881.5032285714287,891.4038869047621,1072.1433333333332,1005.64375,0.4463,824.9043035714288,0.0,0.0,0.0,1.0,7510.253072857144,8252.66694607143
2025-01-22,2025-01-22T12:40:00,True,896.5104753968257,896.5104753968257,1095.1417166666665,1008.6700666666667,0.4113,810.0388253968258,0.0,0.0,0.0,1.0,8252.66694607143,8981.701888928572
2025-01-22,2025-01-22T12:50:00,True,929.7817150793652,929.7817150793652,1118.5897833333333,983.9940833333333,0.5682,795.1860150793651,0.0,0.0,0.0,1.0,8981.701888928572,9697.369302500001
2025-01-22,2025-01-22T13:00:00,True,138.326572222222,138.326572222222,1128.1333333333332,948.8625,0.8279,0.0,0.0,40.944261111111246,0.0,0.0,9697.369302500001,9697.369302500001
2025-01-22,2025-01-22T13:10:00,True,166.23676349206335,166.23676349206335,1126.1263666666666,924.2569833333333,0.8636,0.0,0.0,35.63261984126996,0.0,0.0,9697.369302500001,9697.369302500001
2025-01-22,2025-01-22T13:20:00,True,190.68864841269829,190.68864841269829,1091.8262666666665,890.8607999999999,0.8416,0.0,0.0,10.276818253968258,0.0,0.0,9697.369302500001,9697.369302500001
2025-01-22,2025-01-22T13:30:00,True,216.40067460317437,216.40067460317437,1056.5333333333333,842.4499999999999,0.8618,2.3173412698409948,0.0,0.0,0.0,1.0,9697.369302500001,9699.454909642858
2025-01-22,2025-01-22T13:40:00,True,231.49171269841258,231.49171269841258,1081.6439666666665,794.6560833333333,0.8623,0.0,0.0,55.496170634920645,0.0,0.0,9699.454909642858,9699.454909642858
2025-01-22,2025-01-22T13:50:00,True,98.56680079365015,98.56680079365015,1118.1821833333333,756.6756999999999,0.9026,0.0,0.0,262.9396825396833,0.0,0.0,9699.454909642858,9699.454909642858
2025-01-22,2025-01-22T14:00:00,True,0.0,0.0,1123.6866666666665,722.8874999999999,0.9754,0.0,400.79916666666657,0.0,0.0,0.0,9699.454909642858,9254.12250223545
2025-01-22,2025-01-22T14:10:00,True,0.0,0.0,1100.38085,685.0337666666666,1.0002,0.0,415.34708333333344,0.0,0.0,0.0,9254.12250223545,8792.62574297619
2025-01-22,2025-01-22T14:20:00,True,0.0,0.0,1088.1194666666665,673.8711166666667,0.9978,0.0,203.39641173809397,210.85193826190587,0.0,0.0,8792.62574297619,8566.629729933864
2025-01-22,2025-01-22T14:30:00,True,0.0,0.0,1087.4716666666666,678.8249999999999,1.0271,0.0,314.41524404762015,94.2314226190465,0.0,0.0,8566.629729933864,8217.27945876984
2025-01-22,2025-01-22T14:40:00,True,0.0,0.0,1068.4849333333332,656.07765,1.0906,0.0,334.37080952381007,78.03647380952316,0.0,0.0,8217.27945876984,7845.756337076718
2025-01-22,2025-01-22T14:50:00,True,0.0,0.0,1069.8579833333333,632.0391333333333,0.9376,0.0,-2.3874235921539366e-12,437.8188500000024,0.0,0.0,7845.756337076718,7845.756337076721
2025-01-22,2025-01-22T15:00:00,True,1183.625857936508,1201.688307936508,1090.915,612.3812499999999,0.6694,723.1545579365079,0.0,0.0,0.0,1.0,7845.756337076721,8496.595439219578
2025-01-22,2025-01-22T15:10:00,True,1233.07158015873,1246.3103884920633,1088.9182166666665,570.6106166666666,0.66,728.0027884920635,0.0,0.0,0.0,1.0,8496.595439219578,9151.797948862435
2025-01-22,2025-01-22T15:20:00,True,1278.4711484126985,1286.8863150793652,1080.4210166666667,507.59185,0.7217,714.0571484126986,0.0,0.0,0.0,1.0,9151.797948862435,9794.449382433864
2025-01-22,2025-01-22T15:30:00,True,488.16200158730135,1085.6290187242776,1080.7183333333332,444.79374999999993,0.7308,449.70443539094424,0.0,0.0,0.0,1.0,9794.449382433864,10199.183374285714
2025-01-22,2025-01-22T15:40:00,True,543.5273087301586,543.5273087301586,1083.3101,405.7295,0.7534,0.0,1.6370904631912707e-12,134.0532912698418,0.0,0.0,10199.183374285714,10199.183374285712
2025-01-22,2025-01-22T15:50:00,True,596.3574214285713,596.3574214285713,1063.32675,369.6503666666666,0.7823,0.0,0.0,97.31896190476255,0.0,0.0,10199.183374285712,10199.183374285712
2025-01-22,2025-01-22T16:00:00,True,640.6146531746034,640.6146531746034,1036.4633333333331,325.33124999999995,0.8055,0.0,0.0,70.51743015873035,0.0,0.0,10199.183374285712,10199.183374285712
2025-01-22,2025-01-22T16:10:00,True,678.974252777778,678.974252777778,1044.944,279.76165,0.8271,0.0,-1.6370904631912707e-12,86.20809722222111,0.0,0.0,10199.183374285712,10199.183374285714
2025-01-22,2025-01-22T16:20:00,True,719.0257238095237,719.0257238095237,1058.5720833333332,230.1162,0.8519,0.0,1.6370904631912707e-12,109.43015952381029,0.0,0.0,10199.183374285714,10199.183374285712
2025-01-22,2025-01-22T16:30:00,True,762.0948575396828,762.0948575396828,1059.4116666666666,177.025,0.8791,0.0,0.0,120.29180912698394,0.0,0.0,10199.183374285712,10199.183374285712
2025-01-22,2025-01-22T16:40:00,True,806.5066492063495,806.5066492063495,1057.93005,125.64858333333332,0.9024,0.0,-1.6370904631912707e-12,125.77481746031663,0.0,0.0,10199.183374285712,10199.183374285714
2025-01-22,2025-01-22T16:50:00,True,833.4387599206343,833.4387599206343,1055.0228833333333,75.09148333333333,0.9163,0.0,1.6370904631912707e-12,146.49264007936654,0.0,0.0,10199.183374285714,10199.183374285712
2025-01-22,2025-01-22T17:00:00,True,852.8482365079362,852.8482365079362,1054.685,31.3,0.9264,0.0,0.0,170.53676349206398,0.0,0.0,10199.183374285712,10199.183374285712
2025-01-22,2025-01-22T17:10:00,True,854.8591349206346,854.8591349206346,1060.0607333333332,5.758466666666667,0.9462,0.0,-1.6370904631912707e-12,199.4431317460312,0.0,0.0,10199.183374285712,10199.183374285714
2025-01-22,2025-01-22T17:20:00,True,858.1207936507933,858.1207936507933,1049.665883333333,0.0,0.9742,0.0,1.6370904631912707e-12,191.5450896825405,0.0,0.0,10199.183374285714,10199.183374285712
2025-01-22,2025-01-22T17:30:00,True,866.5051500000002,866.5051500000002,1043.5283333333332,0.0,0.9862,0.0,-1.6370904631912707e-12,177.02318333333278,0.0,0.0,10199.183374285712,10199.183374285714
2025-01-22,2025-01-22T17:40:00,True,888.0326944444446,888.0326944444446,1060.2211666666667,0.33021666666666666,0.976,0.0,0.0,171.85825555555493,0.0,0.0,10199.183374285714,10199.183374285714
2025-01-22,2025-01-22T17:50:00,True,803.7816928571428,803.7816928571428,933.7647166666667,0.0,1.0742,0.0,0.0,129.98302380952373,0.0,0.0,10199.183374285714,10199.183374285714
2025-01-22,2025-01-22T18:00:00,True,662.9559523809523,729.0566666666666,729.0566666666666,0.0,1.2313,0.0,0.0,0.0,-7.312210060307832e-13,0.0,10199.183374285714,10199.183374285714
2025-01-22,2025-01-22T18:10:00,True,0.0,445.0324028253965,694.8075666666666,0.0237,1.2561,0.0,197.43343923809388,52.31802460317704,0.0,0.0,10199.183374285714,9979.812886243388
2025-01-22,2025-01-22T18:20:00,True,661.8771523809525,661.8771523809525,711.4564499999999,0.0,1.2447,0.0,1.4779288903810084e-12,49.579297619045974,0.0,0.0,9979.812886243388,9979.812886243386
2025-01-22,2025-01-22T18:30:00,True,562.5394238095232,658.2419841269841,715.3283333333334,0.0,1.2545,0.0,0.0,57.08634920634927,0.0,0.0,9979.812886243386,9979.812886243386
2025-01-22,2025-01-22T18:40:00,True,654.6676507936509,654.6676507936509,758.71155,0.0017000000000000001,1.2522,0.0,0.0,104.0421992063491,0.0,0.0,9979.812886243386,9979.812886243386
2025-01-22,2025-01-22T18:50:00,True,0.0,0.0,759.0705166666667,0.0,1.2881,0.0,653.5718436507921,105.49867301587454,0.0,0.0,9979.812886243386,9253.621948853617
2025-01-22,2025-01-22T19:00:00,True,0.0,0.0,719.93,0.0,1.3466,0.0,719.93,0.0,0.0,0.0,9253.621948853617,8453.699726631396
2025-01-22,2025-01-22T19:10:00,True,0.0,0.0,729.96585,0.0,1.3523,0.0,729.96585,0.0,0.0,0.0,8453.699726631396,7642.626559964729
2025-01-22,2025-01-22T19:20:00,True,0.0,0.0,736.064,0.0,1.3445,0.0,736.064,0.0,0.0,0.0,7642.626559964729,6824.77767107584
2025-01-22,2025-01-22T19:30:00,True,0.0,0.0,723.6033333333332,0.0,1.3483,0.0,723.6033333333332,0.0,0.0,0.0,6824.77767107584,6020.773967372136
2025-01-22,2025-01-22T19:40:00,True,0.0,0.0,734.9625833333332,0.0,1.349,0.0,734.9625833333332,0.0,0.0,0.0,6020.773967372136,5204.148874779544
2025-01-22,2025-01-22T19:50:00,True,0.0,0.0,741.5478833333333,0.0,1.3473,0.0,741.5478833333333,0.0,0.0,0.0,5204.148874779544,4380.206782186951
2025-01-22,2025-01-22T20:00:00,True,0.0,0.0,744.5799999999999,0.0,1.3482,0.0,744.5799999999999,0.0,0.0,0.0,4380.206782186951,3552.8956710758403
2025-01-22,2025-01-22T20:10:00,True,0.0,0.0,772.7663833333332,0.0,1.3513,0.0,772.7663833333332,0.0,0.0,0.0,3552.8956710758403,2694.2663562610255
2025-01-22,2025-01-22T20:20:00,True,0.0,0.0,774.0756333333334,0.0,1.34,0.0,16.29797460317718,757.7776587301562,0.0,0.0,2694.2663562610255,2676.1574955908286
2025-01-22,2025-01-22T20:30:00,True,0.0,0.0,740.6966666666667,0.0,1.3489,0.0,661.6233333333328,79.07333333333395,0.0,0.0,2676.1574955908286,1941.0204585537922
2025-01-22,2025-01-22T20:40:00,True,0.0,0.0,721.0919999999999,0.0,1.3952,0.0,666.9184126984129,54.17358730158697,0.0,0.0,1941.0204585537922,1200.0
2025-01-22,2025-01-22T20:50:00,True,672.3182126984126,672.3182126984126,728.3908833333332,0.0,1.2226,0.0,0.0,56.072670634920655,0.0,0.0,1200.0,1200.0
2025-01-22,2025-01-22T21:00:00,True,676.3880158730159,676.3880158730159,750.6916666666666,0.0,0.9332,0.0,0.0,74.30365079365072,0.0,0.0,1200.0,1200.0
2025-01-22,2025-01-22T21:10:00,True,677.7422007936508,677.7422007936508,764.7712833333333,0.0,0.9068,0.0,0.0,87.02908253968246,0.0,0.0,1200.0,1200.0
2025-01-22,2025-01-22T21:20:00,True,669.4872357142857,669.4872357142857,765.1856666666665,0.0,0.9371,0.0,0.0,95.69843095238082,0.0,0.0,1200.0,1200.0
2025-01-22,2025-01-22T21:30:00,True,671.053888888889,671.053888888889,776.7866666666666,0.0,0.9371,0.0,0.0,105.73277777777764,0.0,0.0,1200.0,1200.0
2025-01-22,2025-01-22T21:40:00,True,695.9641436507937,695.9641436507937,810.8727333333333,0.0,0.9871,0.0,0.0,114.90858968253951,0.0,0.0,1200.0,1200.0
2025-01-22,2025-01-22T21:50:00,True,631.2921309523811,631.2921309523811,731.2814166666667,0.0,0.7764,0.0,0.0,99.98928571428564,0.0,0.0,1200.0,1200.0
2025-01-22,2025-01-22T22:00:00,True,515.7526190476191,515.7526190476191,580.3149999999999,0.0,0.4209,0.0,0.0,64.56238095238086,0.0,0.0,1200.0,1200.0
2025-01-22,2025-01-22T22:10:00,True,509.83032936507925,509.83032936507925,552.19075,0.0,0.3859,0.0,0.0,42.36042063492073,0.0,0.0,1200.0,1200.0
2025-01-22,2025-01-22T22:20:00,True,530.9457555555557,530.9457555555557,588.02055,0.0,0.4368,0.0,0.0,57.07479444444425,0.0,0.0,1200.0,1200.0
2025-01-22,2025-01-22T22:30:00,True,526.6675396825397,526.6675396825397,601.5683333333333,0.0,0.4198,0.0,0.0,74.90079365079362,0.0,0.0,1200.0,1200.0
2025-01-22,2025-01-22T22:40:00,True,528.0816349206349,528.0816349206349,570.3148,0.0,0.4186,0.0,0.0,42.23316507936511,0.0,0.0,1200.0,1200.0
2025-01-22,2025-01-22T22:50:00,True,529.3553206349205,529.3553206349205,569.3074666666666,0.0,0.4241,0.0,0.0,39.95214603174611,0.0,0.0,1200.0,1200.0
2025-01-22,2025-01-22T23:00:00,True,531.177619047619,531.177619047619,604.0783333333333,0.0,0.4237,0.0,0.0,72.90071428571423,0.0,0.0,1200.0,1200.0
2025-01-22,2025-01-22T23:10:00,True,544.0732531746031,544.0732531746031,606.8031,0.0,0.4248,0.0,0.0,62.72984682539686,0.0,0.0,1200.0,1200.0
2025-01-22,2025-01-22T23:20:00,True,551.7289960317461,551.7289960317461,589.59335,0.0,0.424,0.0,0.0,37.86435396825391,0.0,0.0,1200.0,1200.0
2025-01-22,2025-01-22T23:30:00,True,551.6376190476191,551.6376190476191,572.2783333333333,0.0,0.422,0.0,0.0,20.64071428571424,0.0,0.0,1200.0,1200.0
2025-01-22,2025-01-22T23:40:00,True,556.7291626984126,556.7291626984126,563.0160999999999,0.0,0.424,0.0,0.0,6.286937301587386,0.0,0.0,1200.0,1200.0
2025-01-22,2025-01-22T23:50:00,True,559.4114007936508,559.4114007936508,575.1908833333333,0.0,0.4271,0.0,0.0,15.779482539682476,0.0,0.0,1200.0,1200.0
2025-01-22,2025-01-23T00:00:00,True,557.2899166666666,558.7427777777777,594.895,0.0,0.4276,0.0,0.0,36.152222222222235,0.0,0.0,1200.0,1200.0
2025-01-23,2025-01-23T00:10:00,True,1397.2800598484846,1397.2800598484846,593.6854833333333,0.0,0.4248,803.5945765151513,0.0,0.0,1.0721127102820145e-13,1.0,1200.0,1923.2351188636362
2025-01-23,2025-01-23T00:20:00,True,1402.5893189393937,1402.5893189393937,598.4678666666666,0.0,0.4245,804.1214522727271,0.0,0.0,0.0,1.0,1923.2351188636362,2646.9444259090906
2025-01-23,2025-01-23T00:30:00,True,1404.9535606060608,1404.9535606060608,616.4449999999999,0.0,0.4269,788.5085606060609,0.0,0.0,0.0,1.0,2646.9444259090906,3356.6021304545457
2025-01-23,2025-01-23T00:40:00,True,1401.4485939393937,1401.4485939393937,627.1227166666666,0.0,0.4272,774.3258772727271,0.0,0.0,0.0,1.0,3356.6021304545457,4053.49542
2025-01-23,2025-01-23T00:50:00,True,1401.6374871212122,1401.6374871212122,634.0951,0.0,0.4271,767.5423871212122,0.0,0.0,0.0,1.0,4053.49542,4744.2835684090915
2025-01-23,2025-01-23T01:00:00,True,1412.464696969697,1412.464696969697,634.9216666666666,0.0,0.4285,777.5430303030303,0.0,0.0,0.0,1.0,4744.2835684090915,5444.072295681819
2025-01-23,2025-01-23T01:10:00,True,1263.7584916666642,1263.7584916666642,624.7802166666667,0.0,0.4311,638.9782749999976,0.0,0.0,0.0,1.0,5444.072295681819,6019.152743181817
2025-01-23,2025-01-23T01:20:00,True,1434.3210560606062,1434.3210560606062,636.64795,0.0,0.4302,797.6731060606062,0.0,0.0,0.0,1.0,6019.152743181817,6737.058538636362
2025-01-23,2025-01-23T01:30:00,True,1426.1408333333334,1426.1408333333334,658.76,0.0,0.4279,767.3808333333334,0.0,0.0,0.0,1.0,6737.058538636362,7427.701288636362
2025-01-23,2025-01-23T01:40:00,True,594.9650674242424,594.9650674242424,648.77325,0.0,0.4312,0.0,0.0,53.80818257575754,0.0,0.0,7427.701288636362,7427.701288636362
2025-01-23,2025-01-23T01:50:00,True,601.7168931818183,601.7168931818183,655.75145,0.0,0.4333,0.0,0.0,54.03455681818173,0.0,0.0,7427.701288636362,7427.701288636362
2025-01-23,2025-01-23T02:00:00,True,1440.7478030303055,1440.7478030303055,670.4433333333333,0.0,0.4311,770.3044696969722,0.0,0.0,0.0,1.0,7427.701288636362,8120.975311363637
2025-01-23,2025-01-23T02:10:00,True,1446.4747272727273,1446.4747272727273,632.6434333333333,0.0,0.4293,813.831293939394,0.0,0.0,0.0,1.0,8120.975311363637,8853.423475909092
2025-01-23,2025-01-23T02:20:00,True,617.2848734848486,617.2848734848486,602.6531333333332,0.0,0.4324,14.631740151516068,0.0,0.0,-6.945555242054979e-13,1.0,8853.423475909092,8866.592042045457
2025-01-23,2025-01-23T02:30:00,True,620.2871212121212,620.2871212121212,609.6633333333333,0.0,0.4367,10.62378787878788,0.0,0.0,0.0,1.0,8866.592042045457,8876.153451136366
2025-01-23,2025-01-23T02:40:00,True,624.3379886363634,624.3379886363634,629.5726333333333,0.0,0.4348,0.0,1.5898393712632242e-13,5.2346446969697356,0.0,0.0,8876.153451136366,8876.153451136366
2025-01-23,2025-01-23T02:50:00,True,627.4753250000001,627.4753250000001,671.5074333333333,0.0,0.4335,0.0,-5.684341886080801e-13,44.03210833333378,0.0,0.0,8876.153451136366,8876.153451136366
2025-01-23,2025-01-23T03:00:00,True,628.9601515151516,628.9601515151516,704.7633333333333,0.0,0.4357,0.0,-7.105427357601002e-14,75.80318181818184,0.0,0.0,8876.153451136366,8876.153451136366
2025-01-23,2025-01-23T03:10:00,True,631.5281318181819,631.5281318181819,680.1314666666666,0.0,0.4374,0.0,-3.836930773104541e-13,48.60333484848506,0.0,0.0,8876.153451136366,8876.153451136366
2025-01-23,2025-01-23T03:20:00,True,641.7958378787879,641.7958378787879,666.2313333333333,0.0,0.4371,0.0,4.121147867408581e-13,24.435495454544977,0.0,0.0,8876.153451136366,8876.153451136366
2025-01-23,2025-01-23T03:30:00,True,648.0004545454545,648.0004545454545,683.5083333333333,0.0,0.4356,0.0,2.7711166694643907e-13,35.507878787878504,0.0,0.0,8876.153451136366,8876.153451136366
2025-01-23,2025-01-23T03:40:00,True,633.4164575757575,633.4164575757575,688.0935833333333,0.0,0.4353,0.0,4.973799150320701e-14,54.67712575757577,0.0,0.0,8876.153451136366,8876.153451136366
2025-01-23,2025-01-23T03:50:00,True,636.5103098484848,636.5103098484848,690.7420999999999,0.0,0.436,0.0,6.181721801112872e-13,54.23179015151454,0.0,0.0,8876.153451136366,8876.153451136366
2025-01-23,2025-01-23T04:00:00,True,658.4611363636361,658.4611363636361,698.7583333333333,0.0,0.4378,0.0,0.0,40.29719696969721,0.0,0.0,8876.153451136366,8876.153451136366
2025-01-23,2025-01-23T04:10:00,True,660.7505454545454,660.7505454545454,698.97145,0.0,0.4401,0.0,0.0,38.22090454545457,0.0,0.0,8876.153451136366,8876.153451136366
2025-01-23,2025-01-23T04:20:00,True,651.1187136363635,651.1187136363635,670.8723833333333,0.0,0.4389,0.0,0.0,19.753669696969837,0.0,0.0,8876.153451136366,8876.153451136366
2025-01-23,2025-01-23T04:30:00,True,646.1982575757576,646.1982575757576,653.7533333333333,0.0,0.4364,0.0,0.0,7.555075757575764,0.0,0.0,8876.153451136366,8876.153451136366
2025-01-23,2025-01-23T04:40:00,True,654.2098651515151,654.2098651515151,708.3796666666667,0.0,0.4393,0.0,0.0,54.16980151515156,0.0,0.0,8876.153451136366,8876.153451136366
2025-01-23,2025-01-23T04:50:00,True,663.1396318181819,663.1396318181819,740.04595,0.0,0.4422,0.0,0.0,76.90631818181805,0.0,0.0,8876.153451136366,8876.153451136366
2025-01-23,2025-01-23T05:00:00,True,666.6281818181819,666.6281818181819,714.3799999999999,0.0,0.4395,0.0,0.0,47.75181818181795,0.0,0.0,8876.153451136366,8876.153451136366
2025-01-23,2025-01-23T05:10:00,True,669.1821636363636,669.1821636363636,692.2970833333334,0.0,0.4333,0.0,0.0,23.114919696969764,0.0,0.0,8876.153451136366,8876.153451136366
2025-01-23,2025-01-23T05:20:00,True,675.2919340909092,675.2919340909092,713.2022666666667,0.00185,0.4439,0.0,0.0,37.90848257575749,0.0,0.0,8876.153451136366,8876.153451136366
2025-01-23,2025-01-23T05:30:00,True,1505.1425757575757,1505.1425757575757,738.225,0.0,0.4301,766.9175757575757,0.0,0.0,0.0,1.0,8876.153451136366,9566.379269318184
2025-01-23,2025-01-23T05:40:00,True,1487.0741477272727,1487.0741477272727,707.8200333333332,0.0,0.3713,779.2541143939395,0.0,0.0,0.0,1.0,9566.379269318184,10267.70797227273
2025-01-23,2025-01-23T05:50:00,True,712.1981409090911,712.1981409090911,758.3790666666666,0.025716666666666665,0.5708,0.0,0.0,46.1552090909081,0.0,0.0,10267.70797227273,10267.70797227273
2025-01-23,2025-01-23T06:00:00,True,0.0,440.16662910353307,881.1983333333333,0.0,0.9099,0.0,441.0317042298018,0.0,0.0,0.0,10267.70797227273,9777.672745350728
2025-01-23,2025-01-23T06:10:00,True,0.0,0.0,921.3626333333333,0.0,0.9368,0.0,791.2154166666643,130.147216666669,0.0,0.0,9777.672745350728,8898.54450460999
2025-01-23,2025-01-23T06:20:00,True,505.81539164393894,777.7086780303031,916.55215,0.3582333333333333,0.8758,0.0,0.0,138.48523863636353,0.0,0.0,8898.54450460999,8898.54450460999
2025-01-23,2025-01-23T06:30:00,True,0.0,785.6770969696969,908.4583333333333,0.0,0.8759,0.0,6.821210263296962e-13,122.78123636363568,0.0,0.0,8898.54450460999,8898.54450460999
2025-01-23,2025-01-23T06:40:00,True,800.5820765151515,800.5820765151515,896.70865,0.0,0.8601,0.0,0.0,96.12657348484856,0.0,0.0,8898.54450460999,8898.54450460999
2025-01-23,2025-01-23T06:50:00,True,796.6610553030303,796.6610553030303,896.6734166666666,6.152983333333333,0.8442,0.0,0.0,93.8593780303031,0.0,0.0,8898.54450460999,8898.54450460999
2025-01-23,2025-01-23T07:00:00,True,795.0122651515153,795.0639151515153,902.75,31.412499999999998,0.8334,0.0,0.0,76.27358484848469,0.0,0.0,8898.54450460999,8898.54450460999
2025-01-23,2025-01-23T07:10:00,True,759.3110207070707,761.161617929293,897.3829000000001,70.72971666666666,0.8092,0.0,0.0,65.49156540404033,0.0,0.0,8898.54450460999,8898.54450460999
2025-01-23,2025-01-23T07:20:00,True,727.5329906565657,731.1825351010101,913.5118166666666,112.4101,0.7972,0.0,0.0,69.91918156565646,0.0,0.0,8898.54450460999,8898.54450460999
2025-01-23,2025-01-23T07:30:00,True,674.8593969696971,680.3078886363637,920.4899999999999,153.49374999999998,0.7644,0.0,0.0,86.6883613636362,0.0,0.0,8898.54450460999,8898.54450460999
2025-01-23,2025-01-23T07:40:00,True,1429.826969949495,1437.074408838384,878.5254499999999,199.57706666666664,0.6899,758.1260255050507,0.0,0.0,0.0,1.0,8898.54450460999,9580.857927564535
2025-01-23,2025-01-23T07:50:00,True,644.8977732323231,653.9441593434342,1001.9632499999999,247.50738333333334,0.86,0.0,0.0,100.51170732323237,0.0,0.0,9580.857927564535,9580.857927564535
2025-01-23,2025-01-23T08:00:00,True,0.0,0.0,1222.8216666666667,297.28749999999997,1.1617,0.0,833.3333333333334,92.20083333333343,0.0,0.0,9580.857927564535,8654.93200163861
2025-01-23,2025-01-23T08:10:00,True,0.0,0.0,1241.4583666666667,350.67746666666665,1.1683,0.0,833.3333333333334,57.44756666666672,0.0,0.0,8654.93200163861,7729.006075712684
2025-01-23,2025-01-23T08:20:00,True,0.0,0.0,1210.3314999999998,395.12389999999994,1.0956,0.0,815.2075999999998,0.0,0.0,0.0,7729.006075712684,6823.219853490462
2025-01-23,2025-01-23T08:30:00,True,0.0,0.0,1215.295,425.88124999999997,1.0849,0.0,789.4137500000002,0.0,0.0,0.0,6823.219853490462,5946.093464601573
2025-01-23,2025-01-23T08:40:00,True,0.0,0.0,1189.1281833333333,451.7529333333333,1.061,0.0,737.3752499999999,0.0,0.0,0.0,5946.093464601573,5126.78763126824
2025-01-23,2025-01-23T08:50:00,True,0.0,0.0,1182.9484833333331,489.05755,1.043,0.0,693.8909333333331,0.0,0.0,0.0,5126.78763126824,4355.797705342315
2025-01-23,2025-01-23T09:00:00,True,0.0,0.0,1208.4683333333332,535.49375,1.036,0.0,672.9745833333333,0.0,0.0,0.0,4355.797705342315,3608.0481683052776
2025-01-23,2025-01-23T09:10:00,True,0.0,0.0,1218.9920666666667,575.7244166666667,1.0147,0.0,643.26765,0.0,0.0,0.0,3608.0481683052776,2893.306334971944
2025-01-23,2025-01-23T09:20:00,True,0.0,0.0,1217.5106,622.9164833333333,0.9922,0.0,594.5941166666668,0.0,0.0,0.0,2893.306334971944,2232.6462053423143
2025-01-23,2025-01-23T09:30:00,True,0.0,0.0,1204.2466666666664,678.36875,0.97,0.0,298.22938152525444,227.64853514141205,0.0,0.0,2232.6462053423143,1901.2802258698093
2025-01-23,2025-01-23T09:40:00,True,0.0,0.0,1176.8578,725.8994666666667,0.9422,0.0,0.0,450.95833333333326,0.0,0.0,1901.2802258698093,1901.2802258698093
2025-01-23,2025-01-23T09:50:00,True,0.0,0.0,1182.9232,757.1238166666667,0.9569,0.0,0.0,425.79938333333325,0.0,0.0,1901.2802258698093,1901.2802258698093
2025-01-23,2025-01-23T10:00:00,True,0.0,0.0,1198.5633333333333,785.0874999999999,0.9977,0.0,413.4758333333336,0.0,0.0,0.0,1901.2802258698093,1441.8626332772164
2025-01-23,2025-01-23T10:10:00,True,0.0,0.0,1153.89575,828.2178999999999,0.9919,0.0,217.67636994949478,108.00148005050517,0.0,0.0,1441.8626332772164,1200.0
2025-01-23,2025-01-23T10:20:00,True,0.0,0.0,1127.3424499999999,851.40085,0.9588,0.0,0.0,275.9415999999999,0.0,0.0,1200.0,1200.0
2025-01-23,2025-01-23T10:30:00,True,0.0,0.0,1141.0749999999998,851.69375,0.9549,0.0,0.0,289.3812499999998,0.0,0.0,1200.0,1200.0
2025-01-23,2025-01-23T10:40:00,True,0.0,0.0,1139.1795833333333,865.3107499999999,0.9839,0.0,0.0,273.86883333333344,0.0,0.0,1200.0,1200.0
2025-01-23,2025-01-23T10:50:00,True,0.0,84.96232449494937,1130.5698333333332,900.8378333333333,0.799,0.0,0.0,144.7696755050506,0.0,0.0,1200.0,1200.0
2025-01-23,2025-01-23T11:00:00,True,804.0995075757577,804.0995075757577,1145.175,932.59375,0.5025,591.5182575757575,0.0,0.0,1.1662935151877197e-13,1.0,1200.0,1732.3664318181818
2025-01-23,2025-01-23T11:10:00,True,808.8706967171717,881.2187161616162,1193.9189333333334,929.1221499999999,0.4662,616.4219328282827,0.0,0.0,0.0,1.0,1732.3664318181818,2287.1461713636363
2025-01-23,2025-01-23T11:20:00,True,813.6739176767679,813.6739176767679,1200.9674833333333,940.01695,0.5007,552.7233843434345,0.0,0.0,0.0,1.0,2287.1461713636363,2784.5972172727274
2025-01-23,2025-01-23T11:30:00,True,822.291006060606,835.3122669659515,1167.8366666666666,960.85,0.4827,628.3256002992849,0.0,0.0,0.0,1.0,2784.5972172727274,3350.090257542084
2025-01-23,2025-01-23T11:40:00,True,830.5088641414139,876.4305919191918,1163.3171666666667,940.3385166666667,0.4785,653.4519419191918,0.0,0.0,0.0,1.0,3350.090257542084,3938.197005269357
2025-01-23,2025-01-23T11:50:00,True,818.907463131313,856.0204270202017,1133.1165333333333,934.5943333333332,0.4662,657.4982270202016,0.0,0.0,0.0,1.0,3938.197005269357,4529.945409587538
2025-01-23,2025-01-23T12:00:00,True,795.5922772727273,971.01625,1085.3266666666666,947.64375,0.4432,833.3333333333334,0.0,0.0,0.0,1.0,4529.945409587538,5279.945409587538
2025-01-23,2025-01-23T12:10:00,True,789.2611323232323,900.2728462121212,1093.1748499999999,927.4323166666666,0.4411,734.5303128787879,0.0,0.0,0.0,1.0,5279.945409587538,5941.0226911784475
2025-01-23,2025-01-23T12:20:00,True,792.1390229797979,896.1896007575756,1114.8165166666665,914.4241333333332,0.4551,695.7972174242423,0.0,0.0,0.0,1.0,5941.0226911784475,6567.240186860266
2025-01-23,2025-01-23T12:30:00,True,794.1403825757576,891.2298242424242,1109.6016666666665,923.6374999999999,0.4463,705.2656575757577,0.0,0.0,0.0,1.0,6567.240186860266,7201.979278678447
2025-01-23,2025-01-23T12:40:00,True,797.5648239898992,887.6931295454547,1080.5876833333332,926.4749333333332,0.4113,733.5803795454547,0.0,0.0,0.0,1.0,7201.979278678447,7862.201620269357
2025-01-23,2025-01-23T12:50:00,True,818.443516919192,901.6106863636362,1079.3658,918.0123833333333,0.5682,740.2572696969695,0.0,0.0,0.0,1.0,7862.201620269357,8528.43316299663
2025-01-23,2025-01-23T13:00:00,True,13.57257878787857,89.77861212121172,1116.9216666666666,907.2624999999999,0.8279,0.0,0.0,119.88055454545497,0.0,0.0,8528.43316299663,8528.43316299663
2025-01-23,2025-01-23T13:10:00,True,48.854393434343365,111.7402017676767,1149.9257833333331,903.1456166666667,0.8636,0.0,0.0,135.03996489898975,0.0,0.0,8528.43316299663,8528.43316299663
2025-01-23,2025-01-23T13:20:00,True,79.36722777777777,128.93281111111094,1130.59115,885.5679499999999,0.8416,0.0,0.0,116.09038888888915,0.0,0.0,8528.43316299663,8528.43316299663
2025-01-23,2025-01-23T13:30:00,True,111.03779545454518,147.2831537878784,1083.6083333333331,855.64375,0.8618,0.0,0.0,80.68142954545476,0.0,0.0,8528.43316299663,8528.43316299663
2025-01-23,2025-01-23T13:40:00,True,135.31576388888868,158.2408972222222,1079.7791333333332,835.1390333333334,0.8623,0.0,0.0,86.39920277777765,0.0,0.0,8528.43316299663,8528.43316299663
2025-01-23,2025-01-23T13:50:00,True,0.0,177.8875474747474,1084.6209166666665,814.8970666666667,0.9026,0.0,0.0,91.83630252525245,0.0,0.0,8528.43316299663,8528.43316299663
2025-01-23,2025-01-23T14:00:00,True,0.0,0.0,1089.6483333333333,792.39375,0.9754,0.0,124.60751266414354,172.64707066918982,0.0,0.0,8528.43316299663,8389.980371147582
2025-01-23,2025-01-23T14:10:00,True,0.0,0.0,1117.0901833333332,773.11915,1.0002,0.0,343.97103333333325,0.0,0.0,0.0,8389.980371147582,8007.790334110545
2025-01-23,2025-01-23T14:20:00,True,0.0,0.0,1103.8877,737.3382166666667,0.9978,0.0,146.53924545454822,220.01023787878512,0.0,0.0,8007.790334110545,7844.968950272158
2025-01-23,2025-01-23T14:30:00,True,0.0,0.0,1063.7849999999999,691.2937499999999,1.0271,0.0,300.53708333332986,71.95416666667006,0.0,0.0,7844.968950272158,7511.0388576795685
2025-01-23,2025-01-23T14:40:00,True,0.0,0.0,1076.4231,659.5374833333333,1.0906,0.0,340.4510229798,76.43459368686672,0.0,0.0,7511.0388576795685,7132.759943257569
2025-01-23,2025-01-23T14:50:00,True,0.0,0.0,1092.6733166666666,612.1771,0.9376,0.0,1.1368683772161603e-13,480.49621666666644,0.0,0.0,7132.759943257569,7132.759943257569
2025-01-23,2025-01-23T15:00:00,True,1254.9043151515152,1254.9043151515152,1086.4833333333331,553.175,0.6694,721.595981818182,0.0,0.0,0.0,1.0,7132.759943257569,7782.196326893933
2025-01-23,2025-01-23T15:10:00,True,1289.7217686868685,1289.7217686868685,1079.7946499999998,519.2198166666667,0.66,729.1469353535354,0.0,0.0,0.0,1.0,7782.196326893933,8438.428568712114
2025-01-23,2025-01-23T15:20:00,True,1205.874464157005,1308.7928830808082,1062.6083166666667,487.6175833333333,0.7217,733.8021497474748,0.0,0.0,0.0,1.0,8438.428568712114,9098.85050348484
2025-01-23,2025-01-23T15:30:00,True,515.8402606060605,1340.4898772727272,1050.4016666666666,443.09375,0.7308,733.1819606060606,0.0,0.0,0.0,1.0,9098.85050348484,9758.714268030295
2025-01-23,2025-01-23T15:40:00,True,556.5167974747474,1289.2419382996707,1072.0037499999999,394.4701,0.7534,611.7082882996708,0.0,0.0,0.0,1.0,9758.714268030295,10309.2517275
2025-01-23,2025-01-23T15:50:00,True,593.7472343434342,593.7472343434342,1076.1403666666665,354.89006666666666,0.7823,0.0,0.0,127.50306565656501,0.0,0.0,10309.2517275,10309.2517275
2025-01-23,2025-01-23T16:00:00,True,622.4817363636366,622.5127530303032,1055.1166666666666,317.83124999999995,0.8055,0.0,1.6370904631912707e-12,114.77266363636227,0.0,0.0,10309.2517275,10309.251727499997
2025-01-23,2025-01-23T16:10:00,True,664.762285858586,664.9547191919191,1053.5668166666665,264.2705833333333,0.8271,0.0,0.0,124.34151414141343,0.0,0.0,10309.251727499997,10309.251727499997
2025-01-23,2025-01-23T16:20:00,True,708.8917770202017,709.245627020202,1069.0150666666666,206.73476666666664,0.8519,0.0,1.6370904631912707e-12,153.0346729797966,0.0,0.0,10309.251727499997,10309.251727499995
2025-01-23,2025-01-23T16:30:00,True,755.3204689393942,755.8357356060609,1074.955,156.0625,0.8791,0.0,1.6370904631912707e-12,163.05676439393937,0.0,0.0,10309.251727499995,10309.251727499994
2025-01-23,2025-01-23T16:40:00,True,802.9252797979801,803.6019631313131,1053.2505166666665,112.03448333333333,0.9024,0.0,0.0,137.61407020202023,0.0,0.0,10309.251727499994,10309.251727499994
2025-01-23,2025-01-23T16:50:00,True,833.7801429292924,834.6182429292926,1061.3620666666666,69.76148333333333,0.9163,0.0,-1.6370904631912707e-12,156.98234040403986,0.0,0.0,10309.251727499994,10309.251727499995
2025-01-23,2025-01-23T17:00:00,True,857.5710954545452,858.570612121212,1082.8383333333331,31.46875,0.9264,0.0,1.6370904631912707e-12,192.79897121212161,0.0,0.0,10309.251727499995,10309.251727499994
2025-01-23,2025-01-23T17:10:00,True,860.4768641414139,861.3097946969694,1045.3176666666666,6.297366666666666,0.9462,0.0,-1.6370904631912707e-12,177.71050530303,0.0,0.0,10309.251727499994,10309.251727499995
2025-01-23,2025-01-23T17:20:00,True,863.8596957070703,864.5260401515147,1021.4821666666667,0.0,0.9742,0.0,0.0,156.95612651515148,0.0,0.0,10309.251727499995,10309.251727499995
2025-01-23,2025-01-23T17:30:00,True,872.3258886363637,872.825646969697,1051.5483333333332,0.0,0.9862,0.0,1.6370904631912707e-12,178.72268636363697,0.0,0.0,10309.251727499995,10309.251727499994
2025-01-23,2025-01-23T17:40:00,True,894.3755967171718,894.708768939394,1076.3011833333333,0.36845,0.976,0.0,-1.6370904631912707e-12,181.22396439393924,0.0,0.0,10309.251727499994,10309.251727499995
2025-01-23,2025-01-23T17:50:00,True,808.9480888888891,809.1146750000001,930.6285833333333,0.0,1.0742,0.0,0.0,121.51390833333244,0.0,0.0,10309.251727499995,10309.251727499995
2025-01-23,2025-01-23T18:00:00,True,665.9605303030303,715.7516666666667,715.7516666666667,0.0,1.2313,0.0,1.6370904631912707e-12,0.0,7.337465504075874e-13,0.0,10309.251727499995,10309.251727499994
2025-01-23,2025-01-23T18:10:00,True,0.0,393.646565704551,709.9707333333333,0.02645,1.2561,0.0,251.19844565908534,65.09927196969693,0.0,0.0,10309.251727499994,10030.142343434343
2025-01-23,2025-01-23T18:20:00,True,664.1307568181818,664.1307568181818,740.3571333333332,0.0,1.2447,0.0,-8.384404281969182e-13,76.22637651515224,0.0,0.0,10030.142343434343,10030.142343434345
2025-01-23,2025-01-23T18:30:00,True,612.8099386363648,660.8368181818182,714.0466666666666,0.0,1.2545,0.0,2.0250467969162855e-12,53.20984848484638,0.0,0.0,10030.142343434345,10030.142343434343
2025-01-23,2025-01-23T18:40:00,True,659.3969189393939,659.3969189393939,712.4603,0.0019,1.2522,0.0,-2.1316282072803006e-14,53.06148106060609,0.0,0.0,10030.142343434343,10030.142343434343
2025-01-23,2025-01-23T18:50:00,True,0.0,0.0,729.4405333333334,0.0,1.2881,0.0,658.3672378787868,71.07329545454658,0.0,0.0,10030.142343434343,9298.623190235692
2025-01-23,2025-01-23T19:00:00,True,0.0,0.0,725.7783333333333,0.0,1.3466,0.0,725.7783333333333,0.0,0.0,0.0,9298.623190235692,8492.202819865322
2025-01-23,2025-01-23T19:10:00,True,0.0,0.0,680.5161666666667,0.0,1.3523,0.0,680.5161666666667,0.0,0.0,0.0,8492.202819865322,7736.073745791248
2025-01-23,2025-01-23T19:20:00,True,0.0,0.0,677.2218333333333,0.0,1.3445,0.0,677.2218333333333,0.0,0.0,0.0,7736.073745791248,6983.6050420875445
2025-01-23,2025-01-23T19:30:00,True,0.0,0.0,723.5666666666666,0.0,1.3483,0.0,723.5666666666666,0.0,0.0,0.0,6983.6050420875445,6179.642079124582
2025-01-23,2025-01-23T19:40:00,True,0.0,0.0,744.2851,0.0,1.349,0.0,744.2851,0.0,0.0,0.0,6179.642079124582,5352.658634680138
2025-01-23,2025-01-23T19:50:00,True,0.0,0.0,740.8114333333333,0.0,1.3473,0.0,740.8114333333333,0.0,0.0,0.0,5352.658634680138,4529.534819865323
2025-01-23,2025-01-23T20:00:00,True,0.0,0.0,733.5283333333333,0.0,1.3482,0.0,733.5283333333333,0.0,0.0,0.0,4529.534819865323,3714.5033383838413
2025-01-23,2025-01-23T20:10:00,True,0.0,0.0,736.0074333333333,0.0,1.3513,0.0,736.0074333333333,0.0,0.0,0.0,3714.5033383838413,2896.7173013468046
2025-01-23,2025-01-23T20:20:00,True,0.0,0.0,740.5466333333334,0.0,1.34,0.0,192.44714696969993,548.0994863636334,0.0,0.0,2896.7173013468046,2682.887138047138
2025-01-23,2025-01-23T20:30:00,True,0.0,0.0,747.2216666666666,0.0,1.3489,0.0,665.2175757575757,82.00409090909088,0.0,0.0,2682.887138047138,1943.7564983164982
2025-01-23,2025-01-23T20:40:00,True,0.0,0.0,762.4862166666667,0.0,1.3952,0.0,669.3808484848483,93.10536818181833,0.0,0.0,1943.7564983164982,1200.0
2025-01-23,2025-01-23T20:50:00,True,674.8669704545454,674.8669704545454,766.8942666666667,0.0,1.2226,0.0,0.0,92.02729621212131,0.0,0.0,1200.0,1200.0
2025-01-23,2025-01-23T21:00:00,True,679.7654545454545,679.7654545454545,755.175,0.0,0.9332,0.0,0.0,75.40954545454542,0.0,0.0,1200.0,1200.0
2025-01-23,2025-01-23T21:10:00,True,681.6980681818181,681.6980681818181,742.83965,0.0,0.9068,0.0,0.0,61.14158181818186,0.0,0.0,1200.0,1200.0
2025-01-23,2025-01-23T21:20:00,True,673.8371643939394,673.8371643939394,744.6625166666665,0.0,0.9371,0.0,0.0,70.82535227272717,0.0,0.0,1200.0,1200.0
2025-01-23,2025-01-23T21:30:00,True,675.8599242424243,675.8599242424243,759.3249999999999,0.0,0.9371,0.0,0.0,83.46507575757562,0.0,0.0,1200.0,1200.0
2025-01-23,2025-01-23T21:40:00,True,701.1872613636365,701.1872613636365,760.3273833333333,0.0,0.9871,0.0,0.0,59.14012196969679,0.0,0.0,1200.0,1200.0
2025-01-23,2025-01-23T21:50:00,True,635.8370984848485,635.8370984848485,687.9770333333332,0.0,0.7764,0.0,0.0,52.1399348484847,0.0,0.0,1200.0,1200.0
2025-01-23,2025-01-23T22:00:00,True,518.6872727272728,518.6872727272728,583.9083333333333,0.0,0.4209,0.0,0.0,65.22106060606052,0.0,0.0,1200.0,1200.0
2025-01-23,2025-01-23T22:10:00,True,511.7558030303029,511.7558030303029,562.41395,0.0,0.3859,0.0,0.0,50.6581469696971,0.0,0.0,1200.0,1200.0
2025-01-23,2025-01-23T22:20:00,True,533.5400643939395,533.5400643939395,590.9875166666666,0.0,0.4368,0.0,0.0,57.447452272727105,0.0,0.0,1200.0,1200.0
2025-01-23,2025-01-23T22:30:00,True,530.0721212121211,530.0721212121211,607.8633333333332,0.0,0.4198,0.0,0.0,77.79121212121208,0.0,0.0,1200.0,1200.0
2025-01-23,2025-01-23T22:40:00,True,530.0013242424242,530.0013242424242,582.06035,0.0,0.4186,0.0,0.0,52.059025757575796,0.0,0.0,1200.0,1200.0
2025-01-23,2025-01-23T22:50:00,True,531.1713272727272,531.1713272727272,568.1048833333333,0.0,0.4241,0.0,0.0,36.933556060606065,0.0,0.0,1200.0,1200.0
2025-01-23,2025-01-23T23:00:00,True,534.4912878787878,534.4912878787878,572.2233333333334,0.0,0.4237,0.0,0.0,37.73204545454553,0.0,0.0,1200.0,1200.0
2025-01-23,2025-01-23T23:10:00,True,546.9246098484847,546.9246098484847,553.6918333333333,0.0,0.4248,0.0,0.0,6.767223484848614,0.0,0.0,1200.0,1200.0
2025-01-23,2025-01-23T23:20:00,True,553.4501030303031,553.4501030303031,559.6259666666666,0.0,0.424,0.0,0.0,6.175863636363488,0.0,0.0,1200.0,1200.0
2025-01-23,2025-01-23T23:30:00,True,552.5758333333334,552.5758333333334,598.7416666666666,0.0,0.422,0.0,0.0,46.165833333333126,0.0,0.0,1200.0,1200.0
2025-01-23,2025-01-23T23:40:00,True,557.0149325757575,557.0149325757575,616.1648666666666,0.0,0.424,0.0,0.0,59.14993409090914,0.0,0.0,1200.0,1200.0
2025-01-23,2025-01-23T23:50:00,True,560.12865,560.12865,551.6382166666666,0.0,0.4271,8.490433333333588,0.0,0.0,-1.1011642906153284e-13,1.0,1200.0,1207.6413900000002
2025-01-23,2025-01-24T00:00:00,True,558.7427777777777,560.3860606060606,446.16166666666663,0.0,0.4276,114.22439393939396,0.0,0.0,0.0,1.0,1207.6413900000002,1310.4433445454547
2025-01-24,2025-01-24T00:10:00,True,1398.573049275362,1398.573049275362,409.1426666666667,0.0,0.4248,833.3333333333334,0.0,0.0,156.0970492753621,1.0,1310.4433445454547,2060.4433445454547
2025-01-24,2025-01-24T00:20:00,True,1403.8594007246375,1403.8594007246375,417.1940333333333,0.0,0.4245,833.3333333333338,0.0,0.0,153.3320340579703,1.0,2060.4433445454547,2810.443344545455
2025-01-24,2025-01-24T00:30:00,True,1406.902463768116,1406.902463768116,442.20333333333326,0.0,0.4269,833.3333333333334,0.0,0.0,131.3657971014493,1.0,2810.443344545455,3560.443344545455
2025-01-24,2025-01-24T00:40:00,True,1404.0141355072462,1404.0141355072462,476.71183333333335,0.0,0.4272,833.3333333333334,0.0,0.0,93.96896884057958,1.0,3560.443344545455,4310.443344545455
2025-01-24,2025-01-24T00:50:00,True,1404.4979630434784,1404.4979630434784,480.13221666666664,0.0,0.4271,833.3333333333334,0.0,0.0,91.03241304347841,1.0,4310.443344545455,5060.443344545455
2025-01-24,2025-01-24T01:00:00,True,1414.8903623188403,1414.8903623188403,463.12166666666667,0.0,0.4285,833.3333333333334,0.0,0.0,118.43536231884025,1.0,5060.443344545455,5810.443344545455
2025-01-24,2025-01-24T01:10:00,True,1142.2475075098823,1142.2475075098823,473.89806666666664,0.0,0.4311,668.3494408432157,0.0,0.0,0.0,1.0,5810.443344545455,6411.957841304349
2025-01-24,2025-01-24T01:20:00,True,1435.8715007246378,1435.8715007246378,474.1392166666667,0.0,0.4302,708.9357318840581,0.0,0.0,252.79655217391303,1.0,6411.957841304349,7050.000000000002
2025-01-24,2025-01-24T01:30:00,True,1429.0083333333334,1429.0083333333334,462.925,0.0,0.4279,833.3333333333309,0.0,0.0,132.75000000000261,1.0,7050.000000000002,7800.0
2025-01-24,2025-01-24T01:40:00,True,597.3045536231884,597.3045536231884,479.93416666666667,0.0,0.4312,0.0,0.0,0.0,117.37038695652177,1.0,7800.0,7800.0
2025-01-24,2025-01-24T01:50:00,True,604.0662217391305,604.0662217391305,490.7048666666667,0.0,0.4333,0.0,0.0,0.0,113.36135507246377,1.0,7800.0,7800.0
2025-01-24,2025-01-24T02:00:00,True,1443.4881884057963,1443.4881884057963,492.61833333333334,0.0,0.4311,833.3333333333331,0.0,0.0,117.53652173912985,1.0,7800.0,8550.0
2025-01-24,2025-01-24T02:10:00,True,1447.3226420289855,1447.3226420289855,515.7566833333333,0.0,0.4293,833.3333333333333,0.0,0.0,98.23262536231891,1.0,8550.0,9300.0
2025-01-24,2025-01-24T02:20:00,True,616.6487108695653,616.6487108695653,519.7063333333333,0.0,0.4324,0.0,0.0,0.0,96.94237753623202,1.0,9300.0,9300.0
2025-01-24,2025-01-24T02:30:00,True,619.8252173913044,619.8252173913044,510.42999999999995,0.0,0.4367,0.0,0.0,0.0,109.39521739130441,1.0,9300.0,9300.0
2025-01-24,2025-01-24T02:40:00,True,624.5655818840578,624.5655818840578,535.9960833333333,0.0,0.4348,0.0,0.0,0.0,88.56949855072446,1.0,9300.0,9300.0
2025-01-24,2025-01-24T02:50:00,True,629.3897644927538,629.3897644927538,556.4173833333333,0.0,0.4335,0.0,0.0,0.0,72.97238115942048,1.0,9300.0,9300.0
2025-01-24,2025-01-24T03:00:00,True,632.2559420289855,632.2559420289855,549.1566666666666,0.0,0.4357,0.0,0.0,0.0,83.09927536231885,1.0,9300.0,9300.0
2025-01-24,2025-01-24T03:10:00,True,633.6413202898551,633.6413202898551,530.5092666666667,0.0,0.4374,0.0,0.0,0.0,103.13205362318843,1.0,9300.0,9300.0
2025-01-24,2025-01-24T03:20:00,True,642.8582507246376,642.8582507246376,511.54329999999993,0.0,0.4371,0.0,0.0,0.0,131.3149507246377,1.0,9300.0,9300.0
2025-01-24,2025-01-24T03:30:00,True,649.5442753623189,649.5442753623189,504.66499999999996,0.0,0.4356,0.0,0.0,0.0,144.87927536231894,1.0,9300.0,9300.0
2025-01-24,2025-01-24T03:40:00,True,635.7937239130433,635.7937239130433,515.5035499999999,0.0,0.4353,0.0,0.0,0.0,120.29017391304342,1.0,9300.0,9300.0
2025-01-24,2025-01-24T03:50:00,True,638.8682137681159,638.8682137681159,512.61115,0.0,0.436,0.0,0.0,0.0,126.25706376811593,1.0,9300.0,9300.0
2025-01-24,2025-01-24T04:00:00,True,660.2131884057969,660.2131884057969,509.3116666666666,0.0,0.4378,0.0,0.0,0.0,150.90152173913032,0.0,9300.0,9300.0
2025-01-24,2025-01-24T04:10:00,True,662.4123239130435,662.4123239130435,544.4034833333333,0.0,0.4401,0.0,0.0,0.0,118.00884057971018,0.0,9300.0,9300.0
2025-01-24,2025-01-24T04:20:00,True,651.9775688405796,651.9775688405796,547.0269833333333,0.0,0.4389,0.0,0.0,0.0,104.95058550724627,0.0,9300.0,9300.0
2025-01-24,2025-01-24T04:30:00,True,646.5267391304349,646.5267391304349,526.2149999999999,0.0,0.4364,0.0,0.0,0.0,120.31173913043494,0.0,9300.0,9300.0
2025-01-24,2025-01-24T04:40:00,True,656.5650739130434,656.5650739130434,558.5363333333332,0.0,0.4393,98.02874057971019,0.0,0.0,0.0,1.0,9300.0,9388.22586652174
2025-01-24,2025-01-24T04:50:00,True,666.4833847826088,666.4833847826088,564.0977666666666,0.0,0.4422,102.38561811594218,0.0,0.0,0.0,1.0,9388.22586652174,9480.372922826087
2025-01-24,2025-01-24T05:00:00,True,668.7043478260871,668.7043478260871,536.4399999999999,0.0,0.4395,132.26434782608715,0.0,0.0,0.0,1.0,9480.372922826087,9599.410835869565
2025-01-24,2025-01-24T05:10:00,True,670.1871601449275,670.1871601449275,549.2923,0.0,0.4333,120.89486014492752,0.0,0.0,0.0,1.0,9599.410835869565,9708.21621
2025-01-24,2025-01-24T05:20:00,True,676.9402094202899,676.9402094202899,546.3291166666667,0.002,0.4439,130.61309275362316,0.0,0.0,0.0,1.0,9708.21621,9825.76799347826
2025-01-24,2025-01-24T05:30:00,True,1508.0302173913046,1508.0302173913046,531.4533333333333,0.0,0.4301,833.3333333333334,0.0,0.0,143.243550724638,1.0,9825.76799347826,10575.76799347826
2025-01-24,2025-01-24T05:40:00,True,1489.4254181159422,1489.4254181159422,565.2482166666666,0.0,0.3713,249.14667391304343,0.0,0.0,675.0305275362322,1.0,10575.76799347826,10800.0
2025-01-24,2025-01-24T05:50:00,True,714.206007246377,714.206007246377,564.5728833333333,0.02793333333333333,0.5708,0.0,1.6370904631912707e-12,0.0,149.6610572463786,0.0,10800.0,10799.999999999998
2025-01-24,2025-01-24T06:00:00,True,0.0,0.0,534.9383333333333,0.0,0.9099,0.0,534.9383333333333,0.0,0.0,0.0,10799.999999999998,10205.624074074072
2025-01-24,2025-01-24T06:10:00,True,0.0,0.0,564.3955833333333,0.0,0.9368,0.0,564.3955833333324,0.0,0.0,0.0,10205.624074074072,9578.51787037037
2025-01-24,2025-01-24T06:20:00,True,495.4915935990345,495.4915935990345,573.2618666666666,0.38904999999999995,0.8758,0.0,77.3812230676321,0.0,0.0,0.0,9578.51787037037,9492.538733628557
2025-01-24,2025-01-24T06:30:00,True,0.0,0.0,542.4949999999999,0.0,0.8759,0.0,542.4949999999999,0.0,0.0,0.0,9492.538733628557,8889.766511406335
2025-01-24,2025-01-24T06:40:00,True,798.8513758454108,798.8513758454108,543.5723499999999,0.0,0.8601,9.387084576847226,0.0,0.0,245.8919412685636,1.0,8889.766511406335,8898.214887525497
2025-01-24,2025-01-24T06:50:00,True,793.621772705314,793.621772705314,592.1324,6.705616666666666,0.8442,0.0,0.0,0.0,208.19498937198068,0.0,8898.214887525497,8898.214887525497
2025-01-24,2025-01-24T07:00:00,True,790.8313391304349,794.7028724637682,640.9583333333333,34.74375,0.8334,-0.0,0.0,0.0,188.48828913043496,0.0,8898.214887525497,8898.214887525497
2025-01-24,2025-01-24T07:10:00,True,752.3535009661836,758.7566315217392,629.20325,78.79588333333334,0.8092,0.0,0.0,0.0,208.34926485507253,0.0,8898.214887525497,8898.214887525497
2025-01-24,2025-01-24T07:20:00,True,718.5629120772946,727.4976398550723,628.8235833333333,122.71381666666667,0.7972,0.0,0.0,0.0,221.38787318840565,0.0,8898.214887525497,8898.214887525497
2025-01-24,2025-01-24T07:30:00,True,664.3874043478263,675.8537293478263,661.5666666666666,160.84375,0.7644,0.0,0.0,0.0,175.13081268115968,0.0,8898.214887525497,8898.214887525497
2025-01-24,2025-01-24T07:40:00,True,1416.8421690821256,1430.8400913043479,674.04545,200.75055,0.6899,-2.5263741715914674e-13,0.0,0.0,957.5451913043481,0.0,8898.214887525497,8898.214887525497
2025-01-24,2025-01-24T07:50:00,True,631.0798359903381,647.6093554347825,649.7603166666667,247.99456666666666,0.86,2.5263741715914674e-13,0.0,0.0,245.84360543478223,0.0,8898.214887525497,8898.214887525497
2025-01-24,2025-01-24T08:00:00,True,0.0,0.0,620.7166666666667,301.15,1.1617,0.0,319.5666666666667,0.0,0.0,0.0,8898.214887525497,8543.140813451422
2025-01-24,2025-01-24T08:10:00,True,0.0,0.0,629.9628166666666,351.2917,1.1683,0.0,278.67111666666665,0.0,0.0,0.0,8543.140813451422,8233.506239377348
2025-01-24,2025-01-24T08:20:00,True,0.0,0.0,615.6964666666667,385.91563333333335,1.0956,0.0,229.7808333333333,0.0,0.0,0.0,8233.506239377348,7978.194202340311
2025-01-24,2025-01-24T08:30:00,True,0.0,0.0,590.0716666666666,416.23124999999993,1.0849,0.0,173.84041666666667,0.0,0.0,0.0,7978.194202340311,7785.038183821793
2025-01-24,2025-01-24T08:40:00,True,0.0,0.0,632.6896833333333,467.74446666666665,1.061,0.0,164.94521666666662,0.0,0.0,0.0,7785.038183821793,7601.76572085883
2025-01-24,2025-01-24T08:50:00,True,0.0,0.0,692.3518666666666,525.3794,1.043,0.0,166.9724666666666,0.0,0.0,0.0,7601.76572085883,7416.240757895867
2025-01-24,2025-01-24T09:00:00,True,0.0,0.0,724.3883333333333,572.4499999999999,1.036,0.0,151.9383333333334,0.0,0.0,0.0,7416.240757895867,7247.420387525497
2025-01-24,2025-01-24T09:10:00,True,0.0,0.0,732.8120166666665,607.1135833333333,1.0147,0.0,125.69843333333324,0.0,0.0,0.0,7247.420387525497,7107.755461599571
2025-01-24,2025-01-24T09:20:00,True,0.0,0.0,752.8027999999999,650.7029666666666,0.9922,0.0,102.09983333333332,0.0,0.0,0.0,7107.755461599571,6994.311202340312
2025-01-24,2025-01-24T09:30:00,True,0.0,0.0,776.1966666666667,707.9812499999999,0.97,0.0,68.21541666666678,0.0,0.0,0.0,6994.311202340312,6918.516294932904
2025-01-24,2025-01-24T09:40:00,True,0.0,0.0,760.6324999999999,763.7952166666666,0.9422,0.0,0.0,0.0,3.162716666666711,0.0,6918.516294932904,6918.516294932904
2025-01-24,2025-01-24T09:50:00,True,0.0,0.0,729.4942666666667,812.8478833333334,0.9569,0.0,0.0,0.0,83.35361666666665,0.0,6918.516294932904,6918.516294932904
2025-01-24,2025-01-24T10:00:00,True,0.0,0.0,717.7866666666666,862.875,0.9977,0.0,0.0,0.0,145.08833333333337,0.0,6918.516294932904,6918.516294932904
2025-01-24,2025-01-24T10:10:00,True,0.0,0.0,737.9810666666667,926.5346666666666,0.9919,0.0,0.0,0.0,188.55359999999985,0.0,6918.516294932904,6918.516294932904
2025-01-24,2025-01-24T10:20:00,True,0.0,0.0,737.15715,993.7770666666667,0.9588,0.0,0.0,0.0,256.61991666666665,0.0,6918.516294932904,6918.516294932904
2025-01-24,2025-01-24T10:30:00,True,0.0,0.0,720.0783333333334,1023.70625,0.9549,0.0,0.0,0.0,303.6279166666666,0.0,6918.516294932904,6918.516294932904
2025-01-24,2025-01-24T10:40:00,True,0.0,0.0,739.6628999999999,987.4275666666667,0.9839,0.0,0.0,0.0,247.7646666666668,0.0,6918.516294932904,6918.516294932904
2025-01-24,2025-01-24T10:50:00,True,1.5350303140094184,1.5350303140094184,748.1690166666667,998.3505,0.799,0.0,0.0,0.0,251.7165136473427,0.0,6918.516294932904,6918.516294932904
2025-01-24,2025-01-24T11:00:00,True,801.7399869565219,801.7399869565219,731.26,1070.9624999999999,0.5025,0.0,0.0,0.0,1141.4424869565219,0.0,6918.516294932904,6918.516294932904
2025-01-24,2025-01-24T11:10:00,True,788.6443166666669,788.6443166666669,720.4268166666667,1108.1226166666665,0.4662,0.0,0.0,0.0,1176.3401166666667,0.0,6918.516294932904,6918.516294932904
2025-01-24,2025-01-24T11:20:00,True,773.7664427536232,775.78540942029,694.9737499999999,1106.1639499999999,0.5007,0.0,0.0,0.0,1186.9756094202899,0.0,6918.516294932904,6918.516294932904
2025-01-24,2025-01-24T11:30:00,True,760.7896869565217,765.5284452898549,666.8,1106.6125,0.4827,0.0,0.0,0.0,1205.340945289855,0.0,6918.516294932904,6918.516294932904
2025-01-24,2025-01-24T11:40:00,True,748.6750289855071,756.1335789855069,676.4565666666666,1144.16115,0.4785,833.3333333333334,0.0,0.0,390.50482898550683,1.0,6918.516294932904,7668.516294932904
2025-01-24,2025-01-24T11:50:00,True,716.4862478260867,726.6645894927534,694.6268333333334,1148.8335833333333,0.4662,477.27453422645743,0.0,0.0,703.5968052662959,1.0,7668.516294932904,8098.063375736716
2025-01-24,2025-01-24T12:00:00,True,672.3282275362319,685.2263608695653,689.9766666666666,1116.1125,0.4432,-0.0,0.0,0.0,1111.3621942028985,0.0,8098.063375736716,8098.063375736716
2025-01-24,2025-01-24T12:10:00,True,668.6571359903382,684.280102657005,664.96145,1110.72975,0.4411,12.055055944711183,0.0,0.0,1117.9933467122937,1.0,8098.063375736716,8108.912926086956
2025-01-24,2025-01-24T12:20:00,True,674.3944038647344,692.7422038647342,688.35645,1108.6275666666666,0.4551,728.0242111111106,0.0,0.0,384.9891094202901,1.0,8108.912926086956,8764.134716086955
2025-01-24,2025-01-24T12:30:00,True,678.1255760869567,699.1982094202899,731.4616666666667,1099.2375,0.4463,739.4510833333334,0.0,0.0,327.5229594202897,1.0,8764.134716086955,9429.640691086955
2025-01-24,2025-01-24T12:40:00,True,682.1832120772947,705.9806787439616,698.3249999999999,1097.1969666666666,0.4113,750.877955555556,0.0,0.0,353.97468985507214,1.0,9429.640691086955,10105.430851086956
2025-01-24,2025-01-24T12:50:00,True,704.1445712560387,730.6668712560386,674.6365666666666,1072.8165833333333,0.5682,762.3048277777788,0.0,0.0,366.5420601449265,1.0,10105.430851086956,10791.505196086957
2025-01-24,2025-01-24T13:00:00,True,0.0,0.0,681.9716666666666,1022.1,0.8279,9.43867101449238,0.0,0.0,330.68966231884104,1.0,10791.505196086957,10800.0
2025-01-24,2025-01-24T13:10:00,True,0.0,28.354627777777637,657.5088499999999,974.8032166666667,0.8636,0.0,1.6370904631912707e-12,0.0,345.6489944444446,0.0,10800.0,10799.999999999998
2025-01-24,2025-01-24T13:20:00,True,0.0,59.310695410628,641.7534333333333,946.0283333333333,0.8416,0.0,0.0,0.0,363.585595410629,0.0,10799.999999999998,10799.999999999998
2025-01-24,2025-01-24T13:30:00,True,0.0,90.17206521739104,652.365,925.1499999999999,0.8618,0.0,0.0,0.0,362.95706521739237,0.0,10799.999999999998,10799.999999999998
2025-01-24,2025-01-24T13:40:00,True,0.0,115.83849734299508,662.5607333333332,889.9290833333332,0.8623,0.0,-1.6370904631912707e-12,0.0,343.20684734299454,0.0,10799.999999999998,10800.0
2025-01-24,2025-01-24T13:50:00,True,0.0,0.0,667.2004,857.0432833333332,0.9026,0.0,0.0,0.0,189.84288333333194,0.0,10800.0,10800.0
2025-01-24,2025-01-24T14:00:00,True,0.0,0.0,663.3149999999999,824.70625,0.9754,0.0,0.0,0.0,161.39124999999973,0.0,10800.0,10800.0
2025-01-24,2025-01-24T14:10:00,True,0.0,0.0,649.2600666666666,773.7347,1.0002,0.0,0.0,0.0,124.4746333333324,0.0,10800.0,10800.0
2025-01-24,2025-01-24T14:20:00,True,0.0,0.0,642.5883333333334,727.8385833333333,0.9978,0.0,0.0,0.0,85.25024999999829,0.0,10800.0,10800.0
2025-01-24,2025-01-24T14:30:00,True,0.0,0.0,637.2149999999999,693.45625,1.0271,0.0,0.0,0.0,56.241250000000086,0.0,10800.0,10800.0
2025-01-24,2025-01-24T14:40:00,True,0.0,0.0,615.52265,656.2666166666667,1.0906,0.0,0.0,0.0,40.74396666666603,0.0,10800.0,10800.0
2025-01-24,2025-01-24T14:50:00,True,0.0,0.0,623.8639499999999,630.6865,0.9376,0.0,0.0,0.0,6.822549999999914,0.0,10800.0,10800.0
2025-01-24,2025-01-24T15:00:00,True,1051.456251741511,1201.691761594203,638.1466666666666,605.55,0.6694,0.0,0.0,0.0,1169.0950949275361,0.0,10800.0,10800.0
2025-01-24,2025-01-24T15:10:00,True,1194.763233574879,1250.475397463768,591.0264999999999,551.2903333333334,0.66,0.0,0.0,0.0,1210.7392307971015,0.0,10800.0,10800.0
2025-01-24,2025-01-24T15:20:00,True,413.9148780193241,921.2361955105275,583.42675,495.84501666666665,0.7217,0.0,1.6370904631912707e-12,0.0,833.6544621771958,0.0,10800.0,10799.999999999998
2025-01-24,2025-01-24T15:30:00,True,464.8299072463768,504.2726655797101,629.025,454.48124999999993,0.7308,0.0,0.0,0.0,329.7289155797106,0.0,10799.999999999998,10799.999999999998
2025-01-24,2025-01-24T15:40:00,True,528.5826198067632,559.8906753623189,636.5458166666666,414.02448333333336,0.7534,0.0,0.0,0.0,337.36934202898635,0.0,10799.999999999998,10799.999999999998
2025-01-24,2025-01-24T15:50:00,True,588.2796946859902,611.4530474637678,615.8458499999999,358.4043833333333,0.7823,0.0,0.0,0.0,354.0115807971023,0.0,10799.999999999998,10799.999999999998
2025-01-24,2025-01-24T16:00:00,True,638.7562963768119,653.7949463768118,600.7683333333333,299.15,0.8055,0.0,0.0,0.0,352.17661304347973,0.0,10799.999999999998,10799.999999999998
2025-01-24,2025-01-24T16:10:00,True,679.1306195652176,691.3487695652174,606.7030166666666,262.59835,0.8271,0.0,0.0,0.0,347.2441028985512,0.0,10799.999999999998,10799.999999999998
2025-01-24,2025-01-24T16:20:00,True,722.0125434782607,731.4101934782609,589.4639833333333,223.53003333333334,0.8519,0.0,0.0,0.0,365.4762434782614,0.0,10799.999999999998,10799.999999999998
2025-01-24,2025-01-24T16:30:00,True,766.6802978260873,773.2574478260873,565.675,173.11249999999998,0.8791,0.0,-1.6370904631912707e-12,0.0,380.69494782608587,0.0,10799.999999999998,10800.0
2025-01-24,2025-01-24T16:40:00,True,811.2711043478263,811.2711043478263,583.1896333333333,126.98178333333334,0.9024,0.0,0.0,0.0,355.0632543478251,0.0,10800.0,10800.0
2025-01-24,2025-01-24T16:50:00,True,841.1365710144923,841.1365710144923,521.2194666666667,80.8326,0.9163,0.0,0.0,0.0,400.7497043478243,0.0,10800.0,10800.0
2025-01-24,2025-01-24T17:00:00,True,864.8263282608694,864.8263282608694,423.765,36.86875,0.9264,0.0,0.0,0.0,477.9300782608689,0.0,10800.0,10800.0
2025-01-24,2025-01-24T17:10:00,True,866.3975916666664,866.3975916666664,461.1766,7.42335,0.9462,0.0,0.0,0.0,412.6443416666653,0.0,10800.0,10800.0
2025-01-24,2025-01-24T17:20:00,True,869.0201833333331,869.0201833333331,486.1060666666666,0.0,0.9742,0.0,0.0,0.0,382.91411666666596,0.0,10800.0,10800.0
2025-01-24,2025-01-24T17:30:00,True,878.8486713768116,878.8486713768116,452.08,0.0,0.9862,0.0,0.0,0.0,426.7686713768099,0.0,10800.0,10800.0
2025-01-24,2025-01-24T17:40:00,True,901.4390731884059,901.4390731884059,456.4164333333333,0.4349333333333333,0.976,0.0,0.0,0.0,445.4575731884043,0.0,10800.0,10800.0
2025-01-24,2025-01-24T17:50:00,True,813.8153793478263,813.8153793478263,445.59731666666664,0.0,1.0742,0.0,1.6370904631912707e-12,0.0,368.2180626811595,0.0,10800.0,10799.999999999998
2025-01-24,2025-01-24T18:00:00,True,668.1253623188405,668.1253623188405,424.8666666666666,0.0,1.2313,0.0,0.0,0.0,243.2586956521744,0.0,10799.999999999998,10799.999999999998
2025-01-24,2025-01-24T18:10:00,True,0.0,0.0,460.64823333333334,0.031233333333333335,1.2561,0.0,460.6169999999987,0.0,0.0,0.0,10799.999999999998,10288.203333333333
2025-01-24,2025-01-24T18:20:00,True,667.4449471014493,667.4449471014493,474.80753333333337,0.0,1.2447,192.63741376811595,0.0,0.0,0.0,1.0,10288.203333333333,10461.577005724637
2025-01-24,2025-01-24T18:30:00,True,652.4889739130446,652.4889739130446,457.39,0.0,1.2545,195.09897391304457,0.0,0.0,0.0,1.0,10461.577005724637,10637.166082246378
2025-01-24,2025-01-24T18:40:00,True,661.7040224637682,661.7040224637682,474.19926666666663,0.00225,1.2522,180.92657528180195,0.0,0.0,6.580430515299611,1.0,10637.166082246378,10800.0
2025-01-24,2025-01-24T18:50:00,True,0.0,0.0,475.7190833333333,0.0,1.2881,0.0,475.7190833333341,0.0,0.0,0.0,10800.0,10271.42324074074
2025-01-24,2025-01-24T19:00:00,True,0.0,0.0,456.47499999999997,0.0,1.3466,0.0,456.4750000000007,0.0,0.0,0.0,10271.42324074074,9764.228796296295
2025-01-24,2025-01-24T19:10:00,True,0.0,0.0,462.3274833333333,0.0,1.3523,0.0,462.3274833333333,0.0,0.0,0.0,9764.228796296295,9250.531592592592
2025-01-24,2025-01-24T19:20:00,True,0.0,0.0,451.24036666666666,0.0,1.3445,0.0,451.24036666666666,0.0,0.0,0.0,9250.531592592592,8749.153407407406
2025-01-24,2025-01-24T19:30:00,True,0.0,0.0,424.00166666666667,0.0,1.3483,0.0,424.00166666666667,0.0,0.0,0.0,8749.153407407406,8278.040444444443
2025-01-24,2025-01-24T19:40:00,True,0.0,0.0,428.91021666666666,0.0,1.349,0.0,428.91021666666666,0.0,0.0,0.0,8278.040444444443,7801.473537037035
2025-01-24,2025-01-24T19:50:00,True,0.0,0.0,443.1460333333333,0.0,1.3473,0.0,443.1460333333333,0.0,0.0,0.0,7801.473537037035,7309.089055555554
2025-01-24,2025-01-24T20:00:00,True,0.0,0.0,454.61833333333334,0.0,1.3482,0.0,454.61833333333334,0.0,0.0,0.0,7309.089055555554,6803.957574074073
2025-01-24,2025-01-24T20:10:00,True,0.0,0.0,473.00441666666666,0.0,1.3513,0.0,473.00441666666666,0.0,0.0,0.0,6803.957574074073,6278.39711111111
2025-01-24,2025-01-24T20:20:00,True,0.0,0.0,478.76101666666665,0.0,1.34,0.0,478.76101666666665,0.0,0.0,0.0,6278.39711111111,5746.4404259259245
2025-01-24,2025-01-24T20:30:00,True,0.0,0.0,458.98499999999996,0.0,1.3489,0.0,458.98499999999996,0.0,0.0,0.0,5746.4404259259245,5236.457092592591
2025-01-24,2025-01-24T20:40:00,True,0.0,0.0,428.7851166666667,0.0,1.3952,0.0,428.7851166666667,0.0,0.0,0.0,5236.457092592591,4760.029185185183
2025-01-24,2025-01-24T20:50:00,True,678.8681572463768,678.8681572463768,453.38105,0.0,1.2226,225.4871072463771,0.0,0.0,-3.410605131648481e-13,1.0,4760.029185185183,4962.967581706923
2025-01-24,2025-01-24T21:00:00,True,683.0441304347826,683.0441304347826,499.56833333333327,0.0,0.9332,183.47579710144905,0.0,0.0,2.5579538487363607e-13,1.0,4962.967581706923,5128.095799098227
2025-01-24,2025-01-24T21:10:00,True,684.356397826087,684.356397826087,473.2319333333333,0.0,0.9068,211.12446449275416,0.0,0.0,-4.547473508864641e-13,1.0,5128.095799098227,5318.107817141706
2025-01-24,2025-01-24T21:20:00,True,676.9165275362319,676.9165275362319,474.03,0.0,0.9371,202.88652753623157,0.0,0.0,3.694822225952521e-13,1.0,5318.107817141706,5500.705691924314
2025-01-24,2025-01-24T21:30:00,True,679.4888405797102,679.4888405797102,520.1183333333333,0.0,0.9371,159.3705072463773,0.0,0.0,-4.263256414560601e-13,1.0,5500.705691924314,5644.139148446054
2025-01-24,2025-01-24T21:40:00,True,703.7585710144929,703.7585710144929,516.3050166666667,0.0,0.9871,187.45355434782647,0.0,0.0,-2.8421709430404007e-13,1.0,5644.139148446054,5812.8473473590975
2025-01-24,2025-01-24T21:50:00,True,638.104052173913,638.104052173913,441.8484833333333,0.0,0.7764,196.25556884058014,0.0,0.0,-4.263256414560601e-13,1.0,5812.8473473590975,5989.47735931562
2025-01-24,2025-01-24T22:00:00,True,521.5229710144928,521.5229710144928,368.615,0.0,0.4209,152.90797101449243,0.0,0.0,3.410605131648481e-13,1.0,5989.47735931562,6127.094533228663
2025-01-24,2025-01-24T22:10:00,True,513.9583311594201,513.9583311594201,394.9870833333333,0.0,0.3859,118.97124782608682,0.0,0.0,0.0,1.0,6127.094533228663,6234.168656272141
2025-01-24,2025-01-24T22:20:00,True,536.037779710145,536.037779710145,438.5496666666666,0.0,0.4368,97.48811304347834,0.0,0.0,0.0,1.0,6234.168656272141,6321.907958011271
2025-01-24,2025-01-24T22:30:00,True,533.4543478260869,533.4543478260869,447.16166666666663,0.0,0.4198,86.29268115942023,0.0,0.0,0.0,1.0,6321.907958011271,6399.57137105475
2025-01-24,2025-01-24T22:40:00,True,532.2647601449274,532.2647601449274,441.2998666666666,0.0,0.4186,90.96489347826082,0.0,0.0,0.0,1.0,6399.57137105475,6481.439775185185
2025-01-24,2025-01-24T22:50:00,True,532.777134057971,532.777134057971,427.1882333333333,0.0,0.4241,105.58890072463771,0.0,0.0,0.0,1.0,6481.439775185185,6576.469785837358
2025-01-24,2025-01-24T23:00:00,True,536.1318115942029,536.1318115942029,414.8,0.0,0.4237,121.33181159420286,0.0,0.0,0.0,1.0,6576.469785837358,6685.668416272141
2025-01-24,2025-01-24T23:10:00,True,547.2188369565216,547.2188369565216,412.73589999999996,0.0,0.4248,134.48293695652166,0.0,0.0,0.0,1.0,6685.668416272141,6806.703059533011
2025-01-24,2025-01-24T23:20:00,True,553.7186188405798,553.7186188405798,394.08871666666664,0.0,0.424,159.62990217391314,0.0,0.0,0.0,1.0,6806.703059533011,6950.369971489533
2025-01-24,2025-01-24T23:30:00,True,554.583043478261,554.583043478261,381.78499999999997,0.0,0.422,172.79804347826098,0.0,0.0,0.0,1.0,6950.369971489533,7105.888210619968
2025-01-24,2025-01-24T23:40:00,True,559.5866688405796,559.5866688405796,426.4114833333333,0.0,0.424,133.17518550724628,0.0,0.0,0.0,1.0,7105.888210619968,7225.74587757649
2025-01-24,2025-01-24T23:50:00,True,559.7595007246376,559.7595007246376,457.47496666666666,0.0,0.4271,102.28453405797097,0.0,0.0,0.0,1.0,7225.74587757649,7317.801958228663
2025-01-24,2025-01-25T00:00:00,True,560.3860606060606,560.3860606060606,452.75333333333333,0.0,0.4276,107.63272727272738,0.0,0.0,-1.1368683772161603e-13,1.0,7317.801958228663,7414.671412774118
2025-01-25,2025-01-25T00:10:00,True,1392.0690055555553,1392.0690055555553,454.3254333333333,0.0,0.4248,833.3333333333331,0.0,0.0,104.4102388888889,1.0,7414.671412774118,8164.671412774118
2025-01-25,2025-01-25T00:20:00,True,1397.4705659722222,1397.4705659722222,446.6726833333333,0.0,0.4245,833.3333333333293,0.0,0.0,117.46454930555967,1.0,8164.671412774118,8914.671412774114
2025-01-25,2025-01-25T00:30:00,True,1401.428888888889,1401.428888888889,443.3066666666667,0.0,0.4269,833.3333333333333,0.0,0.0,124.78888888888923,1.0,8914.671412774114,9664.671412774114
2025-01-25,2025-01-25T00:40:00,True,566.765428472222,566.765428472222,476.9869166666666,0.0,0.4272,3.979039320256561e-12,0.0,0.0,89.77851180555137,1.0,9664.671412774114,9664.671412774118
2025-01-25,2025-01-25T00:50:00,True,995.5144871954246,995.5144871954246,484.26815,0.0,0.4271,428.1428746954245,0.0,0.0,83.10346250000015,1.0,9664.671412774118,10050.0
2025-01-25,2025-01-25T01:00:00,True,576.622222222222,576.622222222222,468.2083333333333,0.0,0.4285,0.0,0.0,0.0,108.41388888888872,1.0,10050.0,10050.0
2025-01-25,2025-01-25T01:10:00,True,593.1124347222222,593.1124347222222,490.43896666666666,0.0,0.4311,0.0,0.0,0.0,102.67346805555559,1.0,10050.0,10050.0
2025-01-25,2025-01-25T01:20:00,True,597.1882111111112,597.1882111111112,487.2113166666666,0.0,0.4302,0.0,0.0,0.0,109.97689444444455,1.0,10050.0,10050.0
2025-01-25,2025-01-25T01:30:00,True,590.1437500000001,590.1437500000001,464.605,0.0,0.4279,0.0,0.0,0.0,125.53875000000005,1.0,10050.0,10050.0
2025-01-25,2025-01-25T01:40:00,True,592.4141208333333,592.4141208333333,494.27239999999995,0.0,0.4312,0.0,0.0,0.0,98.14172083333335,1.0,10050.0,10050.0
2025-01-25,2025-01-25T01:50:00,True,599.3428319444445,599.3428319444445,505.68944999999997,0.0,0.4333,0.0,0.0,0.0,93.6533819444445,1.0,10050.0,10050.0
2025-01-25,2025-01-25T02:00:00,True,605.2574999999998,605.2574999999998,487.83666666666664,0.0,0.4311,0.0,0.0,0.0,117.42083333333318,1.0,10050.0,10050.0
2025-01-25,2025-01-25T02:10:00,True,609.8962826388888,609.8962826388888,501.90576666666664,0.0,0.4293,0.0,0.0,0.0,107.99051597222217,1.0,10050.0,10050.0
2025-01-25,2025-01-25T02:20:00,True,612.609445138889,612.609445138889,514.9269333333333,0.0,0.4324,0.0,0.0,0.0,97.68251180555569,1.0,10050.0,10050.0
2025-01-25,2025-01-25T02:30:00,True,615.2670833333333,615.2670833333333,507.54333333333335,0.0,0.4367,0.0,0.0,0.0,107.72374999999994,1.0,10050.0,10050.0
2025-01-25,2025-01-25T02:40:00,True,620.8751861111109,620.8751861111109,497.95935,0.0,0.4348,0.0,0.0,0.0,122.91583611111093,1.0,10050.0,10050.0
2025-01-25,2025-01-25T02:50:00,True,626.3492486111112,626.3492486111112,501.06135,0.0,0.4335,0.0,0.0,0.0,125.28789861111119,1.0,10050.0,10050.0
2025-01-25,2025-01-25T03:00:00,True,628.7934722222221,628.7934722222221,514.0583333333333,0.0,0.4357,0.0,0.0,0.0,114.73513888888886,1.0,10050.0,10050.0
2025-01-25,2025-01-25T03:10:00,True,629.3441513888889,629.3441513888889,521.0511333333333,0.0,0.4374,0.0,0.0,0.0,108.29301805555565,1.0,10050.0,10050.0
2025-01-25,2025-01-25T03:20:00,True,637.3867944444444,637.3867944444444,519.49595,0.0,0.4371,0.0,0.0,0.0,117.89084444444438,1.0,10050.0,10050.0
2025-01-25,2025-01-25T03:30:00,True,643.5076388888889,643.5076388888889,512.1099999999999,0.0,0.4356,0.0,0.0,0.0,131.397638888889,1.0,10050.0,10050.0
2025-01-25,2025-01-25T03:40:00,True,630.7816333333332,630.7816333333332,505.44893333333334,0.0,0.4353,0.0,0.0,0.0,125.33269999999982,1.0,10050.0,10050.0
2025-01-25,2025-01-25T03:50:00,True,633.6075027777778,633.6075027777778,513.3439333333333,0.0,0.436,0.0,0.0,0.0,120.26356944444444,1.0,10050.0,10050.0
2025-01-25,2025-01-25T04:00:00,True,653.9256249999997,653.9256249999997,526.1366666666667,0.0,0.4378,0.0,0.0,0.0,127.78895833333308,0.0,10050.0,10050.0
2025-01-25,2025-01-25T04:10:00,True,657.4952888888889,657.4952888888889,520.9297333333333,0.0,0.4401,0.0,0.0,0.0,136.56555555555565,0.0,10050.0,10050.0
2025-01-25,2025-01-25T04:20:00,True,647.6046277777776,647.6046277777776,521.7471499999999,0.0,0.4389,125.85747777777772,0.0,0.0,0.0,1.0,10050.0,10163.27173
2025-01-25,2025-01-25T04:30:00,True,641.5137500000001,641.5137500000001,535.505,0.0,0.4364,0.0,0.0,0.0,106.00875000000008,0.0,10163.27173,10163.27173
2025-01-25,2025-01-25T04:40:00,True,652.4805430555556,652.4805430555556,545.0266999999999,0.0,0.4393,0.0,0.0,0.0,107.4538430555557,0.0,10163.27173,10163.27173
2025-01-25,2025-01-25T04:50:00,True,662.2173173611112,662.2173173611112,552.6250666666666,0.00016666666666666666,0.4422,0.0,0.0,0.0,109.5924173611113,0.0,10163.27173,10163.27173
2025-01-25,2025-01-25T05:00:00,True,663.1933333333335,663.1933333333335,552.055,0.0,0.4395,111.13833333333355,0.0,0.0,0.0,1.0,10163.27173,10263.29623
2025-01-25,2025-01-25T05:10:00,True,665.1498743055555,665.1498743055555,534.5888666666666,0.0,0.4333,130.5610076388889,0.0,0.0,0.0,1.0,10263.29623,10380.801136875
2025-01-25,2025-01-25T05:20:00,True,671.4980805555556,671.4980805555556,534.8818666666666,0.0024,0.4439,136.61861388888894,0.0,0.0,0.0,1.0,10380.801136875,10503.757889375
2025-01-25,2025-01-25T05:30:00,True,668.7284027777779,668.7284027777779,560.185,0.0,0.4301,-0.0,0.0,0.0,108.54340277777794,0.0,10503.757889375,10503.757889375
2025-01-25,2025-01-25T05:40:00,True,1485.6402569444444,1485.6402569444444,579.5323999999999,0.0,0.3713,329.1579006944448,0.0,0.0,576.9499562499998,1.0,10503.757889375,10800.0
2025-01-25,2025-01-25T05:50:00,True,707.9712937500002,707.9712937500002,564.9386999999999,0.0334,0.5708,0.0,1.6370904631912707e-12,0.0,143.06599375000118,0.0,10800.0,10799.999999999998
2025-01-25,2025-01-25T06:00:00,True,0.0,0.0,540.6216666666667,0.0,0.9099,0.0,540.6216666666658,0.0,0.0,0.0,10799.999999999998,10199.309259259258
2025-01-25,2025-01-25T06:10:00,True,0.0,0.0,556.1276666666666,0.0,0.9368,0.0,556.1276666666673,0.0,0.0,0.0,10199.309259259258,9581.389629629628
2025-01-25,2025-01-25T06:20:00,True,747.6940993055554,768.0059638888888,561.1043333333333,0.46515,0.8758,0.0,0.0,0.0,207.36678055555547,0.0,9581.389629629628,9581.389629629628
2025-01-25,2025-01-25T06:30:00,True,0.0,113.81580863194449,546.345,0.0,0.8759,0.0,432.52919136805554,0.0,0.0,0.0,9581.389629629628,9100.801639220677
2025-01-25,2025-01-25T06:40:00,True,793.375670138889,793.375670138889,560.0128666666667,0.0,0.8601,0.0,0.0,0.0,233.36280347222225,0.0,9100.801639220677,9100.801639220677
2025-01-25,2025-01-25T06:50:00,True,791.6775326388889,791.6775326388889,610.9114833333333,7.80145,0.8442,-0.0,0.0,0.0,188.56749930555566,0.0,9100.801639220677,9100.801639220677
2025-01-25,2025-01-25T07:00:00,True,792.3280111111112,792.3280111111112,649.165,35.7125,0.8334,0.0,0.0,0.0,178.87551111111122,0.0,9100.801639220677,9100.801639220677
2025-01-25,2025-01-25T07:10:00,True,758.2439409722222,758.2439409722222,618.7757999999999,72.94324999999999,0.8092,212.4113909722223,0.0,0.0,0.0,1.0,9100.801639220677,9291.971891095678
2025-01-25,2025-01-25T07:20:00,True,729.12579375,729.12579375,625.5180166666667,117.41653333333332,0.7972,146.6353239454717,0.0,0.0,74.3889864711949,1.0,9291.971891095678,9423.943682646603
2025-01-25,2025-01-25T07:30:00,True,681.8522138888891,681.8522138888891,675.8149999999999,162.88125,0.7644,0.0,0.0,0.0,168.91846388888916,0.0,9423.943682646603,9423.943682646603
2025-01-25,2025-01-25T07:40:00,True,1441.4771881944446,1441.4771881944446,669.2161,202.54048333333333,0.6899,0.0,0.0,0.0,974.8015715277779,0.0,9423.943682646603,9423.943682646603
2025-01-25,2025-01-25T07:50:00,True,656.0011694444443,656.0011694444443,637.9203333333332,250.03543333333334,0.86,3.0316490059097605e-12,0.0,0.0,268.11626944444134,0.0,9423.943682646603,9423.943682646604
2025-01-25,2025-01-25T08:00:00,True,0.0,0.0,622.8166666666666,304.64374999999995,1.1617,0.0,318.17291666666665,0.0,0.0,0.0,9423.943682646604,9070.418219683641
2025-01-25,2025-01-25T08:10:00,True,0.0,0.0,631.4833333333333,351.96316666666667,1.1683,0.0,279.5201666666667,0.0,0.0,0.0,9070.418219683641,8759.840256720678
2025-01-25,2025-01-25T08:20:00,True,0.0,0.0,643.00775,400.41189999999995,1.0956,0.0,242.59585000000004,0.0,0.0,0.0,8759.840256720678,8490.289312276233
2025-01-25,2025-01-25T08:30:00,True,0.0,0.0,645.4266666666666,450.45625,1.0849,0.0,194.9704166666666,0.0,0.0,0.0,8490.289312276233,8273.655515979935
2025-01-25,2025-01-25T08:40:00,True,0.0,0.0,646.2680166666667,494.4409666666666,1.061,0.0,151.82705000000004,0.0,0.0,0.0,8273.655515979935,8104.9587937577135
2025-01-25,2025-01-25T08:50:00,True,0.0,0.0,666.7913833333333,546.8363833333333,1.043,0.0,119.95500000000004,0.0,0.0,0.0,8104.9587937577135,7971.67546042438
2025-01-25,2025-01-25T09:00:00,True,0.0,0.0,706.765,607.8874999999999,1.036,0.0,98.87750000000005,0.0,0.0,0.0,7971.67546042438,7861.811571535491
2025-01-25,2025-01-25T09:10:00,True,0.0,0.0,739.5861,661.8757833333333,1.0147,0.0,77.7103166666667,0.0,0.0,0.0,7861.811571535491,7775.466775239194
2025-01-25,2025-01-25T09:20:00,True,0.0,0.0,734.5761333333332,708.8280833333333,0.9922,0.0,25.74804999999992,0.0,0.0,0.0,7775.466775239194,7746.85783079475
2025-01-25,2025-01-25T09:30:00,True,0.0,0.0,715.0316666666665,752.06875,0.97,0.0,0.0,0.0,37.0370833333335,0.0,7746.85783079475,7746.85783079475
2025-01-25,2025-01-25T09:40:00,True,0.0,0.0,734.7522833333334,792.6431666666667,0.9422,0.0,0.0,0.0,57.89088333333336,0.0,7746.85783079475,7746.85783079475
2025-01-25,2025-01-25T09:50:00,True,0.0,0.0,752.3201666666666,826.4923999999999,0.9569,74.17223333333192,0.0,0.0,1.3073986337985843e-12,1.0,7746.85783079475,7813.612840794749
2025-01-25,2025-01-25T10:00:00,True,0.0,0.0,739.6616666666666,861.5124999999999,0.9977,0.0,0.0,0.0,121.8508333333333,0.0,7813.612840794749,7813.612840794749
2025-01-25,2025-01-25T10:10:00,True,0.0,0.0,714.3372833333333,911.5957166666667,0.9919,0.0,0.0,0.0,197.25843333333341,0.0,7813.612840794749,7813.612840794749
2025-01-25,2025-01-25T10:20:00,True,0.0,0.0,722.37045,962.1431666666667,0.9588,0.0,0.0,0.0,239.77271666666672,0.0,7813.612840794749,7813.612840794749
2025-01-25,2025-01-25T10:30:00,True,0.0,0.0,746.5383333333332,1000.625,0.9549,0.0,0.0,0.0,254.08666666666682,0.0,7813.612840794749,7813.612840794749
2025-01-25,2025-01-25T10:40:00,True,0.0,0.0,728.0016999999999,1023.3623333333333,0.9839,0.0,0.0,0.0,295.36063333333334,0.0,7813.612840794749,7813.612840794749
2025-01-25,2025-01-25T10:50:00,True,6.119967361110639,117.1281368055553,718.3744499999999,1026.2127999999998,0.799,0.0,0.0,0.0,424.9664868055552,0.0,7813.612840794749,7813.612840794749
2025-01-25,2025-01-25T11:00:00,True,802.9296138888889,929.4441472222221,732.3616666666667,1038.5124999999998,0.5025,0.0,0.0,0.0,1235.5949805555551,0.0,7813.612840794749,7813.612840794749
2025-01-25,2025-01-25T11:10:00,True,786.0751680555558,917.9462402777777,728.2269666666666,1089.6296833333333,0.4662,0.0,0.0,0.0,1279.3489569444446,0.0,7813.612840794749,7813.612840794749
2025-01-25,2025-01-25T11:20:00,True,766.9036152777779,904.1312263888891,701.0879499999999,1080.95165,0.5007,0.0,0.0,0.0,1283.9949263888893,0.0,7813.612840794749,7813.612840794749
2025-01-25,2025-01-25T11:30:00,True,749.4406055555556,892.0247555555555,689.1333333333333,1033.4187499999998,0.4827,0.0,0.0,0.0,1236.310172222222,0.0,7813.612840794749,7813.612840794749
2025-01-25,2025-01-25T11:40:00,True,734.3800361111113,882.3207249999999,728.5472499999998,1069.0825666666665,0.4785,0.0,0.0,0.0,1222.8560416666664,0.0,7813.612840794749,7813.612840794749
2025-01-25,2025-01-25T11:50:00,True,700.4365027777774,853.7337305555553,720.8315166666666,1110.47395,0.4662,0.0,0.0,0.0,1243.3761638888886,0.0,7813.612840794749,7813.612840794749
2025-01-25,2025-01-25T12:00:00,True,654.0715972222222,812.7253638888889,667.6016666666667,1112.94375,0.4432,661.4611572016535,0.0,0.0,596.6062900205687,1.0,7813.612840794749,8408.927882276237
2025-01-25,2025-01-25T12:10:00,True,636.114421527778,785.6482687499999,668.4196,1108.5629833333332,0.4411,833.3333333333333,0.0,0.0,392.45831875,1.0,8408.927882276237,9158.927882276237
2025-01-25,2025-01-25T12:20:00,True,629.1906826388888,769.6046104166667,680.3710166666666,1099.6039,0.4551,0.0,0.0,0.0,1188.8374937500002,0.0,9158.927882276237,9158.927882276237
2025-01-25,2025-01-25T12:30:00,True,621.1656944444444,752.4597027777777,676.51,1098.14375,0.4463,0.0,0.0,0.0,1174.0934527777777,0.0,9158.927882276237,9158.927882276237
2025-01-25,2025-01-25T12:40:00,True,610.2768222222224,732.4509111111112,677.27135,1122.7194833333333,0.4113,0.0,0.0,0.0,1177.8990444444444,0.0,9158.927882276237,9158.927882276237
2025-01-25,2025-01-25T12:50:00,True,452.9766499999994,729.9935305555555,680.7208499999999,1145.8759,0.5682,833.3333333333334,0.0,0.0,361.8152472222222,1.0,9158.927882276237,9908.927882276237
2025-01-25,2025-01-25T13:00:00,True,0.0,0.0,686.815,1148.8374999999999,0.8279,361.60118402777397,0.0,0.0,100.42131597222584,1.0,9908.927882276237,10234.368947901234
2025-01-25,2025-01-25T13:10:00,True,0.0,0.0,695.4030166666666,1133.0317,0.8636,0.0,0.0,0.0,437.62868333333336,0.0,10234.368947901234,10234.368947901234
2025-01-25,2025-01-25T13:20:00,True,0.0,0.0,676.3313333333333,1099.6832,0.8416,0.0,0.0,0.0,423.35186666666664,0.0,10234.368947901234,10234.368947901234
2025-01-25,2025-01-25T13:30:00,True,0.0,12.605522222222021,653.0533333333333,1061.01875,0.8618,117.79904444444482,0.0,0.0,302.7718944444439,1.0,10234.368947901234,10340.388087901234
2025-01-25,2025-01-25T13:40:00,True,0.0,42.39931319444452,677.3132166666667,1030.0988499999999,0.8623,0.0,0.0,0.0,395.1849465277777,0.0,10340.388087901234,10340.388087901234
2025-01-25,2025-01-25T13:50:00,True,0.0,0.0,673.8313833333333,980.1372166666666,0.9026,306.30583333333334,0.0,0.0,0.0,1.0,10340.388087901234,10616.063337901234
2025-01-25,2025-01-25T14:00:00,True,0.0,0.0,639.51,918.0562499999999,0.9754,204.37406899862856,0.0,0.0,74.17218100137131,1.0,10616.063337901234,10800.0
2025-01-25,2025-01-25T14:10:00,True,0.0,0.0,644.2474166666666,877.2866666666666,1.0002,0.0,0.0,0.0,233.03924999999896,0.0,10800.0,10800.0
2025-01-25,2025-01-25T14:20:00,True,0.0,0.0,635.0304166666666,824.6968833333333,0.9978,0.0,0.0,0.0,189.66646666666662,0.0,10800.0,10800.0
2025-01-25,2025-01-25T14:30:00,True,0.0,0.0,607.6016666666667,768.7624999999999,1.0271,0.0,0.0,0.0,161.1608333333325,0.0,10800.0,10800.0
2025-01-25,2025-01-25T14:40:00,True,0.0,0.0,613.25785,749.5391833333333,1.0906,0.0,0.0,0.0,136.2813333333334,0.0,10800.0,10800.0
2025-01-25,2025-01-25T14:50:00,True,0.0,0.0,606.5093333333333,702.4259833333333,0.9376,0.0,0.0,0.0,95.91664999999836,0.0,10800.0,10800.0
2025-01-25,2025-01-25T15:00:00,True,252.9400694444446,1194.5145861111114,597.115,625.6312499999999,0.6694,0.0,0.0,0.0,1223.0308361111113,0.0,10800.0,10800.0
2025-01-25,2025-01-25T15:10:00,True,961.551631970165,1236.3236729166665,638.6444666666666,580.3633333333332,0.66,0.0,0.0,0.0,1178.042539583333,0.0,10800.0,10800.0
2025-01-25,2025-01-25T15:20:00,True,355.6259118055558,501.2696694187256,643.5352666666666,524.5280333333333,0.7217,0.0,0.0,0.0,382.2624360853907,0.0,10800.0,10800.0
2025-01-25,2025-01-25T15:30:00,True,406.3799055555555,482.11665555555555,600.66,461.4,0.7308,0.0,0.0,0.0,342.8566555555545,0.0,10800.0,10800.0
2025-01-25,2025-01-25T15:40:00,True,467.8501194444442,532.7520583333331,588.2068166666666,438.3642,0.7534,0.0,0.0,0.0,382.9094416666658,0.0,10800.0,10800.0
2025-01-25,2025-01-25T15:50:00,True,524.2578145833332,578.324942361111,591.8162166666666,394.0675833333333,0.7823,0.0,0.0,0.0,380.576309027777,0.0,10800.0,10800.0
2025-01-25,2025-01-25T16:00:00,True,572.0634916666668,615.2958083333335,586.2583333333333,319.67499999999995,0.8055,0.0,0.0,0.0,348.7124749999994,0.0,10800.0,10800.0
2025-01-25,2025-01-25T16:10:00,True,620.395409027778,656.5340034722219,568.9879833333333,268.58394999999996,0.8271,0.0,0.0,0.0,356.12997013888804,0.0,10800.0,10800.0
2025-01-25,2025-01-25T16:20:00,True,670.164872222222,699.2097444444448,572.3381999999999,222.29945,0.8519,0.0,0.0,0.0,349.1709944444438,0.0,10800.0,10800.0
2025-01-25,2025-01-25T16:30:00,True,721.372841666667,743.323991666667,595.2449999999999,169.84375,0.8791,0.0,0.0,0.0,317.92274166666635,0.0,10800.0,10800.0
2025-01-25,2025-01-25T16:40:00,True,774.2280534722224,789.0854812499997,594.5911166666666,123.00816666666665,0.9024,0.0,1.6370904631912707e-12,0.0,317.50253125000097,0.0,10800.0,10799.999999999998
2025-01-25,2025-01-25T16:50:00,True,809.6596145833329,817.6799645833331,530.7514,79.42723333333333,0.9163,0.0,0.0,0.0,366.35579791666794,0.0,10799.999999999998,10799.999999999998
2025-01-25,2025-01-25T17:00:00,True,837.6942749999998,839.3906249999998,452.6166666666666,38.981249999999996,0.9264,0.0,0.0,0.0,425.75520833333474,0.0,10799.999999999998,10799.999999999998
2025-01-25,2025-01-25T17:10:00,True,842.2179687499996,843.6315937499996,453.51626666666664,8.448599999999999,0.9462,0.0,0.0,0.0,398.5639270833334,0.0,10799.999999999998,10799.999999999998
2025-01-25,2025-01-25T17:20:00,True,847.2290965277775,848.3599965277775,459.75558333333333,0.0,0.9742,0.0,0.0,0.0,388.6044131944444,0.0,10799.999999999998,10799.999999999998
2025-01-25,2025-01-25T17:30:00,True,856.6893944444445,857.5375694444446,444.7633333333333,0.0,0.9862,0.0,0.0,0.0,412.77423611111124,0.0,10799.999999999998,10799.999999999998
2025-01-25,2025-01-25T17:40:00,True,879.9782972222223,880.5437472222222,453.23709999999994,0.5029333333333332,0.976,0.0,0.0,0.0,427.8095805555557,0.0,10799.999999999998,10799.999999999998
2025-01-25,2025-01-25T17:50:00,True,797.0138770833335,797.2966020833335,457.29254999999995,0.0,1.0742,0.0,0.0,0.0,340.0040520833344,0.0,10799.999999999998,10799.999999999998
2025-01-25,2025-01-25T18:00:00,True,657.9895833333334,657.9895833333334,448.4083333333333,0.0,1.2313,0.0,0.0,0.0,209.58125000000004,0.0,10799.999999999998,10799.999999999998
2025-01-25,2025-01-25T18:10:00,True,0.0,0.0,450.5833333333333,0.036116666666666665,1.2561,0.0,450.5472166666648,0.0,0.0,0.0,10799.999999999998,10299.391981481482
2025-01-25,2025-01-25T18:20:00,True,659.4183881944444,659.4183881944444,463.7063333333333,0.0,1.2447,195.71205486111114,0.0,0.0,0.0,1.0,10299.391981481482,10475.532830856482
2025-01-25,2025-01-25T18:30:00,True,530.0524319444439,530.0524319444439,476.47333333333336,0.0,1.2545,53.57909861111057,0.0,0.0,0.0,1.0,10475.532830856482,10523.754019606482
2025-01-25,2025-01-25T18:40:00,True,653.8913243055556,653.8913243055556,480.71065,0.0026,1.2522,173.18327430555559,0.0,0.0,0.0,1.0,10523.754019606482,10679.618966481483
2025-01-25,2025-01-25T18:50:00,True,0.0,0.0,497.48091666666664,0.0,1.2881,0.0,497.4809166666664,0.0,0.0,0.0,10679.618966481483,10126.862392407409
2025-01-25,2025-01-25T19:00:00,True,0.0,0.0,503.94166666666666,0.0,1.3466,0.0,503.9416666666675,0.0,0.0,0.0,10126.862392407409,9566.927207222223
2025-01-25,2025-01-25T19:10:00,True,0.0,0.0,455.0712166666666,0.00018333333333333334,1.3523,0.0,455.0710333333333,0.0,0.0,0.0,9566.927207222223,9061.292725740741
2025-01-25,2025-01-25T19:20:00,True,0.0,0.0,419.24585,0.0,1.3445,0.0,419.24585,0.0,0.0,0.0,9061.292725740741,8595.464003518518
2025-01-25,2025-01-25T19:30:00,True,0.0,0.0,426.625,0.0,1.3483,0.0,426.625,0.0,0.0,0.0,8595.464003518518,8121.436225740741
2025-01-25,2025-01-25T19:40:00,True,0.0,0.0,446.06004999999993,0.0,1.349,0.0,446.06004999999993,0.0,0.0,0.0,8121.436225740741,7625.8139479629635
2025-01-25,2025-01-25T19:50:00,True,0.0,0.0,469.3383166666666,0.0,1.3473,0.0,469.3383166666666,0.0,0.0,0.0,7625.8139479629635,7104.326929444445
2025-01-25,2025-01-25T20:00:00,True,0.0,0.0,486.74333333333334,0.0,1.3482,0.0,486.74333333333334,0.0,0.0,0.0,7104.326929444445,6563.50100351852
2025-01-25,2025-01-25T20:10:00,True,0.0,0.0,486.3579333333333,0.0,1.3513,0.0,486.3579333333333,0.0,0.0,0.0,6563.50100351852,6023.103299814816
2025-01-25,2025-01-25T20:20:00,True,0.0,0.0,478.8691666666667,0.0,1.34,0.0,478.8691666666667,0.0,0.0,0.0,6023.103299814816,5491.026447962964
2025-01-25,2025-01-25T20:30:00,True,0.0,0.0,469.45333333333326,0.0,1.3489,0.0,469.45333333333326,0.0,0.0,0.0,5491.026447962964,4969.411633148149
2025-01-25,2025-01-25T20:40:00,True,0.0,0.0,460.22979999999995,0.0,1.3952,0.0,460.22979999999995,0.0,0.0,0.0,4969.411633148149,4458.045188703705
2025-01-25,2025-01-25T20:50:00,True,669.472861111111,669.472861111111,483.4034333333333,0.0,1.2226,186.0694277777778,0.0,0.0,-8.526512829121202e-14,1.0,4458.045188703705,4625.507673703705
2025-01-25,2025-01-25T21:00:00,True,675.3993055555555,675.3993055555555,517.75,0.0,0.9332,157.64930555555515,0.0,0.0,3.979039320256561e-13,1.0,4625.507673703705,4767.392048703705
2025-01-25,2025-01-25T21:10:00,True,675.5595451388889,675.5595451388889,503.43444999999997,0.0,0.9068,172.12509513888915,0.0,0.0,-2.2737367544323206e-13,1.0,4767.392048703705,4922.304634328705
2025-01-25,2025-01-25T21:20:00,True,668.4629222222222,668.4629222222222,470.0101666666667,0.0,0.9371,198.45275555555517,0.0,0.0,3.694822225952521e-13,1.0,4922.304634328705,5100.912114328705
2025-01-25,2025-01-25T21:30:00,True,672.8484027777779,672.8484027777779,459.46166666666664,0.0,0.9371,213.38673611111113,0.0,0.0,1.1368683772161603e-13,1.0,5100.912114328705,5292.960176828705
2025-01-25,2025-01-25T21:40:00,True,695.94800625,695.94800625,482.57188333333335,0.0,0.9871,213.37612291666625,0.0,0.0,4.547473508864641e-13,1.0,5292.960176828705,5484.998687453704
2025-01-25,2025-01-25T21:50:00,True,629.9267368055556,629.9267368055556,471.31835,0.0,0.7764,158.6083868055559,0.0,0.0,-3.126388037344441e-13,1.0,5484.998687453704,5627.746235578705
2025-01-25,2025-01-25T22:00:00,True,515.1518055555556,515.1518055555556,421.19166666666666,0.0,0.4209,93.96013888888875,0.0,0.0,1.8474111129762605e-13,1.0,5627.746235578705,5712.310360578705
2025-01-25,2025-01-25T22:10:00,True,509.0011958333332,509.0011958333332,397.85774999999995,0.0,0.3859,111.14344583333326,0.0,0.0,0.0,1.0,5712.310360578705,5812.339461828705
2025-01-25,2025-01-25T22:20:00,True,531.975775,531.975775,414.09024999999997,0.0,0.4368,117.88552500000003,0.0,0.0,0.0,1.0,5812.339461828705,5918.436434328705
2025-01-25,2025-01-25T22:30:00,True,529.8588194444444,529.8588194444444,441.1966666666666,0.0,0.4198,88.6621527777778,0.0,0.0,0.0,1.0,5918.436434328705,5998.232371828705
2025-01-25,2025-01-25T22:40:00,True,528.4745562499999,528.4745562499999,436.9173833333333,0.0,0.4186,91.55717291666656,0.0,0.0,0.0,1.0,5998.232371828705,6080.633827453705
2025-01-25,2025-01-25T22:50:00,True,528.3775965277778,528.3775965277778,413.8672333333333,0.0,0.4241,114.5103631944445,0.0,0.0,0.0,1.0,6080.633827453705,6183.693154328705
2025-01-25,2025-01-25T23:00:00,True,531.0763194444444,531.0763194444444,394.6483333333333,0.0,0.4237,136.42798611111107,0.0,0.0,0.0,1.0,6183.693154328705,6306.478341828704
2025-01-25,2025-01-25T23:10:00,True,541.6153812499998,541.6153812499998,393.7120666666666,0.0,0.4248,147.9033145833332,0.0,0.0,0.0,1.0,6306.478341828704,6439.591324953704
2025-01-25,2025-01-25T23:20:00,True,547.0673729166667,547.0673729166667,408.61566666666664,0.0,0.424,138.4517062500001,0.0,0.0,0.0,1.0,6439.591324953704,6564.197860578704
2025-01-25,2025-01-25T23:30:00,True,547.3831250000001,547.3831250000001,423.2416666666666,0.0,0.422,124.14145833333345,0.0,0.0,0.0,1.0,6564.197860578704,6675.925173078705
2025-01-25,2025-01-25T23:40:00,True,554.0377027777777,554.0377027777777,429.67431666666664,0.0,0.424,124.36338611111103,0.0,0.0,0.0,1.0,6675.925173078705,6787.852220578705
2025-01-25,2025-01-25T23:50:00,True,555.4976451388889,555.4976451388889,486.5695333333333,0.0,0.4271,68.92811180555555,0.0,0.0,0.0,1.0,6787.852220578705,6849.887521203705
2025-01-25,2025-01-26T00:00:00,True,555.4197826086956,555.4197826086956,573.3933333333333,0.0,0.4276,0.0,17.973550724637676,0.0,0.0,0.0,6849.887521203705,6829.916909287441
2025-01-26,2025-01-26T00:10:00,True,1387.8925959999997,1387.8925959999997,603.02365,0.0,0.4248,784.8689459999997,0.0,0.0,0.0,1.0,6829.916909287441,7536.298960687441
2025-01-26,2025-01-26T00:20:00,True,1392.771984,1392.771984,604.1721333333332,0.0,0.4245,788.5998506666667,0.0,0.0,0.0,1.0,7536.298960687441,8246.03882628744
2025-01-26,2025-01-26T00:30:00,True,1396.4373333333333,1396.4373333333333,600.02,0.0,0.4269,796.4173333333333,0.0,0.0,0.0,1.0,8246.03882628744,8962.814426287441
2025-01-26,2025-01-26T00:40:00,True,807.7110554583999,807.7110554583999,587.6106666666667,0.0,0.4272,220.10038879173328,0.0,0.0,-1.1368683772161603e-13,1.0,8962.814426287441,9160.904776200001
2025-01-26,2025-01-26T00:50:00,True,1397.3808073333335,1397.3808073333335,599.4886833333333,0.0,0.4271,797.8921240000002,0.0,0.0,0.0,1.0,9160.904776200001,9879.007687800002
2025-01-26,2025-01-26T01:00:00,True,572.2856666666665,572.2856666666665,629.2333333333333,0.0,0.4285,0.0,0.0,56.947666666666805,0.0,0.0,9879.007687800002,9879.007687800002
2025-01-26,2025-01-26T01:10:00,True,589.005496,589.005496,636.3726833333333,0.0,0.4311,0.0,0.0,47.36718733333328,0.0,0.0,9879.007687800002,9879.007687800002
2025-01-26,2025-01-26T01:20:00,True,592.7891353333333,592.7891353333333,636.0457333333333,0.0,0.4302,0.0,0.0,43.25659799999994,0.0,0.0,9879.007687800002,9879.007687800002
2025-01-26,2025-01-26T01:30:00,True,585.1222,585.1222,632.6066666666666,0.0,0.4279,0.0,0.0,47.48446666666655,0.0,0.0,9879.007687800002,9879.007687800002
2025-01-26,2025-01-26T01:40:00,True,588.4884519999999,588.4884519999999,614.5470666666666,0.0,0.4312,0.0,-3.161915174132446e-13,26.058614666667015,0.0,0.0,9879.007687800002,9879.007687800002
2025-01-26,2025-01-26T01:50:00,True,595.5966966666667,595.5966966666667,607.0378499999999,0.0,0.4333,0.0,0.0,11.441153333333205,0.0,0.0,9879.007687800002,9879.007687800002
2025-01-26,2025-01-26T02:00:00,True,600.5606666666665,600.5606666666665,627.8416666666667,0.0,0.4311,0.0,-3.161915174132446e-13,27.281000000000493,0.0,0.0,9879.007687800002,9879.007687800002
2025-01-26,2025-01-26T02:10:00,True,605.5766619999999,605.5766619999999,668.8418999999999,0.0,0.4293,0.0,0.0,63.265237999999954,0.0,0.0,9879.007687800002,9879.007687800002
2025-01-26,2025-01-26T02:20:00,True,608.7021446666668,608.7021446666668,687.6550833333333,0.0,0.4324,0.0,0.0,78.95293866666657,0.0,0.0,9879.007687800002,9879.007687800002
2025-01-26,2025-01-26T02:30:00,True,610.9581333333333,610.9581333333333,675.1283333333333,0.0,0.4367,0.0,0.0,64.17020000000002,0.0,0.0,9879.007687800002,9879.007687800002
2025-01-26,2025-01-26T02:40:00,True,615.9585526666665,615.9585526666665,656.5923,0.0,0.4348,0.0,0.0,40.63374733333353,0.0,0.0,9879.007687800002,9879.007687800002
2025-01-26,2025-01-26T02:50:00,True,621.3377326666667,621.3377326666667,630.0451499999999,0.0,0.4335,0.0,-4.3165471197426086e-13,8.707417333333614,0.0,0.0,9879.007687800002,9879.007687800002
2025-01-26,2025-01-26T03:00:00,True,624.2040666666666,624.2040666666666,613.0833333333333,0.0,0.4357,11.120733333333305,0.0,0.0,0.0,1.0,9879.007687800002,9889.016347800001
2025-01-26,2025-01-26T03:10:00,True,625.0124306666667,625.0124306666667,637.3823166666666,0.0,0.4374,0.0,-8.171241461241152e-13,12.369886000000768,0.0,0.0,9889.016347800001,9889.016347800001
2025-01-26,2025-01-26T03:20:00,True,632.6711606666667,632.6711606666667,683.0043999999999,0.0,0.4371,0.0,0.0,50.33323933333327,0.0,0.0,9889.016347800001,9889.016347800001
2025-01-26,2025-01-26T03:30:00,True,638.2517333333334,638.2517333333334,708.3066666666666,0.0,0.4356,0.0,0.0,70.05493333333322,0.0,0.0,9889.016347800001,9889.016347800001
2025-01-26,2025-01-26T03:40:00,True,625.7683253333332,625.7683253333332,685.7917,0.0,0.4353,0.0,0.0,60.02337466666677,0.0,0.0,9889.016347800001,9889.016347800001
2025-01-26,2025-01-26T03:50:00,True,628.79696,628.79696,675.7256666666666,0.0,0.436,0.0,0.0,46.928706666666585,0.0,0.0,9889.016347800001,9889.016347800001
2025-01-26,2025-01-26T04:00:00,True,648.8140666666665,648.8140666666665,695.69,0.0,0.4378,0.0,0.0,46.87593333333359,0.0,0.0,9889.016347800001,9889.016347800001
2025-01-26,2025-01-26T04:10:00,True,652.0326666666666,652.0326666666666,705.8111833333334,0.0,0.4401,0.0,0.0,53.77851666666675,0.0,0.0,9889.016347800001,9889.016347800001
2025-01-26,2025-01-26T04:20:00,True,642.5703286666666,642.5703286666666,696.4243166666666,0.0,0.4389,0.0,0.0,53.85398800000007,0.0,0.0,9889.016347800001,9889.016347800001
2025-01-26,2025-01-26T04:30:00,True,637.2734,637.2734,692.35,0.0,0.4364,0.0,0.0,55.076599999999985,0.0,0.0,9889.016347800001,9889.016347800001
2025-01-26,2025-01-26T04:40:00,True,648.1823893333334,648.1823893333334,720.47335,0.0,0.4393,0.0,0.0,72.29096066666659,0.0,0.0,9889.016347800001,9889.016347800001
2025-01-26,2025-01-26T04:50:00,True,657.8336273333334,657.8336273333334,715.4343999999999,0.00018333333333333334,0.4422,0.0,0.0,57.60058933333312,0.0,0.0,9889.016347800001,9889.016347800001
2025-01-26,2025-01-26T05:00:00,True,658.7478000000001,658.7478000000001,688.285,0.0,0.4395,0.0,0.0,29.53719999999987,0.0,0.0,9889.016347800001,9889.016347800001
2025-01-26,2025-01-26T05:10:00,True,659.927434,659.927434,713.5248833333333,0.0,0.4333,0.0,0.0,53.597449333333316,0.0,0.0,9889.016347800001,9889.016347800001
2025-01-26,2025-01-26T05:20:00,True,666.0334320000001,666.0334320000001,724.1974,0.0025833333333333333,0.4439,0.0,0.0,58.16138466666666,0.0,0.0,9889.016347800001,9889.016347800001
2025-01-26,2025-01-26T05:30:00,True,664.3866666666668,664.3866666666668,703.2716666666666,0.0,0.4301,0.0,0.0,38.88499999999988,0.0,0.0,9889.016347800001,9889.016347800001
2025-01-26,2025-01-26T05:40:00,True,1482.729276,1482.729276,715.3684833333333,0.0,0.3713,767.3607926666667,0.0,0.0,0.0,1.0,9889.016347800001,10579.641061200002
2025-01-26,2025-01-26T05:50:00,True,702.2499900000001,702.2499900000001,801.95565,0.03596666666666666,0.5708,0.0,0.0,99.66969333333316,0.0,0.0,10579.641061200002,10579.641061200002
2025-01-26,2025-01-26T06:00:00,True,0.0,68.52333333333331,901.8566666666667,0.0,0.9099,0.0,833.3333333333343,-9.094947017729282e-13,0.0,0.0,10579.641061200002,9653.715135274075
2025-01-26,2025-01-26T06:10:00,True,0.0,0.0,907.4837833333332,0.0,0.9368,0.0,833.3333333333334,74.15044999999986,0.0,0.0,9653.715135274075,8727.78920934815
2025-01-26,2025-01-26T06:20:00,True,781.3800531111111,781.3800531111111,904.3307499999999,0.5008999999999999,0.8758,0.0,122.44979688888873,0.0,0.0,0.0,8727.78920934815,8591.733879471607
2025-01-26,2025-01-26T06:30:00,True,780.0894583333331,780.0894583333331,915.7416666666666,0.0,0.8759,0.0,135.65220833333342,0.0,0.0,0.0,8591.733879471607,8441.00920354568
2025-01-26,2025-01-26T06:40:00,True,778.1060642222224,778.1060642222224,886.9546166666667,0.0,0.8601,0.0,108.8485524444443,0.0,0.0,0.0,8441.00920354568,8320.066367496298
2025-01-26,2025-01-26T06:50:00,True,777.0280234444444,777.0280234444444,892.0326833333334,8.397466666666666,0.8442,0.0,106.60719322222224,0.0,0.0,0.0,8320.066367496298,8201.613930582718
2025-01-26,2025-01-26T07:00:00,True,777.69885,777.69885,932.7533333333333,38.3625,0.8334,0.0,116.69198333333338,0.0,0.0,0.0,8201.613930582718,8071.956171323459
2025-01-26,2025-01-26T07:10:00,True,738.1509269999999,738.1509269999999,935.49005,76.95696666666666,0.8092,0.0,73.56734313555644,46.81481319777701,0.0,0.0,8071.956171323459,7990.214678950619
2025-01-26,2025-01-26T07:20:00,True,704.8555466666667,704.8555466666667,943.7403999999999,116.62019999999998,0.7972,0.0,7.105427357601002e-14,122.26465333333321,0.0,0.0,7990.214678950619,7990.214678950619
2025-01-26,2025-01-26T07:30:00,True,655.8731416666667,655.8731416666667,937.5516666666667,158.35,0.7644,0.0,2.8421709430404007e-13,123.32852499999973,0.0,0.0,7990.214678950619,7990.214678950619
2025-01-26,2025-01-26T07:40:00,True,1412.570846666667,1412.570846666667,876.6484833333334,208.05523333333332,0.6899,743.9775966666668,0.0,0.0,0.0,1.0,7990.214678950619,8659.79451595062
2025-01-26,2025-01-26T07:50:00,True,618.3170569999999,618.3170569999999,998.156,260.6507833333333,0.86,0.0,0.0,119.18815966666682,0.0,0.0,8659.79451595062,8659.79451595062
2025-01-26,2025-01-26T08:00:00,True,0.0,0.0,1225.5333333333333,314.85625,1.1617,0.0,833.3333333333334,77.34374999999989,0.0,0.0,8659.79451595062,7733.868590024694
2025-01-26,2025-01-26T08:10:00,True,0.0,0.0,1229.6306333333332,372.6456333333333,1.1683,0.0,833.3333333333334,23.65166666666653,0.0,0.0,7733.868590024694,6807.942664098768
2025-01-26,2025-01-26T08:20:00,True,0.0,0.0,1197.5493166666665,423.39556666666664,1.0956,0.0,774.15375,0.0,0.0,0.0,6807.942664098768,5947.771830765434
2025-01-26,2025-01-26T08:30:00,True,0.0,0.0,1233.44,474.59375,1.0849,0.0,758.84625,0.0,0.0,0.0,5947.771830765434,5104.609330765434
2025-01-26,2025-01-26T08:40:00,True,0.0,0.0,1244.2105999999999,541.8542666666666,1.061,0.0,702.3563333333333,0.0,0.0,0.0,5104.609330765434,4324.213404839507
2025-01-26,2025-01-26T08:50:00,True,0.0,0.0,1214.2539666666667,590.1312333333333,1.043,0.0,624.1227333333334,0.0,0.0,0.0,4324.213404839507,3630.7437011358033
2025-01-26,2025-01-26T09:00:00,True,0.0,0.0,1184.2783333333332,620.7937499999999,1.036,0.0,563.4845833333333,0.0,0.0,0.0,3630.7437011358033,3004.649719654322
2025-01-26,2025-01-26T09:10:00,True,0.0,0.0,1201.9827333333333,671.8228833333333,1.0147,0.0,530.15985,0.0,0.0,0.0,3004.649719654322,2415.583219654322
2025-01-26,2025-01-26T09:20:00,True,0.0,0.0,1208.0673166666666,730.8863833333332,0.9922,0.0,477.1809333333333,0.0,0.0,0.0,2415.583219654322,1885.3821826172848
2025-01-26,2025-01-26T09:30:00,True,0.0,0.0,1191.4066666666665,783.8249999999999,0.97,0.0,52.890216800000324,354.69144986666606,0.0,0.0,1885.3821826172848,1826.6152750617289
2025-01-26,2025-01-26T09:40:00,True,0.0,0.0,1196.4615833333332,823.5506,0.9422,0.0,0.0,372.9109833333332,0.0,0.0,1826.6152750617289,1826.6152750617289
2025-01-26,2025-01-26T09:50:00,True,0.0,0.0,1191.3038333333334,828.4455666666665,0.9569,0.0,0.0,362.85826666666685,0.0,0.0,1826.6152750617289,1826.6152750617289
2025-01-26,2025-01-26T10:00:00,True,0.0,0.0,1180.54,826.8,0.9977,0.0,353.74,0.0,0.0,0.0,1826.6152750617289,1433.5708306172844
2025-01-26,2025-01-26T10:10:00,True,0.0,0.0,1200.1264833333332,875.00375,0.9919,0.0,210.21374755555595,114.90898577777739,0.0,0.0,1433.5708306172844,1200.0
2025-01-26,2025-01-26T10:20:00,True,0.0,0.0,1190.0205666666666,928.78225,0.9588,0.0,0.0,261.2383166666666,0.0,0.0,1200.0,1200.0
2025-01-26,2025-01-26T10:30:00,True,0.0,0.0,1166.5733333333333,954.3562499999999,0.9549,0.0,0.0,212.21708333333333,0.0,0.0,1200.0,1200.0
2025-01-26,2025-01-26T10:40:00,True,0.0,0.0,1200.3139166666665,958.7021833333333,0.9839,0.0,0.0,241.61173333333318,0.0,0.0,1200.0,1200.0
2025-01-26,2025-01-26T10:50:00,True,214.85309277777765,214.85309277777765,1181.7360999999999,966.09735,0.799,0.0,0.0,0.7856572222221985,0.0,0.0,1200.0,1200.0
2025-01-26,2025-01-26T11:00:00,True,1041.2677666666668,1041.2677666666668,1121.4833333333331,988.4312499999999,0.5025,191.7145454046618,0.0,0.0,716.5011379286718,1.0,1200.0,1372.5430908641956
2025-01-26,2025-01-26T11:10:00,True,1041.79081,1041.79081,1144.071233333333,1013.5858333333333,0.4662,833.3333333333334,0.0,0.0,77.9720766666668,1.0,1372.5430908641956,2122.5430908641956
2025-01-26,2025-01-26T11:20:00,True,1039.1692580000004,1039.1692580000004,1168.5477833333332,1001.6126166666666,0.5007,-0.0,0.0,0.0,872.2340913333337,0.0,2122.5430908641956,2122.5430908641956
2025-01-26,2025-01-26T11:30:00,True,1038.7952833333334,1038.7952833333334,1154.4533333333334,972.69375,0.4827,833.3333333333333,0.0,0.0,23.702366666666762,1.0,2122.5430908641956,2872.5430908641956
2025-01-26,2025-01-26T11:40:00,True,1042.7823926666665,1042.7823926666665,1141.9699833333334,987.4666,0.4785,833.3333333333334,0.0,0.0,54.94567599999971,1.0,2872.5430908641956,3622.5430908641956
2025-01-26,2025-01-26T11:50:00,True,1026.7566706666664,1026.7566706666664,1120.4196333333332,1002.5022,0.4662,833.3333333333334,0.0,0.0,75.50590399999987,1.0,3622.5430908641956,4372.543090864196
2025-01-26,2025-01-26T12:00:00,True,996.9858666666665,996.9858666666665,1095.3633333333332,987.3999999999999,0.4432,833.3333333333334,0.0,0.0,55.6891999999998,1.0,4372.543090864196,5122.543090864196
2025-01-26,2025-01-26T12:10:00,True,1002.0716147777778,1002.0716147777778,1091.4865666666665,953.6482333333333,0.4411,833.3333333333333,0.0,0.0,30.89994811111137,1.0,5122.543090864196,5872.543090864196
2025-01-26,2025-01-26T12:20:00,True,1018.1948015555556,1018.1948015555556,1090.7943333333333,920.6404,0.4551,833.3333333333334,0.0,0.0,14.707534888888972,1.0,5872.543090864196,6622.543090864196
2025-01-26,2025-01-26T12:30:00,True,1032.6282916666664,1032.6282916666664,1081.5,897.28125,0.4463,833.3333333333334,0.0,0.0,15.076208333333057,1.0,6622.543090864196,7372.543090864196
2025-01-26,2025-01-26T12:40:00,True,1044.4973477777778,1044.4973477777778,1072.34625,879.9235833333333,0.4113,833.3333333333334,0.0,0.0,18.74134777777772,1.0,7372.543090864196,8122.543090864196
2025-01-26,2025-01-26T12:50:00,True,1073.3232845555558,1073.3232845555558,1083.63925,863.4327,0.5682,833.3333333333334,0.0,0.0,19.783401222222437,1.0,8122.543090864196,8872.543090864196
2025-01-26,2025-01-26T13:00:00,True,278.387383333333,278.387383333333,1099.2216666666666,856.28125,0.8279,35.44696666666641,0.0,0.0,0.0,1.0,8872.543090864196,8904.445360864196
2025-01-26,2025-01-26T13:10:00,True,277.73016155555536,277.73016155555536,1085.07475,872.3798666666667,0.8636,65.03527822222202,0.0,0.0,0.0,1.0,8904.445360864196,8962.977111264196
2025-01-26,2025-01-26T13:20:00,True,270.024595111111,270.024595111111,1089.3964999999998,892.5079333333333,0.8416,73.13602844444449,0.0,0.0,0.0,1.0,8962.977111264196,9028.799536864195
2025-01-26,2025-01-26T13:30:00,True,263.1183333333331,263.1183333333331,1113.1516666666666,900.5,0.8618,50.46666666666647,0.0,0.0,0.0,1.0,9028.799536864195,9074.219536864195
2025-01-26,2025-01-26T13:40:00,True,253.31761088888868,253.31761088888868,1106.4923333333331,890.4747833333332,0.8623,37.300060888888765,0.0,0.0,0.0,1.0,9074.219536864195,9107.789591664196
2025-01-26,2025-01-26T13:50:00,True,0.0,147.8114968888883,1088.8351499999999,852.9421,0.9026,0.0,0.0,88.08155311111159,0.0,0.0,9107.789591664196,9107.789591664196
2025-01-26,2025-01-26T14:00:00,True,0.0,0.0,1089.5516666666667,805.0124999999999,0.9754,0.0,177.956245664442,106.5829210022248,0.0,0.0,9107.789591664196,8910.060429814816
2025-01-26,2025-01-26T14:10:00,True,0.0,0.0,1116.5378166666665,776.6521166666666,1.0002,0.0,339.8856999999998,0.0,0.0,0.0,8910.060429814816,8532.409652037039
2025-01-26,2025-01-26T14:20:00,True,0.0,0.0,1125.69895,740.4691666666665,0.9978,0.0,81.69512966666775,303.5346536666657,0.0,0.0,8532.409652037039,8441.63728574074
2025-01-26,2025-01-26T14:30:00,True,0.0,0.0,1093.4333333333334,693.94375,1.0271,0.0,269.6225249999985,129.86705833333488,0.0,0.0,8441.63728574074,8142.056702407409
2025-01-26,2025-01-26T14:40:00,True,0.0,0.0,1040.6775666666667,660.0158333333333,1.0906,0.0,313.7322126666669,66.92952066666658,0.0,0.0,8142.056702407409,7793.465355000001
2025-01-26,2025-01-26T14:50:00,True,0.0,0.0,1029.6456166666667,608.0491333333333,0.9376,0.0,1.4779288903810084e-12,421.5964833333319,0.0,0.0,7793.465355000001,7793.465354999999
2025-01-26,2025-01-26T15:00:00,True,1268.8359000000003,1268.8359000000003,1058.0983333333334,553.74375,0.6694,764.4813166666669,0.0,0.0,0.0,1.0,7793.465354999999,8481.49854
2025-01-26,2025-01-26T15:10:00,True,1296.4316953333332,1296.4316953333332,1068.1812666666665,544.9618666666667,0.66,773.2122953333334,0.0,0.0,0.0,1.0,8481.49854,9177.389605800001
2025-01-26,2025-01-26T15:20:00,True,1320.064068666667,1320.064068666667,1075.8858333333333,520.6745166666666,0.7217,764.8527520000004,0.0,0.0,0.0,1.0,9177.389605800001,9865.757082600001
2025-01-26,2025-01-26T15:30:00,True,879.252745130317,1325.3260583333333,1086.5783333333334,462.925,0.7308,701.6727249999999,0.0,0.0,0.0,1.0,9865.757082600001,10497.2625351
2025-01-26,2025-01-26T15:40:00,True,543.0457859999999,543.0457859999999,1082.2060999999999,413.10155,0.7534,0.0,0.0,126.05876399999943,0.0,0.0,10497.2625351,10497.2625351
2025-01-26,2025-01-26T15:50:00,True,572.7380239999999,575.3598989999998,1070.53215,366.60181666666665,0.7823,0.0,0.0,128.57043433333274,0.0,0.0,10497.2625351,10497.2625351
2025-01-26,2025-01-26T16:00:00,True,593.8056333333335,606.3101000000001,1063.2466666666664,316.8875,0.8055,0.0,1.6370904631912707e-12,140.04906666666466,0.0,0.0,10497.2625351,10497.262535099999
2025-01-26,2025-01-26T16:10:00,True,635.2461652222224,646.2419013333333,1063.2691166666666,267.4405333333333,0.8271,0.0,0.0,149.5866819999992,0.0,0.0,10497.262535099999,10497.262535099999
2025-01-26,2025-01-26T16:20:00,True,678.8915637777775,688.3785693333333,1051.4576499999998,220.4031,0.8519,0.0,1.6370904631912707e-12,142.67598066666687,0.0,0.0,10497.262535099999,10497.262535099997
2025-01-26,2025-01-26T16:30:00,True,724.7001916666669,732.678466666667,1039.5916666666667,176.20624999999998,0.8791,0.0,0.0,130.70694999999978,0.0,0.0,10497.262535099997,10497.262535099997
2025-01-26,2025-01-26T16:40:00,True,771.1477448888891,777.6172893333332,1057.7092666666667,133.21338333333333,0.9024,0.0,-1.6370904631912707e-12,146.8785939999998,0.0,0.0,10497.262535099997,10497.262535099999
2025-01-26,2025-01-26T16:50:00,True,798.3411601111106,803.3019739999999,1065.1732499999998,86.96605,0.9163,0.0,1.6370904631912707e-12,174.90522600000077,0.0,0.0,10497.262535099999,10497.262535099997
2025-01-26,2025-01-26T17:00:00,True,817.8617499999998,821.3138333333332,1046.735,41.387499999999996,0.9264,0.0,-1.6370904631912707e-12,184.03366666666625,0.0,0.0,10497.262535099997,10497.262535099999
2025-01-26,2025-01-26T17:10:00,True,822.9787167777774,825.8554528888885,1028.7838666666667,8.67135,0.9462,0.0,1.6370904631912707e-12,194.25706377777897,0.0,0.0,10497.262535099999,10497.262535099997
2025-01-26,2025-01-26T17:20:00,True,828.7772088888885,831.0785977777774,1030.1220333333333,0.0,0.9742,0.0,-1.6370904631912707e-12,199.04343555555533,0.0,0.0,10497.262535099997,10497.262535099999
2025-01-26,2025-01-26T17:30:00,True,837.9976416666666,839.7236833333333,1060.1566666666665,0.0,0.9862,0.0,1.6370904631912707e-12,220.43298333333405,0.0,0.0,10497.262535099999,10497.262535099997
2025-01-26,2025-01-26T17:40:00,True,861.4321757777777,862.5828702222221,1084.8490166666666,0.5125166666666666,0.976,0.0,-1.6370904631912707e-12,221.75362977777695,0.0,0.0,10497.262535099997,10497.262535099999
2025-01-26,2025-01-26T17:50:00,True,782.6867872222223,783.2621344444445,937.7246833333334,0.0,1.0742,0.0,0.0,154.4625488888887,0.0,0.0,10497.262535099999,10497.262535099999
2025-01-26,2025-01-26T18:00:00,True,649.6063333333333,721.0583333333334,721.0583333333334,0.0,1.2313,0.0,1.6370904631912707e-12,0.0,7.504452646056589e-13,0.0,10497.262535099999,10497.262535099997
2025-01-26,2025-01-26T18:10:00,True,0.0,49.32018307666658,718.9752166666667,0.0368,1.2561,0.0,582.9915189233301,86.6267146666687,0.0,0.0,10497.262535099997,9849.494180740741
2025-01-26,2025-01-26T18:20:00,True,651.5899059999999,651.5899059999999,745.8739166666666,0.0,1.2447,0.0,-2.984279490192421e-13,94.28401066666693,0.0,0.0,9849.494180740741,9849.494180740741
2025-01-26,2025-01-26T18:30:00,True,424.30926466666625,647.4528,722.7716666666666,0.0,1.2545,0.0,2.842170943040401e-14,75.3188666666666,0.0,0.0,9849.494180740741,9849.494180740741
2025-01-26,2025-01-26T18:40:00,True,646.9640973333334,646.9640973333334,753.0417,0.00265,1.2522,0.0,0.0,106.0749526666666,0.0,0.0,9849.494180740741,9849.494180740741
2025-01-26,2025-01-26T18:50:00,True,0.0,0.0,764.2412999999999,0.0,1.2881,0.0,647.468790666668,116.77250933333188,0.0,0.0,9849.494180740741,9130.084413333332
2025-01-26,2025-01-26T19:00:00,True,0.0,0.0,733.6166666666666,0.0,1.3466,0.0,733.6166666666666,0.0,0.0,0.0,9130.084413333332,8314.954783703703
2025-01-26,2025-01-26T19:10:00,True,0.0,0.0,717.0772499999999,0.00018333333333333334,1.3523,0.0,717.0770666666666,0.0,0.0,0.0,8314.954783703703,7518.202487407407
2025-01-26,2025-01-26T19:20:00,True,0.0,0.0,702.5284166666667,0.0,1.3445,0.0,702.5284166666667,0.0,0.0,0.0,7518.202487407407,6737.615357777777
2025-01-26,2025-01-26T19:30:00,True,0.0,0.0,703.2566666666667,0.0,1.3483,0.0,703.2566666666667,0.0,0.0,0.0,6737.615357777777,5956.219061481481
2025-01-26,2025-01-26T19:40:00,True,0.0,0.0,746.0904166666666,0.0,1.349,0.0,746.0904166666666,0.0,0.0,0.0,5956.219061481481,5127.229709629629
2025-01-26,2025-01-26T19:50:00,True,0.0,0.0,743.8061833333333,0.0,1.3473,0.0,743.8061833333333,0.0,0.0,0.0,5127.229709629629,4300.778394814814
2025-01-26,2025-01-26T20:00:00,True,0.0,0.0,706.1016666666666,0.0,1.3482,0.0,706.1016666666666,0.0,0.0,0.0,4300.778394814814,3516.220987407407
2025-01-26,2025-01-26T20:10:00,True,0.0,0.0,726.96335,0.0,1.3513,0.0,726.96335,0.0,0.0,0.0,3516.220987407407,2708.4839318518516
2025-01-26,2025-01-26T20:20:00,True,0.0,0.0,738.0812666666667,0.0,1.34,0.0,50.10247999999979,687.9787866666669,0.0,0.0,2708.4839318518516,2652.81450962963
2025-01-26,2025-01-26T20:30:00,True,0.0,0.0,724.62,0.0,1.3489,0.0,652.4178666666668,72.2021333333332,0.0,0.0,2652.81450962963,1927.9057688888888
2025-01-26,2025-01-26T20:40:00,True,0.0,0.0,741.7004,0.0,1.3952,0.0,655.1151919999999,86.58520800000008,0.0,0.0,1927.9057688888888,1200.0
2025-01-26,2025-01-26T20:50:00,True,662.0300839999999,662.0300839999999,745.2908333333332,0.0,1.2226,0.0,0.0,83.26074933333337,0.0,0.0,1200.0,1200.0
2025-01-26,2025-01-26T21:00:00,True,669.0933333333332,669.0933333333332,728.1283333333333,0.0,0.9332,0.0,0.0,59.03500000000008,0.0,0.0,1200.0,1200.0
2025-01-26,2025-01-26T21:10:00,True,668.6745413333333,668.6745413333333,729.1595833333333,0.0,0.9068,0.0,0.0,60.48504200000002,0.0,0.0,1200.0,1200.0
2025-01-26,2025-01-26T21:20:00,True,660.524812,660.524812,723.8367,0.0,0.9371,0.0,0.0,63.31188799999995,0.0,0.0,1200.0,1200.0
2025-01-26,2025-01-26T21:30:00,True,664.3129333333335,664.3129333333335,718.5683333333333,0.0,0.9371,0.0,0.0,54.25539999999978,0.0,0.0,1200.0,1200.0
2025-01-26,2025-01-26T21:40:00,True,687.4129613333333,687.4129613333333,734.9872833333334,0.0,0.9871,0.0,0.0,47.57432200000005,0.0,0.0,1200.0,1200.0
2025-01-26,2025-01-26T21:50:00,True,623.5824013333333,623.5824013333333,672.7035333333333,0.0,0.7764,0.0,0.0,49.12113199999999,0.0,0.0,1200.0,1200.0
2025-01-26,2025-01-26T22:00:00,True,511.39340000000004,511.39340000000004,563.0283333333333,0.0,0.4209,0.0,0.0,51.634933333333265,0.0,0.0,1200.0,1200.0
2025-01-26,2025-01-26T22:10:00,True,504.5554579999999,504.5554579999999,547.6134,0.0,0.3859,0.0,0.0,43.05794200000008,0.0,0.0,1200.0,1200.0
2025-01-26,2025-01-26T22:20:00,True,527.260354,527.260354,561.8911166666667,0.0,0.4368,0.0,0.0,34.63076266666667,0.0,0.0,1200.0,1200.0
2025-01-26,2025-01-26T22:30:00,True,526.3123333333333,526.3123333333333,563.8233333333333,0.0,0.4198,0.0,0.0,37.51099999999997,0.0,0.0,1200.0,1200.0
2025-01-26,2025-01-26T22:40:00,True,524.8122693333332,524.8122693333332,577.0038666666667,0.0,0.4186,0.0,0.0,52.19159733333345,0.0,0.0,1200.0,1200.0
2025-01-26,2025-01-26T22:50:00,True,523.7971819999999,523.7971819999999,584.8553166666666,0.0,0.4241,0.0,0.0,61.05813466666666,0.0,0.0,1200.0,1200.0
2025-01-26,2025-01-26T23:00:00,True,525.6191999999999,525.6191999999999,577.9266666666666,0.0,0.4237,0.0,0.0,52.307466666666755,0.0,0.0,1200.0,1200.0
2025-01-26,2025-01-26T23:10:00,True,535.6992486666666,535.6992486666666,570.03185,0.0,0.4248,0.0,0.0,34.3326013333334,0.0,0.0,1200.0,1200.0
2025-01-26,2025-01-26T23:20:00,True,541.5293046666667,541.5293046666667,593.2026,0.0,0.424,0.0,0.0,51.67329533333327,0.0,0.0,1200.0,1200.0
2025-01-26,2025-01-26T23:30:00,True,542.4174666666668,542.4174666666668,619.4383333333333,0.0,0.422,0.0,0.0,77.0208666666665,0.0,0.0,1200.0,1200.0
2025-01-26,2025-01-26T23:40:00,True,549.0631673333332,549.0631673333332,592.3814333333332,0.0,0.424,0.0,0.0,43.318265999999994,0.0,0.0,1200.0,1200.0
2025-01-26,2025-01-26T23:50:00,True,552.7405206666666,552.7405206666666,594.3999666666666,0.0,0.4271,0.0,0.0,41.659446,0.0,0.0,1200.0,1200.0
2025-01-26,2025-01-27T00:00:00,True,551.1420138888889,552.0320666666667,620.3683333333333,0.0,0.4276,0.0,0.0,68.33626666666669,0.0,0.0,1200.0,1200.0
2025-01-27,2025-01-27T00:10:00,True,1389.7566108974356,1389.7566108974356,586.1554666666666,0.0,0.4248,803.6011442307689,0.0,0.0,1.5773846279486688e-13,1.0,1200.0,1923.241029807692
2025-01-27,2025-01-27T00:20:00,True,1394.4925025641023,1394.4925025641023,577.7903333333334,0.0,0.4245,816.702169230769,0.0,0.0,0.0,1.0,1923.241029807692,2658.2729821153844
2025-01-27,2025-01-27T00:30:00,True,1397.8571794871796,1397.8571794871796,603.5,0.0,0.4269,794.3571794871796,0.0,0.0,0.0,1.0,2658.2729821153844,3373.194443653846
2025-01-27,2025-01-27T00:40:00,True,1397.447482051282,1397.447482051282,585.1310833333333,0.0,0.4272,812.3163987179486,0.0,0.0,0.0,1.0,3373.194443653846,4104.2792025
2025-01-27,2025-01-27T00:50:00,True,1398.7439307692307,1398.7439307692307,582.2228,0.0,0.4271,816.5211307692307,0.0,0.0,0.0,1.0,4104.2792025,4839.148220192307
2025-01-27,2025-01-27T01:00:00,True,1407.809294871795,1407.809294871795,609.2133333333334,0.0,0.4285,798.5959615384616,0.0,0.0,0.0,1.0,4839.148220192307,5557.884585576922
2025-01-27,2025-01-27T01:10:00,True,1424.1606442307723,1424.1606442307723,617.1881333333333,0.0,0.4311,806.972510897439,0.0,0.0,0.0,1.0,5557.884585576922,6284.159845384617
2025-01-27,2025-01-27T01:20:00,True,1427.7861839743591,1427.7861839743591,626.0349333333334,0.0,0.4302,801.7512506410258,0.0,0.0,0.0,1.0,6284.159845384617,7005.73597096154
2025-01-27,2025-01-27T01:30:00,True,1420.281858974359,1420.281858974359,645.6816666666666,0.0,0.4279,774.6001923076924,0.0,0.0,0.0,1.0,7005.73597096154,7702.876144038463
2025-01-27,2025-01-27T01:40:00,True,589.4907064102564,589.4907064102564,658.2089833333333,0.0,0.4312,0.0,0.0,68.71827692307693,0.0,0.0,7702.876144038463,7702.876144038463
2025-01-27,2025-01-27T01:50:00,True,596.036741025641,596.036741025641,647.7895333333333,0.0,0.4333,0.0,0.0,51.75279230769229,0.0,0.0,7702.876144038463,7702.876144038463
2025-01-27,2025-01-27T02:00:00,True,1268.2766025640994,1268.2766025640994,628.665,0.0,0.4311,639.6116025640995,0.0,0.0,0.0,1.0,7702.876144038463,8278.526586346154
2025-01-27,2025-01-27T02:10:00,True,1441.3432737179487,1441.3432737179487,630.6108833333333,0.0,0.4293,810.7323903846154,0.0,0.0,0.0,1.0,8278.526586346154,9008.185737692307
2025-01-27,2025-01-27T02:20:00,True,611.7387961538462,611.7387961538462,630.7115166666666,0.0,0.4324,0.0,4.085620730620576e-13,18.97272051281998,0.0,0.0,9008.185737692307,9008.185737692307
2025-01-27,2025-01-27T02:30:00,True,613.426217948718,613.426217948718,640.8966666666666,0.0,0.4367,0.0,2.5224267119483557e-13,27.47044871794842,0.0,0.0,9008.185737692307,9008.185737692307
2025-01-27,2025-01-27T02:40:00,True,617.521389102564,617.521389102564,692.9225333333334,0.0,0.4348,0.0,-3.126388037344441e-13,75.40114423076975,0.0,0.0,9008.185737692307,9008.185737692307
2025-01-27,2025-01-27T02:50:00,True,621.6726333333335,621.6726333333335,708.5644333333332,0.0,0.4335,0.0,-1.4210854715202004e-14,86.89179999999978,0.0,0.0,9008.185737692307,9008.185737692307
2025-01-27,2025-01-27T03:00:00,True,623.776346153846,623.776346153846,674.2066666666666,0.0,0.4357,0.0,5.044853423896711e-13,50.43032051282007,0.0,0.0,9008.185737692307,9008.185737692307
2025-01-27,2025-01-27T03:10:00,True,625.4881955128204,625.4881955128204,653.14355,0.0,0.4374,0.0,4.796163466380676e-13,27.6553544871791,0.0,0.0,9008.185737692307,9008.185737692307
2025-01-27,2025-01-27T03:20:00,True,634.6070544871794,634.6070544871794,646.1590166666666,0.0,0.4371,0.0,-2.2737367544323206e-13,11.551962179487418,0.0,0.0,9008.185737692307,9008.185737692307
2025-01-27,2025-01-27T03:30:00,True,640.946153846154,640.946153846154,646.2916666666666,0.0,0.4356,0.0,7.052136652418994e-13,5.345512820511976,0.0,0.0,9008.185737692307,9008.185737692307
2025-01-27,2025-01-27T03:40:00,True,628.0769166666665,628.0769166666665,657.8371,0.0,0.4353,0.0,2.4868995751603507e-14,29.760183333333405,0.0,0.0,9008.185737692307,9008.185737692307
2025-01-27,2025-01-27T03:50:00,True,630.6019102564102,630.6019102564102,692.54085,0.0,0.436,0.0,3.694822225952521e-13,61.93893974358943,0.0,0.0,9008.185737692307,9008.185737692307
2025-01-27,2025-01-27T04:00:00,True,650.616987179487,650.616987179487,718.94,0.0,0.4378,0.0,7.958078640513122e-13,68.3230128205123,0.0,0.0,9008.185737692307,9008.185737692307
2025-01-27,2025-01-27T04:10:00,True,654.1010711538462,654.1010711538462,693.5300166666666,0.0,0.4401,0.0,0.0,39.428945512820405,0.0,0.0,9008.185737692307,9008.185737692307
2025-01-27,2025-01-27T04:20:00,True,644.6416358974358,644.6416358974358,699.3288166666666,0.0,0.4389,0.0,0.0,54.68718076923085,0.0,0.0,9008.185737692307,9008.185737692307
2025-01-27,2025-01-27T04:30:00,True,639.3917307692308,639.3917307692308,733.1016666666666,0.0,0.4364,0.0,0.0,93.7099358974358,0.0,0.0,9008.185737692307,9008.185737692307
2025-01-27,2025-01-27T04:40:00,True,650.9628108974358,650.9628108974358,711.9624999999999,0.0,0.4393,0.0,0.0,60.99968910256405,0.0,0.0,9008.185737692307,9008.185737692307
2025-01-27,2025-01-27T04:50:00,True,660.0490416666667,660.0490416666667,703.71965,0.00019999999999999998,0.4422,0.0,0.0,43.6704083333334,0.0,0.0,9008.185737692307,9008.185737692307
2025-01-27,2025-01-27T05:00:00,True,659.8838461538463,659.8838461538463,719.375,0.0,0.4395,0.0,0.0,59.49115384615368,0.0,0.0,9008.185737692307,9008.185737692307
2025-01-27,2025-01-27T05:10:00,True,661.9888743589743,661.9888743589743,701.7058666666667,0.0,0.4333,0.0,0.0,39.71699230769241,0.0,0.0,9008.185737692307,9008.185737692307
2025-01-27,2025-01-27T05:20:00,True,668.2705076923078,668.2705076923078,700.1993166666666,0.0028333333333333335,0.4439,0.0,0.0,31.925975641025502,0.0,0.0,9008.185737692307,9008.185737692307
2025-01-27,2025-01-27T05:30:00,True,1499.2155769230772,1499.2155769230772,712.085,0.0,0.4301,787.1305769230771,0.0,0.0,0.0,1.0,9008.185737692307,9716.603256923077
2025-01-27,2025-01-27T05:40:00,True,1485.2666814102563,1485.2666814102563,695.8758666666665,0.0,0.3713,789.3908147435898,0.0,0.0,0.0,1.0,9716.603256923077,10427.054990192308
2025-01-27,2025-01-27T05:50:00,True,706.0848230769232,706.0848230769232,766.9492666666666,0.03953333333333333,0.5708,0.0,0.0,60.824910256410135,0.0,0.0,10427.054990192308,10427.054990192308
2025-01-27,2025-01-27T06:00:00,True,0.0,60.48000000000138,893.8133333333333,0.0,0.9099,0.0,833.3333333333343,-2.3874235921539366e-12,0.0,0.0,10427.054990192308,9501.12906426638
2025-01-27,2025-01-27T06:10:00,True,0.0,0.0,920.1504166666666,0.0,0.9368,0.0,833.3333333333334,86.81708333333324,0.0,0.0,9501.12906426638,8575.203138340456
2025-01-27,2025-01-27T06:20:00,True,124.7912970085481,287.6469892948739,932.40285,0.5506,0.8758,0.0,404.66333570512745,239.54192499999849,0.0,0.0,8575.203138340456,8125.577209779203
2025-01-27,2025-01-27T06:30:00,True,0.0,0.0,947.9283333333333,0.0,0.8759,0.0,762.3395871794885,185.5887461538448,0.0,0.0,8125.577209779203,7278.533224024216
2025-01-27,2025-01-27T06:40:00,True,778.5890397435898,778.5890397435898,898.44795,0.0,0.8601,0.0,0.0,119.85891025641024,0.0,0.0,7278.533224024216,7278.533224024216
2025-01-27,2025-01-27T06:50:00,True,776.8218955128207,776.8218955128207,893.8319666666666,9.198933333333333,0.8442,0.0,0.0,107.81113782051261,0.0,0.0,7278.533224024216,7278.533224024216
2025-01-27,2025-01-27T07:00:00,True,778.1072230769232,778.4586897435898,939.2966666666666,41.3125,0.8334,0.0,0.0,119.52547692307678,0.0,0.0,7278.533224024216,7278.533224024216
2025-01-27,2025-01-27T07:10:00,True,738.8652604700854,738.8652604700854,929.6962,82.02941666666666,0.8092,0.0,0.0,108.8015228632479,0.0,0.0,7278.533224024216,7278.533224024216
2025-01-27,2025-01-27T07:20:00,True,705.8474209401709,705.8474209401709,916.9744166666666,128.03601666666665,0.7972,0.0,0.0,83.09097905982901,0.0,0.0,7278.533224024216,7278.533224024216
2025-01-27,2025-01-27T07:30:00,True,657.1905544871796,657.1905544871796,902.5049999999999,175.66875,0.7644,0.0,0.0,69.64569551282023,0.0,0.0,7278.533224024216,7278.533224024216
2025-01-27,2025-01-27T07:40:00,True,1413.1729816239317,1413.1729816239317,857.6043999999999,221.50793333333334,0.6899,777.0765149572651,0.0,0.0,0.0,1.0,7278.533224024216,7977.902087485754
2025-01-27,2025-01-27T07:50:00,True,620.7691267094015,620.7691267094015,984.2803166666665,272.78363333333334,0.86,0.0,0.0,90.72755662393172,0.0,0.0,7977.902087485754,7977.902087485754
2025-01-27,2025-01-27T08:00:00,True,0.0,0.0,1200.35,328.5875,1.1617,0.0,833.3333333333334,38.42916666666656,0.0,0.0,7977.902087485754,7051.976161559828
2025-01-27,2025-01-27T08:10:00,True,0.0,0.0,1201.3746166666665,379.8080166666667,1.1683,0.0,821.5665999999999,0.0,0.0,0.0,7051.976161559828,6139.12438378205
2025-01-27,2025-01-27T08:20:00,True,0.0,0.0,1157.1609833333332,427.94166666666666,1.0956,0.0,729.2193166666666,0.0,0.0,0.0,6139.12438378205,5328.880698596865
2025-01-27,2025-01-27T08:30:00,True,0.0,0.0,1173.1766666666667,479.66874999999993,1.0849,0.0,693.5079166666668,0.0,0.0,0.0,5328.880698596865,4558.316346745013
2025-01-27,2025-01-27T08:40:00,True,0.0,0.0,1182.8978166666666,540.3390499999999,1.061,0.0,642.5587666666667,0.0,0.0,0.0,4558.316346745013,3844.362161559828
2025-01-27,2025-01-27T08:50:00,True,0.0,0.0,1178.73965,600.4259666666667,1.043,0.0,578.3136833333333,0.0,0.0,0.0,3844.362161559828,3201.7914023005687
2025-01-27,2025-01-27T09:00:00,True,0.0,0.0,1175.1583333333333,648.8562499999999,1.036,0.0,526.3020833333334,0.0,0.0,0.0,3201.7914023005687,2617.011309707976
2025-01-27,2025-01-27T09:10:00,True,0.0,0.0,1185.6162166666666,685.4176,1.0147,0.0,500.19861666666657,0.0,0.0,0.0,2617.011309707976,2061.2350689672357
2025-01-27,2025-01-27T09:20:00,True,0.0,0.0,1198.7638499999998,742.3545666666666,0.9922,0.0,456.40928333333306,0.0,0.0,0.0,2061.2350689672357,1554.11364304131
2025-01-27,2025-01-27T09:30:00,True,0.0,0.0,1201.1633333333332,810.1499999999999,0.97,0.0,16.628800581193968,374.3845327521394,0.0,0.0,1554.11364304131,1535.6371979510945
2025-01-27,2025-01-27T09:40:00,True,0.0,0.0,1188.1483333333333,848.8315833333332,0.9422,0.0,-2.0463630789890883e-13,339.3167500000002,0.0,0.0,1535.6371979510945,1535.6371979510948
2025-01-27,2025-01-27T09:50:00,True,0.0,0.0,1173.2714999999998,893.5954833333333,0.9569,0.0,0.0,279.67601666666656,0.0,0.0,1535.6371979510948,1535.6371979510948
2025-01-27,2025-01-27T10:00:00,True,0.0,0.0,1170.5433333333333,943.975,0.9977,0.0,226.5683333333334,0.0,0.0,0.0,1535.6371979510948,1283.894605358502
2025-01-27,2025-01-27T10:10:00,True,0.0,0.0,1184.9336166666667,967.4184,0.9919,0.0,75.50514482265187,142.01007184401476,0.0,0.0,1283.894605358502,1200.0
2025-01-27,2025-01-27T10:20:00,True,0.0,0.0,1201.4741166666665,1018.47605,0.9588,0.0,0.0,182.99806666666655,0.0,0.0,1200.0,1200.0
2025-01-27,2025-01-27T10:30:00,True,0.0,0.0,1200.7183333333332,1070.13125,0.9549,0.0,0.0,130.58708333333334,0.0,0.0,1200.0,1200.0
2025-01-27,2025-01-27T10:40:00,True,0.0,0.0,1171.4464166666667,1034.3669833333333,0.9839,0.0,0.0,137.07943333333333,0.0,0.0,1200.0,1200.0
2025-01-27,2025-01-27T10:50:00,True,42.25027542735006,42.25027542735006,1133.5344166666666,991.63445,0.799,0.0,0.0,99.64969123931655,0.0,0.0,1200.0,1200.0
2025-01-27,2025-01-27T11:00:00,True,856.4756102564103,856.4756102564103,1115.4666666666667,990.1499999999999,0.5025,731.1589435897434,0.0,0.0,1.104280593272848e-13,1.0,1200.0,1858.0430492307692
2025-01-27,2025-01-27T11:10:00,True,822.5172643162394,822.5172643162394,1135.2703166666665,1005.2475999999999,0.4662,692.4945476495728,0.0,0.0,0.0,1.0,1858.0430492307692,2481.2881421153847
2025-01-27,2025-01-27T11:20:00,True,785.6079094017094,791.2365482905985,1165.7362666666666,1022.8676333333333,0.5007,648.3679149572653,0.0,0.0,0.0,1.0,2481.2881421153847,3064.8192655769235
2025-01-27,2025-01-27T11:30:00,True,749.3761865384616,764.7536365384616,1167.1983333333333,1036.05,0.4827,633.6053032051283,0.0,0.0,0.0,1.0,3064.8192655769235,3635.064038461539
2025-01-27,2025-01-27T11:40:00,True,717.399779059829,742.5260401709401,1118.3945333333331,1047.8580166666666,0.4785,671.9895235042735,0.0,0.0,0.0,1.0,3635.064038461539,4239.854609615385
2025-01-27,2025-01-27T11:50:00,True,665.8315337606834,700.7066059829058,1074.1522499999999,1084.7816666666665,0.4662,711.3360226495724,0.0,0.0,0.0,1.0,4239.854609615385,4880.05703
2025-01-27,2025-01-27T12:00:00,True,600.9120192307694,765.07625,1060.9616666666666,1129.21875,0.4432,833.3333333333334,0.0,0.0,0.0,1.0,4880.05703,5630.05703
2025-01-27,2025-01-27T12:10:00,True,612.8459532051282,851.6649865384614,1057.7001,1128.1218999999999,0.4411,833.3333333333334,0.0,0.0,88.75345320512793,1.0,5630.05703,6380.05703
2025-01-27,2025-01-27T12:20:00,True,635.515291025641,850.3751576923074,1043.5985166666665,1086.7053333333333,0.4551,833.3333333333334,0.0,0.0,60.14864102564093,1.0,6380.05703,7130.05703
2025-01-27,2025-01-27T12:30:00,True,656.2290705128207,847.1297705128204,1028.4583333333333,1034.5375,0.4463,833.3333333333334,0.0,0.0,19.875603846153695,1.0,7130.05703,7880.05703
2025-01-27,2025-01-27T12:40:00,True,674.4824551282052,841.4239884615383,1042.7972499999998,998.2097999999999,0.4113,796.8365384615383,0.0,0.0,0.0,1.0,7880.05703,8597.209914615385
2025-01-27,2025-01-27T12:50:00,True,709.8269461538464,852.8093128205128,1079.6082833333332,957.6549499999999,0.5682,730.8559794871794,0.0,0.0,0.0,1.0,8597.209914615385,9254.980296153846
2025-01-27,2025-01-27T13:00:00,True,0.0,44.02342564102537,1109.8049999999998,931.3562499999999,0.8279,0.0,0.0,134.42532435897454,0.0,0.0,9254.980296153846,9254.980296153846
2025-01-27,2025-01-27T13:10:00,True,0.0,64.57117200854691,1103.42745,957.4716666666666,0.8636,0.0,0.0,81.38461132478642,0.0,0.0,9254.980296153846,9254.980296153846
2025-01-27,2025-01-27T13:20:00,True,0.0,79.05199722222187,1076.7651166666665,956.1175,0.8416,0.0,0.0,41.59561944444465,0.0,0.0,9254.980296153846,9254.980296153846
2025-01-27,2025-01-27T13:30:00,True,0.0,95.04882371794861,1063.8833333333332,920.31875,0.8618,0.0,0.0,48.51575961538458,0.0,0.0,9254.980296153846,9254.980296153846
2025-01-27,2025-01-27T13:40:00,True,0.0,107.09272649572631,1088.0294,917.5850666666666,0.8623,0.0,0.0,63.35160683760694,0.0,0.0,9254.980296153846,9254.980296153846
2025-01-27,2025-01-27T13:50:00,True,0.0,0.0,1106.8606166666666,904.0937666666666,0.9026,0.0,0.0,202.76684999999998,0.0,0.0,9254.980296153846,9254.980296153846
2025-01-27,2025-01-27T14:00:00,True,0.0,0.0,1106.895,866.6062499999999,0.9754,0.0,221.53610124785916,18.752648752140885,0.0,0.0,9254.980296153846,9008.829072545113
2025-01-27,2025-01-27T14:10:00,True,0.0,0.0,1112.29205,837.03405,1.0002,0.0,274.3392737179513,0.9187262820487376,0.0,0.0,9008.829072545113,8704.007657302946
2025-01-27,2025-01-27T14:20:00,True,0.0,0.0,1116.5392166666666,791.7592333333333,0.9978,0.0,-2.2168933355715126e-12,324.77998333333545,0.0,0.0,8704.007657302946,8704.007657302947
2025-01-27,2025-01-27T14:30:00,True,0.0,0.0,1106.3716666666664,739.59375,1.0271,0.0,199.16490256410225,167.6130141025642,0.0,0.0,8704.007657302947,8482.713321120611
2025-01-27,2025-01-27T14:40:00,True,0.0,0.0,1082.5671166666666,715.2518499999999,1.0906,0.0,243.87615491453312,123.43911175213361,0.0,0.0,8482.713321120611,8211.73981566002
2025-01-27,2025-01-27T14:50:00,True,0.0,0.0,1092.4181333333331,671.8901,0.9376,0.0,-3.296918293926865e-12,420.52803333333645,0.0,0.0,8211.73981566002,8211.739815660023
2025-01-27,2025-01-27T15:00:00,True,213.79903846153877,1214.0042217948721,1103.8233333333333,603.18125,0.6694,713.3621384615388,0.0,0.0,0.0,1.0,8211.739815660023,8853.765740275408
2025-01-27,2025-01-27T15:10:00,True,1009.2865877967685,1252.1390688034187,1042.4773333333333,554.1298666666667,0.66,763.7916021367521,0.0,0.0,0.0,1.0,8853.765740275408,9541.178182198486
2025-01-27,2025-01-27T15:20:00,True,311.7066685897439,1244.9745130341882,1023.0917166666666,528.7180999999999,0.7217,750.6008963675216,0.0,0.0,0.0,1.0,9541.178182198486,10216.718988929255
2025-01-27,2025-01-27T15:30:00,True,357.64429487179495,725.445652471773,1067.69,504.925,0.7308,162.68065247177287,0.0,0.0,0.0,1.0,10216.718988929255,10363.13157615385
2025-01-27,2025-01-27T15:40:00,True,414.0644839743587,529.8555450854699,1084.7068166666666,456.07213333333334,0.7534,0.0,0.0,98.77913824786333,0.0,0.0,10363.13157615385,10363.13157615385
2025-01-27,2025-01-27T15:50:00,True,466.1485352564102,569.169399145299,1090.2867166666665,396.61148333333335,0.7823,0.0,0.0,124.5058341880341,0.0,0.0,10363.13157615385,10363.13157615385
2025-01-27,2025-01-27T16:00:00,True,510.1084615384617,600.3591282051284,1090.2933333333333,339.39374999999995,0.8055,0.0,0.0,150.54045512820448,0.0,0.0,10363.13157615385,10363.13157615385
2025-01-27,2025-01-27T16:10:00,True,564.8374899572652,641.5287205128201,1063.4437833333332,285.1558333333333,0.8271,0.0,0.0,136.75922948717925,0.0,0.0,10363.13157615385,10363.13157615385
2025-01-27,2025-01-27T16:20:00,True,621.2314318376066,684.3632262820515,1034.14185,234.33195,0.8519,0.0,0.0,115.44667371794822,0.0,0.0,10363.13157615385,10363.13157615385
2025-01-27,2025-01-27T16:30:00,True,679.7033051282053,729.2756634615387,1021.4216666666666,186.375,0.8791,0.0,0.0,105.77100320512727,0.0,0.0,10363.13157615385,10363.13157615385
2025-01-27,2025-01-27T16:40:00,True,739.9427444444447,775.9556666666663,1023.7234166666667,139.47109999999998,0.9024,0.0,0.0,108.29665000000023,0.0,0.0,10363.13157615385,10363.13157615385
2025-01-27,2025-01-27T16:50:00,True,781.2588350427345,803.7123211538462,1026.2757666666666,91.15028333333333,0.9163,0.0,1.6370904631912707e-12,131.41316217948588,0.0,0.0,10363.13157615385,10363.131576153848
2025-01-27,2025-01-27T17:00:00,True,814.200969230769,823.095019230769,1017.9183333333333,44.668749999999996,0.9264,0.0,0.0,150.1545641025641,0.0,0.0,10363.131576153848,10363.131576153848
2025-01-27,2025-01-27T17:10:00,True,820.5079677350423,827.9196760683756,1001.4264,9.640916666666666,0.9462,0.0,0.0,163.86580726495777,0.0,0.0,10363.131576153848,10363.131576153848
2025-01-27,2025-01-27T17:20:00,True,828.2121752136749,834.1415418803416,1007.3272166666667,0.0,0.9742,0.0,1.6370904631912707e-12,173.18567478632394,0.0,0.0,10363.131576153848,10363.131576153846
2025-01-27,2025-01-27T17:30:00,True,840.3104205128205,844.7574455128206,1048.165,0.0,0.9862,0.0,1.6370904631912707e-12,203.40755448717937,0.0,0.0,10363.131576153846,10363.131576153844
2025-01-27,2025-01-27T17:40:00,True,865.8705985042735,868.8352818376068,1080.8762,0.5733999999999999,0.976,0.0,0.0,211.4675181623934,0.0,0.0,10363.131576153844,10363.131576153844
2025-01-27,2025-01-27T17:50:00,True,786.5725168803419,788.0548585470086,951.0957,0.0,1.0742,0.0,0.0,163.04084145299203,0.0,0.0,10363.131576153844,10363.131576153844
2025-01-27,2025-01-27T18:00:00,True,652.3544871794873,744.0116666666665,744.0116666666665,0.0,1.2313,0.0,0.0,0.0,7.385320422906933e-13,0.0,10363.131576153844,10363.131576153844
2025-01-27,2025-01-27T18:10:00,True,0.0,210.43044364102627,712.9986,0.041166666666666664,1.2561,0.0,425.2144704615362,77.3125192307707,0.0,0.0,10363.131576153844,9890.671053418804
2025-01-27,2025-01-27T18:20:00,True,655.216214102564,655.216214102564,722.8973833333332,0.0,1.2447,0.0,0.0,67.68116923076923,0.0,0.0,9890.671053418804,9890.671053418804
2025-01-27,2025-01-27T18:30:00,True,467.59854166666537,650.3496794871795,700.9966666666666,0.0,1.2545,0.0,1.8474111129762605e-13,50.64698717948686,0.0,0.0,9890.671053418804,9890.671053418804
2025-01-27,2025-01-27T18:40:00,True,651.0440051282052,651.0440051282052,709.9236999999999,0.00295,1.2522,0.0,1.4210854715202004e-13,58.87674487179456,0.0,0.0,9890.671053418804,9890.671053418804
2025-01-27,2025-01-27T18:50:00,True,0.0,0.0,706.7780166666666,0.0,1.2881,0.0,651.960041025641,54.81797564102562,0.0,0.0,9890.671053418804,9166.271007834759
2025-01-27,2025-01-27T19:00:00,True,0.0,0.0,692.9116666666666,0.0,1.3466,0.0,692.9116666666666,0.0,0.0,0.0,9166.271007834759,8396.369155982908
2025-01-27,2025-01-27T19:10:00,True,0.0,0.0,717.9855666666667,0.00021666666666666666,1.3523,0.0,717.98535,0.0,0.0,0.0,8396.369155982908,7598.607655982907
2025-01-27,2025-01-27T19:20:00,True,0.0,0.0,737.7151166666665,0.0,1.3445,0.0,737.7151166666665,0.0,0.0,0.0,7598.607655982907,6778.924193019944
2025-01-27,2025-01-27T19:30:00,True,0.0,0.0,740.405,0.0,1.3483,0.0,740.405,0.0,0.0,0.0,6778.924193019944,5956.251970797722
2025-01-27,2025-01-27T19:40:00,True,0.0,0.0,754.7615833333332,0.0,1.349,0.0,754.7615833333332,0.0,0.0,0.0,5956.251970797722,5117.62798931624
2025-01-27,2025-01-27T19:50:00,True,0.0,0.0,746.2927666666666,0.0,1.3473,0.0,746.2927666666666,0.0,0.0,0.0,5117.62798931624,4288.413804131055
2025-01-27,2025-01-27T20:00:00,True,0.0,0.0,725.0783333333334,0.0,1.3482,0.0,725.0783333333334,0.0,0.0,0.0,4288.413804131055,3482.771211538463
2025-01-27,2025-01-27T20:10:00,True,0.0,0.0,737.4513333333332,0.0,1.3513,0.0,737.4513333333332,0.0,0.0,0.0,3482.771211538463,2663.380841168093
2025-01-27,2025-01-27T20:20:00,True,0.0,0.0,733.8559166666666,0.0,1.34,0.0,3.402492948719555,730.4534237179471,0.0,0.0,2663.380841168093,2659.6002934472936
2025-01-27,2025-01-27T20:30:00,True,0.0,0.0,710.2433333333333,0.0,1.3489,0.0,655.1948717948717,55.04846153846162,0.0,0.0,2659.6002934472936,1931.6059914529917
2025-01-27,2025-01-27T20:40:00,True,0.0,0.0,714.1823166666666,0.0,1.3952,0.0,658.4453923076925,55.736924358974086,0.0,0.0,1931.6059914529917,1200.0
2025-01-27,2025-01-27T20:50:00,True,665.2324205128205,665.2324205128205,720.7088333333332,0.0,1.2226,0.0,0.0,55.47641282051279,0.0,0.0,1200.0,1200.0
2025-01-27,2025-01-27T21:00:00,True,671.3639102564102,671.3639102564102,722.27,0.0,0.9332,0.0,0.0,50.906089743589746,0.0,0.0,1200.0,1200.0
2025-01-27,2025-01-27T21:10:00,True,671.0008891025641,671.0008891025641,737.5014666666666,0.0,0.9068,0.0,0.0,66.50057756410251,0.0,0.0,1200.0,1200.0
2025-01-27,2025-01-27T21:20:00,True,662.9598846153846,662.9598846153846,746.1933333333333,0.0,0.9371,0.0,0.0,83.2334487179487,0.0,0.0,1200.0,1200.0
2025-01-27,2025-01-27T21:30:00,True,666.3996794871796,666.3996794871796,755.8199999999999,0.0,0.9371,0.0,0.0,89.42032051282035,0.0,0.0,1200.0,1200.0
2025-01-27,2025-01-27T21:40:00,True,689.2427429487179,689.2427429487179,778.4101333333333,0.0,0.9871,0.0,0.0,89.16739038461537,0.0,0.0,1200.0,1200.0
2025-01-27,2025-01-27T21:50:00,True,625.4716756410256,625.4716756410256,701.5676666666666,0.0,0.7764,0.0,0.0,76.09599102564096,0.0,0.0,1200.0,1200.0
2025-01-27,2025-01-27T22:00:00,True,513.379358974359,513.379358974359,575.5966666666666,0.0,0.4209,0.0,0.0,62.2173076923076,0.0,0.0,1200.0,1200.0
2025-01-27,2025-01-27T22:10:00,True,506.21153269230757,506.21153269230757,573.8971333333333,0.0,0.3859,0.0,0.0,67.6856006410257,0.0,0.0,1200.0,1200.0
2025-01-27,2025-01-27T22:20:00,True,528.5923064102565,528.5923064102565,590.92855,0.0,0.4368,0.0,0.0,62.3362435897435,0.0,0.0,1200.0,1200.0
2025-01-27,2025-01-27T22:30:00,True,527.7550641025641,527.7550641025641,575.8199999999999,0.0,0.4198,0.0,0.0,48.06493589743582,0.0,0.0,1200.0,1200.0
2025-01-27,2025-01-27T22:40:00,True,526.8196384615384,526.8196384615384,581.4008833333332,0.0,0.4186,0.0,0.0,54.581244871794866,0.0,0.0,1200.0,1200.0
2025-01-27,2025-01-27T22:50:00,True,526.1455717948718,526.1455717948718,572.0588166666666,0.0,0.4241,0.0,0.0,45.91324487179486,0.0,0.0,1200.0,1200.0
2025-01-27,2025-01-27T23:00:00,True,527.6310256410255,527.6310256410255,554.9516666666666,0.0,0.4237,0.0,0.0,27.320641025641066,0.0,0.0,1200.0,1200.0
2025-01-27,2025-01-27T23:10:00,True,537.0197333333332,537.0197333333332,580.0948166666667,0.0,0.4248,0.0,0.0,43.07508333333351,0.0,0.0,1200.0,1200.0
2025-01-27,2025-01-27T23:20:00,True,543.5167391025642,543.5167391025642,606.0341166666666,0.0,0.424,0.0,0.0,62.51737756410239,0.0,0.0,1200.0,1200.0
2025-01-27,2025-01-27T23:30:00,True,545.3798076923077,545.3798076923077,617.4449999999999,0.0,0.422,0.0,0.0,72.0651923076922,0.0,0.0,1200.0,1200.0
2025-01-27,2025-01-27T23:40:00,True,550.7292544871794,550.7292544871794,632.4230833333334,0.0,0.424,0.0,0.0,81.6938288461539,0.0,0.0,1200.0,1200.0
2025-01-27,2025-01-27T23:50:00,True,554.342807051282,554.342807051282,607.8704,0.0,0.4271,0.0,0.0,53.52759294871805,0.0,0.0,1200.0,1200.0
2025-01-27,2025-01-28T00:00:00,True,552.0320666666667,554.6603846153846,576.4449999999999,0.0,0.4276,0.0,0.0,21.784615384615336,0.0,0.0,1200.0,1200.0
2025-01-28,2025-01-28T00:10:00,True,1390.8578030864196,1390.8578030864196,615.9667999999999,0.0,0.4248,774.8910030864196,0.0,0.0,-9.362396797473207e-14,1.0,1200.0,1897.4019027777777
2025-01-28,2025-01-28T00:20:00,True,1395.1084716049381,1395.1084716049381,624.3405666666666,0.0,0.4245,770.7679049382715,0.0,0.0,0.0,1.0,1897.4019027777777,2591.093017222222
2025-01-28,2025-01-28T00:30:00,True,1399.3007407407408,1399.3007407407408,586.3566666666666,0.0,0.4269,812.9440740740743,0.0,0.0,0.0,1.0,2591.093017222222,3322.7426838888887
2025-01-28,2025-01-28T00:40:00,True,1398.225887037037,1398.225887037037,592.1088833333333,0.0,0.4272,806.1170037037036,0.0,0.0,0.0,1.0,3322.7426838888887,4048.247987222222
2025-01-28,2025-01-28T00:50:00,True,1399.3666049382718,1399.3666049382718,622.3701666666666,0.0,0.4271,776.9964382716053,0.0,0.0,0.0,1.0,4048.247987222222,4747.5447816666665
2025-01-28,2025-01-28T01:00:00,True,1409.0958641975308,1409.0958641975308,650.7316666666666,0.0,0.4285,758.3641975308642,0.0,0.0,0.0,1.0,4747.5447816666665,5430.072559444445
2025-01-28,2025-01-28T01:10:00,True,1258.4703043209875,1258.4703043209875,670.9591833333333,0.0,0.4311,587.5111209876542,0.0,0.0,0.0,1.0,5430.072559444445,5958.832568333333
2025-01-28,2025-01-28T01:20:00,True,1428.9558907407409,1428.9558907407409,671.6891666666667,0.0,0.4302,757.2667240740742,0.0,0.0,0.0,1.0,5958.832568333333,6640.37262
2025-01-28,2025-01-28T01:30:00,True,1422.4571604938274,1422.4571604938274,653.8249999999999,0.0,0.4279,768.6321604938274,0.0,0.0,0.0,1.0,6640.37262,7332.141564444445
2025-01-28,2025-01-28T01:40:00,True,592.0358277777777,592.0358277777777,637.4048166666666,0.0,0.4312,0.0,0.0,45.36898888888891,0.0,0.0,7332.141564444445,7332.141564444445
2025-01-28,2025-01-28T01:50:00,True,597.9535111111111,597.9535111111111,660.1808666666666,0.0,0.4333,0.0,-7.673861546209082e-13,62.22735555555627,0.0,0.0,7332.141564444445,7332.141564444446
2025-01-28,2025-01-28T02:00:00,True,1435.9453086419753,1435.9453086419753,680.5116666666667,0.0,0.4311,755.4336419753087,0.0,0.0,0.0,1.0,7332.141564444446,8012.0318422222235
2025-01-28,2025-01-28T02:10:00,True,1442.1803456790124,1442.1803456790124,625.2820166666667,0.0,0.4293,816.8983290123457,0.0,0.0,0.0,1.0,8012.0318422222235,8747.240338333335
2025-01-28,2025-01-28T02:20:00,True,612.441489506173,612.441489506173,622.5362,0.0,0.4324,0.0,-1.3677947663381929e-13,10.094710493827188,0.0,0.0,8747.240338333335,8747.240338333335
2025-01-28,2025-01-28T02:30:00,True,614.4436419753087,614.4436419753087,677.9783333333332,0.0,0.4367,0.0,5.258016244624741e-13,63.53469135802406,0.0,0.0,8747.240338333335,8747.240338333335
2025-01-28,2025-01-28T02:40:00,True,620.3140240740738,620.3140240740738,672.3389,0.0,0.4348,0.0,-2.7000623958883807e-13,52.02487592592642,0.0,0.0,8747.240338333335,8747.240338333335
2025-01-28,2025-01-28T02:50:00,True,624.8908481481483,624.8908481481483,675.8074166666667,0.0,0.4335,0.0,-2.1316282072803006e-14,50.916568518518396,0.0,0.0,8747.240338333335,8747.240338333335
2025-01-28,2025-01-28T03:00:00,True,625.644135802469,625.644135802469,697.6233333333332,0.0,0.4357,0.0,-2.2737367544323206e-13,71.97919753086444,0.0,0.0,8747.240338333335,8747.240338333335
2025-01-28,2025-01-28T03:10:00,True,626.5124679012346,626.5124679012346,672.5245666666666,0.0,0.4374,0.0,7.744915819785092e-13,46.012098765431254,0.0,0.0,8747.240338333335,8747.240338333335
2025-01-28,2025-01-28T03:20:00,True,635.0349049382717,635.0349049382717,673.5268666666666,0.0,0.4371,0.0,3.623767952376511e-13,38.491961728394564,0.0,0.0,8747.240338333335,8747.240338333335
2025-01-28,2025-01-28T03:30:00,True,641.1441358024692,641.1441358024692,704.6949999999999,0.0,0.4356,0.0,-2.7000623958883807e-13,63.55086419753097,0.0,0.0,8747.240338333335,8747.240338333335
2025-01-28,2025-01-28T03:40:00,True,629.1791456790122,629.1791456790122,691.76135,0.0,0.4353,0.0,-6.323830348264892e-13,62.58220432098842,0.0,0.0,8747.240338333335,8747.240338333335
2025-01-28,2025-01-28T03:50:00,True,632.8959450617284,632.8959450617284,665.0650499999999,0.0,0.436,0.0,-2.913225216616411e-13,32.16910493827181,0.0,0.0,8747.240338333335,8747.240338333335
2025-01-28,2025-01-28T04:00:00,True,653.1474691358022,653.1474691358022,659.7116666666666,0.0,0.4378,0.0,7.958078640513122e-13,6.5641975308635665,0.0,0.0,8747.240338333335,8747.240338333335
2025-01-28,2025-01-28T04:10:00,True,655.5614024691358,655.5614024691358,683.0139333333333,0.0,0.4401,0.0,0.0,27.452530864197456,0.0,0.0,8747.240338333335,8747.240338333335
2025-01-28,2025-01-28T04:20:00,True,646.6670870370369,646.6670870370369,720.7118666666667,0.0,0.4389,0.0,0.0,74.04477962962972,0.0,0.0,8747.240338333335,8747.240338333335
2025-01-28,2025-01-28T04:30:00,True,642.8624691358025,642.8624691358025,740.9816666666667,0.0,0.4364,0.0,0.0,98.1191975308642,0.0,0.0,8747.240338333335,8747.240338333335
2025-01-28,2025-01-28T04:40:00,True,653.2220586419753,653.2220586419753,716.5331666666666,0.0,0.4393,0.0,0.0,63.31110802469129,0.0,0.0,8747.240338333335,8747.240338333335
2025-01-28,2025-01-28T04:50:00,True,661.6664716049382,661.6664716049382,686.9379666666666,0.00023333333333333333,0.4422,0.0,0.0,25.271261728395075,0.0,0.0,8747.240338333335,8747.240338333335
2025-01-28,2025-01-28T05:00:00,True,662.0872222222223,662.0872222222223,687.0933333333334,0.0,0.4395,0.0,0.0,25.006111111111068,0.0,0.0,8747.240338333335,8747.240338333335
2025-01-28,2025-01-28T05:10:00,True,663.4598740740739,663.4598740740739,721.84445,0.0,0.4333,0.0,0.0,58.38457592592613,0.0,0.0,8747.240338333335,8747.240338333335
2025-01-28,2025-01-28T05:20:00,True,669.4530561728395,669.4530561728395,761.2181833333334,0.0032333333333333333,0.4439,0.0,0.0,91.76189382716052,0.0,0.0,8747.240338333335,8747.240338333335
2025-01-28,2025-01-28T05:30:00,True,1500.9267901234568,1500.9267901234568,750.5066666666667,0.0,0.4301,750.4201234567902,0.0,0.0,0.0,1.0,8747.240338333335,9422.618449444446
2025-01-28,2025-01-28T05:40:00,True,1486.8941820987652,1486.8941820987652,673.6523666666667,0.0,0.3713,813.2418154320985,0.0,0.0,0.0,1.0,9422.618449444446,10154.536083333334
2025-01-28,2025-01-28T05:50:00,True,708.3390617283951,708.3390617283951,722.7338666666666,0.04493333333333333,0.5708,0.0,0.0,14.349871604938016,0.0,0.0,10154.536083333334,10154.536083333334
2025-01-28,2025-01-28T06:00:00,True,0.0,46.34333333333336,879.6766666666667,0.0,0.9099,0.0,833.3333333333343,-9.094947017729282e-13,0.0,0.0,10154.536083333334,9228.610157407407
2025-01-28,2025-01-28T06:10:00,True,0.0,0.0,927.1957833333332,0.0,0.9368,0.0,833.3333333333334,93.86244999999985,0.0,0.0,9228.610157407407,8302.684231481482
2025-01-28,2025-01-28T06:20:00,True,785.272611728395,785.272611728395,899.7282499999999,0.6258999999999999,0.8758,0.0,0.0,113.82973827160492,0.0,0.0,8302.684231481482,8302.684231481482
2025-01-28,2025-01-28T06:30:00,True,137.91601111110936,718.523147290124,877.065,0.0,0.8759,0.0,0.0,158.54185270987603,0.0,0.0,8302.684231481482,8302.684231481482
2025-01-28,2025-01-28T06:40:00,True,774.0853833333334,774.0853833333334,895.5289666666665,0.0,0.8601,0.0,0.0,121.4435833333331,0.0,0.0,8302.684231481482,8302.684231481482
2025-01-28,2025-01-28T06:50:00,True,769.9770077160495,769.9770077160495,902.53075,10.444016666666666,0.8442,0.0,0.0,122.10972561728386,0.0,0.0,8302.684231481482,8302.684231481482
2025-01-28,2025-01-28T07:00:00,True,770.6628895061729,777.1515561728396,894.4649999999999,46.6125,0.8334,0.0,0.0,70.70094382716036,0.0,0.0,8302.684231481482,8302.684231481482
2025-01-28,2025-01-28T07:10:00,True,727.0430179012344,738.3506206790123,917.9142333333332,91.05526666666665,0.8092,0.0,0.0,88.50834598765425,0.0,0.0,8302.684231481482,8302.684231481482
2025-01-28,2025-01-28T07:20:00,True,689.3011419753086,705.4276808641974,936.9564,136.84535,0.7972,0.0,0.0,94.68336913580254,0.0,0.0,8302.684231481482,8302.684231481482
2025-01-28,2025-01-28T07:30:00,True,636.4347351851853,657.3802101851853,910.04,183.5625,0.7644,0.0,0.0,69.09728981481464,0.0,0.0,8302.684231481482,8302.684231481482
2025-01-28,2025-01-28T07:40:00,True,1388.1432833333333,1413.9076944444446,862.3122333333333,232.75588333333332,0.6899,784.3513444444445,0.0,0.0,0.0,1.0,8302.684231481482,9008.600441481482
2025-01-28,2025-01-28T07:50:00,True,593.4394802469135,624.0228274691356,1006.6301833333333,276.30001666666664,0.86,0.0,0.0,106.30733919753106,0.0,0.0,9008.600441481482,9008.600441481482
2025-01-28,2025-01-28T08:00:00,True,0.0,0.0,1239.1,314.80625,1.1617,0.0,833.3333333333334,90.96041666666656,0.0,0.0,9008.600441481482,8082.674515555555
2025-01-28,2025-01-28T08:10:00,True,0.0,0.0,1224.0186833333332,359.42975,1.1683,0.0,833.3333333333334,31.255599999999845,0.0,0.0,8082.674515555555,7156.748589629629
2025-01-28,2025-01-28T08:20:00,True,0.0,0.0,1145.1116499999998,417.7443833333333,1.0956,0.0,727.3672666666665,0.0,0.0,0.0,7156.748589629629,6348.562737777777
2025-01-28,2025-01-28T08:30:00,True,0.0,0.0,1152.6299999999999,475.01875,1.0849,0.0,677.6112499999999,0.0,0.0,0.0,6348.562737777777,5595.661348888889
2025-01-28,2025-01-28T08:40:00,True,0.0,0.0,1211.8265999999999,509.1160333333333,1.061,0.0,702.7105666666666,0.0,0.0,0.0,5595.661348888889,4814.87183037037
2025-01-28,2025-01-28T08:50:00,True,0.0,0.0,1222.6330333333333,551.5137666666667,1.043,0.0,671.1192666666666,0.0,0.0,0.0,4814.87183037037,4069.183756296296
2025-01-28,2025-01-28T09:00:00,True,0.0,0.0,1192.6083333333331,603.8499999999999,1.036,0.0,588.7583333333332,0.0,0.0,0.0,4069.183756296296,3415.0078303703704
2025-01-28,2025-01-28T09:10:00,True,0.0,0.0,1211.11575,639.56945,1.0147,0.0,571.5463,0.0,0.0,0.0,3415.0078303703704,2779.956385925926
2025-01-28,2025-01-28T09:20:00,True,0.0,0.0,1210.81385,690.5957,0.9922,0.0,520.21815,0.0,0.0,0.0,2779.956385925926,2201.9362192592594
2025-01-28,2025-01-28T09:30:00,True,0.0,0.0,1187.4633333333331,743.5375,0.97,0.0,383.92924146913555,59.99659186419759,0.0,0.0,2201.9362192592594,1775.3481731824422
2025-01-28,2025-01-28T09:40:00,True,0.0,0.0,1207.7103166666666,753.6379,0.9422,0.0,0.0,454.07241666666664,0.0,0.0,1775.3481731824422,1775.3481731824422
2025-01-28,2025-01-28T09:50:00,True,0.0,0.0,1210.8464833333333,788.4135666666666,0.9569,0.0,0.0,422.43291666666664,0.0,0.0,1775.3481731824422,1775.3481731824422
2025-01-28,2025-01-28T10:00:00,True,0.0,0.0,1184.7433333333333,855.0874999999999,0.9977,0.0,329.6558333333335,0.0,0.0,0.0,1775.3481731824422,1409.0639139231828
2025-01-28,2025-01-28T10:10:00,True,0.0,0.0,1182.3901666666666,891.4300333333333,0.9919,0.0,188.1575225308645,102.80261080246885,0.0,0.0,1409.0639139231828,1200.0
2025-01-28,2025-01-28T10:20:00,True,0.0,0.0,1191.5702666666666,912.6713666666666,0.9588,0.0,0.0,278.8989,0.0,0.0,1200.0,1200.0
2025-01-28,2025-01-28T10:30:00,True,0.0,0.0,1195.4083333333333,935.4187499999999,0.9549,0.0,0.0,259.98958333333337,0.0,0.0,1200.0,1200.0
2025-01-28,2025-01-28T10:40:00,True,0.0,0.0,1190.0015666666666,962.1123333333333,0.9839,0.0,0.0,227.88923333333332,0.0,0.0,1200.0,1200.0
2025-01-28,2025-01-28T10:50:00,True,83.94346512345635,83.94346512345635,1173.9196333333332,1012.2626333333333,0.799,0.0,0.0,77.71353487654358,0.0,0.0,1200.0,1200.0
2025-01-28,2025-01-28T11:00:00,True,888.8050092592595,888.8050092592595,1163.0233333333333,1061.4812499999998,0.5025,787.2629259259262,0.0,0.0,-9.417339171854431e-14,1.0,1200.0,1908.5366333333336
2025-01-28,2025-01-28T11:10:00,True,916.275386419753,916.275386419753,1173.4936166666666,1057.1410166666665,0.4662,799.9227864197528,0.0,0.0,0.0,1.0,1908.5366333333336,2628.4671411111112
2025-01-28,2025-01-28T11:20:00,True,941.2989512345681,941.2989512345681,1159.3981833333332,1026.7665333333332,0.5007,808.6673012345681,0.0,0.0,0.0,1.0,2628.4671411111112,3356.2677122222226
2025-01-28,2025-01-28T11:30:00,True,965.9008327160494,965.9008327160494,1146.665,1009.51875,0.4827,828.7545827160494,0.0,0.0,0.0,1.0,3356.2677122222226,4102.146836666667
2025-01-28,2025-01-28T11:40:00,True,992.7387265432096,992.7387265432096,1195.2199666666666,1020.8471833333333,0.4785,818.3659432098764,0.0,0.0,0.0,1.0,4102.146836666667,4838.676185555556
2025-01-28,2025-01-28T11:50:00,True,1000.8793512345677,1000.8793512345677,1160.2305666666666,1019.0319666666666,0.4662,833.3333333333333,0.0,0.0,26.347417901234394,1.0,4838.676185555556,5588.676185555556
2025-01-28,2025-01-28T12:00:00,True,997.3132611111112,997.3132611111112,1061.8233333333333,992.3874999999999,0.4432,601.8085761316919,0.0,0.0,326.06885164608593,1.0,5588.676185555556,6130.303904074079
2025-01-28,2025-01-28T12:10:00,True,985.2545336419754,985.2545336419754,1070.57945,970.7354499999999,0.4411,833.3333333333334,0.0,0.0,52.07720030864198,1.0,6130.303904074079,6880.303904074079
2025-01-28,2025-01-28T12:20:00,True,983.1321203703702,983.1321203703702,1094.77535,971.7044999999999,0.4551,833.3333333333334,0.0,0.0,26.727937037036895,1.0,6880.303904074079,7630.303904074079
2025-01-28,2025-01-28T12:30:00,True,979.0881101851851,979.0881101851851,1073.0266666666666,979.6125,0.4463,833.3333333333334,0.0,0.0,52.34061018518503,1.0,7630.303904074079,8380.303904074079
2025-01-28,2025-01-28T12:40:00,True,973.7666493827162,973.7666493827162,1047.8658166666667,962.0733499999999,0.4113,833.3333333333334,0.0,0.0,54.640849382716056,1.0,8380.303904074079,9130.303904074079
2025-01-28,2025-01-28T12:50:00,True,985.7355916666668,985.7355916666668,1079.8557999999998,938.4828666666667,0.5682,833.3333333333334,0.0,0.0,11.029325000000313,1.0,9130.303904074079,9880.303904074079
2025-01-28,2025-01-28T13:00:00,True,173.14758888888866,173.14758888888866,1132.1566666666665,929.9375,0.8279,0.0,0.0,29.07157777777786,0.0,0.0,9880.303904074079,9880.303904074079
2025-01-28,2025-01-28T13:10:00,True,165.76251759259242,165.76251759259242,1113.4429,937.6247833333333,0.8636,0.0,0.0,10.05559907407428,0.0,0.0,9880.303904074079,9880.303904074079
2025-01-28,2025-01-28T13:20:00,True,151.78393765432088,151.78393765432088,1112.5900166666665,930.8951666666667,0.8416,0.0,0.0,29.91091234567898,0.0,0.0,9880.303904074079,9880.303904074079
2025-01-28,2025-01-28T13:30:00,True,139.77560154320975,144.8090098765431,1146.8166666666666,905.63125,0.8618,0.0,0.0,96.3764067901235,0.0,0.0,9880.303904074079,9880.303904074079
2025-01-28,2025-01-28T13:40:00,True,125.3321481481479,158.5565814814812,1142.7135333333333,885.4732666666666,0.8623,0.0,0.0,98.68368518518548,0.0,0.0,9880.303904074079,9880.303904074079
2025-01-28,2025-01-28T13:50:00,True,0.0,0.0,1132.9846333333332,867.2851666666667,0.9026,0.0,0.0,265.6994666666666,0.0,0.0,9880.303904074079,9880.303904074079
2025-01-28,2025-01-28T14:00:00,True,0.0,0.0,1118.2083333333333,832.8874999999999,0.9754,0.0,222.57467507098966,62.74615826234367,0.0,0.0,9880.303904074079,9632.998709550757
2025-01-28,2025-01-28T14:10:00,True,0.0,0.0,1068.1937666666665,769.0885499999999,1.0002,0.0,299.1052166666666,0.0,0.0,0.0,9632.998709550757,9300.659579921126
2025-01-28,2025-01-28T14:20:00,True,0.0,0.0,1064.2062333333333,712.9865833333333,0.9978,0.0,61.587577469134885,289.6320725308651,0.0,0.0,9300.659579921126,9232.228938288754
2025-01-28,2025-01-28T14:30:00,True,0.0,0.0,1096.35,679.1312499999999,1.0271,0.0,224.5389614197522,192.6797885802478,0.0,0.0,9232.228938288754,8982.741203377918
2025-01-28,2025-01-28T14:40:00,True,0.0,0.0,1073.4392333333333,652.3447,1.0906,0.0,256.5734876543214,164.52104567901188,0.0,0.0,8982.741203377918,8697.659550428672
2025-01-28,2025-01-28T14:50:00,True,0.0,0.0,1054.4811833333333,638.1002666666666,0.9376,0.0,2.1600499167107046e-12,416.3809166666646,0.0,0.0,8697.659550428672,8697.65955042867
2025-01-28,2025-01-28T15:00:00,True,1148.6230327160497,1190.3130993827162,1060.3983333333333,618.45625,0.6694,748.3710160493829,0.0,0.0,0.0,1.0,8697.65955042867,9371.193464873115
2025-01-28,2025-01-28T15:10:00,True,1193.4054941358022,1227.8124663580243,1049.1784666666667,564.30045,0.66,742.9344496913575,0.0,0.0,0.0,1.0,9371.193464873115,10039.834469595336
2025-01-28,2025-01-28T15:20:00,True,402.6507876543211,929.7098732891305,1034.8808166666665,515.6283999999999,0.7217,410.45745662246395,0.0,0.0,0.0,1.0,10039.834469595336,10409.246180555554
2025-01-28,2025-01-28T15:30:00,True,446.57367191358026,466.41445524691363,1046.8133333333333,482.9625,0.7308,0.0,0.0,97.43637808641967,0.0,0.0,10409.246180555554,10409.246180555554
2025-01-28,2025-01-28T15:40:00,True,499.5693401234564,512.1270290123454,1092.9982499999999,439.23498333333333,0.7534,0.0,0.0,141.63623765432123,0.0,0.0,10409.246180555554,10409.246180555554
2025-01-28,2025-01-28T15:50:00,True,547.9658787037035,553.2404731481479,1098.4085166666666,394.4647333333333,0.7823,0.0,0.0,150.7033101851855,0.0,0.0,10409.246180555554,10409.246180555554
2025-01-28,2025-01-28T16:00:00,True,588.3327679012348,588.3327679012348,1049.935,349.66249999999997,0.8055,0.0,0.0,111.93973209876458,0.0,0.0,10409.246180555554,10409.246180555554
2025-01-28,2025-01-28T16:10:00,True,630.7651293209877,630.7651293209877,1010.1963499999999,293.11306666666667,0.8271,0.0,0.0,86.31815401234599,0.0,0.0,10409.246180555554,10409.246180555554
2025-01-28,2025-01-28T16:20:00,True,674.7099117283949,674.7099117283949,1012.2558333333333,236.83646666666667,0.8519,0.0,0.0,100.70945493827094,0.0,0.0,10409.246180555554,10409.246180555554
2025-01-28,2025-01-28T16:30:00,True,721.2698040123457,721.2698040123457,1041.5516666666667,186.49375,0.8791,0.0,0.0,133.7881126543216,0.0,0.0,10409.246180555554,10409.246180555554
2025-01-28,2025-01-28T16:40:00,True,770.088164814815,770.4453870370368,1053.2739666666666,137.12975,0.9024,0.0,0.0,145.69882962962947,0.0,0.0,10409.246180555554,10409.246180555554
2025-01-28,2025-01-28T16:50:00,True,800.6933231481476,801.6419759259259,1039.7179666666666,91.14688333333334,0.9163,0.0,1.6370904631912707e-12,146.92910740740626,0.0,0.0,10409.246180555554,10409.246180555552
2025-01-28,2025-01-28T17:00:00,True,822.8306055555554,824.3706888888887,1020.8083333333334,48.95625,0.9264,0.0,0.0,147.48139444444496,0.0,0.0,10409.246180555552,10409.246180555552
2025-01-28,2025-01-28T17:10:00,True,828.1124410493823,829.39584382716,1022.7475666666666,11.44615,0.9462,0.0,0.0,181.90557283950693,0.0,0.0,10409.246180555552,10409.246180555552
2025-01-28,2025-01-28T17:20:00,True,835.5690981481479,836.5958203703702,1027.26935,0.0,0.9742,0.0,0.0,190.67352962963014,0.0,0.0,10409.246180555552,10409.246180555552
2025-01-28,2025-01-28T17:30:00,True,848.551012654321,849.3210543209876,1052.6433333333332,0.0,0.9862,0.0,0.0,203.32227901234546,0.0,0.0,10409.246180555552,10409.246180555552
2025-01-28,2025-01-28T17:40:00,True,874.1952851851852,874.7086462962963,1105.77045,0.6916166666666667,0.976,0.0,0.0,230.37018703703689,0.0,0.0,10409.246180555552,10409.246180555552
2025-01-28,2025-01-28T17:50:00,True,792.846726234568,793.1034067901237,972.2847333333334,0.0,1.0742,0.0,0.0,179.18132654321016,0.0,0.0,10409.246180555552,10409.246180555552
2025-01-28,2025-01-28T18:00:00,True,655.7491975308642,737.0799999999999,737.0799999999999,0.0,1.2313,0.0,0.0,0.0,-3.4876580019056005e-13,0.0,10409.246180555552,10409.246180555552
2025-01-28,2025-01-28T18:10:00,True,0.0,204.97954737654715,717.0554999999999,0.04965,1.2561,0.0,433.5303180555516,78.49598456790227,0.0,0.0,10409.246180555552,9927.545827160495
2025-01-28,2025-01-28T18:20:00,True,657.722924074074,657.722924074074,745.0290499999999,0.0,1.2447,0.0,4.973799150320701e-13,87.30612592592543,0.0,0.0,9927.545827160495,9927.545827160495
2025-01-28,2025-01-28T18:30:00,True,505.52660370370506,652.2254938271604,717.8483333333334,0.0,1.2545,0.0,-9.947598300641403e-13,65.6228395061739,0.0,0.0,9927.545827160495,9927.545827160497
2025-01-28,2025-01-28T18:40:00,True,653.2247345679012,653.2247345679012,706.2145333333333,0.0035666666666666663,1.2522,0.0,1.7337242752546445e-12,52.98623209876368,0.0,0.0,9927.545827160497,9927.545827160495
2025-01-28,2025-01-28T18:50:00,True,0.0,0.0,719.5875166666666,0.0,1.2881,0.0,653.9903364197545,65.5971802469121,0.0,0.0,9927.545827160495,9200.889897805213
2025-01-28,2025-01-28T19:00:00,True,0.0,0.0,730.8016666666667,0.0,1.3466,0.0,730.8016666666667,0.0,0.0,0.0,9200.889897805213,8388.888045953361
2025-01-28,2025-01-28T19:10:00,True,0.0,0.0,712.7956333333333,0.00025,1.3523,0.0,712.7953833333332,0.0,0.0,0.0,8388.888045953361,7596.893175582991
2025-01-28,2025-01-28T19:20:00,True,0.0,0.0,713.0554333333332,0.0,1.3445,0.0,713.0554333333332,0.0,0.0,0.0,7596.893175582991,6804.609360768176
2025-01-28,2025-01-28T19:30:00,True,0.0,0.0,733.6533333333333,0.0,1.3483,0.0,733.6533333333333,0.0,0.0,0.0,6804.609360768176,5989.438990397805
2025-01-28,2025-01-28T19:40:00,True,0.0,0.0,732.3650833333332,0.0,1.349,0.0,732.3650833333332,0.0,0.0,0.0,5989.438990397805,5175.700008916324
2025-01-28,2025-01-28T19:50:00,True,0.0,0.0,744.0478666666666,0.0,1.3473,0.0,744.0478666666666,0.0,0.0,0.0,5175.700008916324,4348.980157064472
2025-01-28,2025-01-28T20:00:00,True,0.0,0.0,760.2883333333332,0.0,1.3482,0.0,760.2883333333332,0.0,0.0,0.0,4348.980157064472,3504.2153422496576
2025-01-28,2025-01-28T20:10:00,True,0.0,0.0,737.1986833333333,0.0,1.3513,0.0,737.1986833333333,0.0,0.0,0.0,3504.2153422496576,2685.1056941015095
2025-01-28,2025-01-28T20:20:00,True,0.0,0.0,737.79175,0.0,1.34,0.0,18.851698148148785,718.9400518518512,0.0,0.0,2685.1056941015095,2664.159362825789
2025-01-28,2025-01-28T20:30:00,True,0.0,0.0,757.1816666666666,0.0,1.3489,0.0,657.2337037037037,99.94796296296299,0.0,0.0,2664.159362825789,1933.8996920438958
2025-01-28,2025-01-28T20:40:00,True,0.0,0.0,728.3876833333334,0.0,1.3952,0.0,660.5097228395063,67.87796049382712,0.0,0.0,1933.8996920438958,1200.0
2025-01-28,2025-01-28T20:50:00,True,667.2871024691357,667.2871024691357,714.0138833333333,0.0,1.2226,0.0,0.0,46.72678086419762,0.0,0.0,1200.0,1200.0
2025-01-28,2025-01-28T21:00:00,True,673.2493209876543,673.2493209876543,734.7749999999999,0.0,0.9332,0.0,0.0,61.52567901234556,0.0,0.0,1200.0,1200.0
2025-01-28,2025-01-28T21:10:00,True,673.4638734567901,673.4638734567901,742.9281666666667,0.0,0.9068,0.0,0.0,69.46429320987659,0.0,0.0,1200.0,1200.0
2025-01-28,2025-01-28T21:20:00,True,666.0426049382716,666.0426049382716,720.6530666666665,0.0,0.9371,0.0,0.0,54.61046172839497,0.0,0.0,1200.0,1200.0
2025-01-28,2025-01-28T21:30:00,True,669.7115432098767,669.7115432098767,713.5083333333333,0.0,0.9371,0.0,0.0,43.79679012345662,0.0,0.0,1200.0,1200.0
2025-01-28,2025-01-28T21:40:00,True,692.5452388888889,692.5452388888889,765.7176999999999,0.0,0.9871,0.0,0.0,73.17246111111103,0.0,0.0,1200.0,1200.0
2025-01-28,2025-01-28T21:50:00,True,628.2900456790123,628.2900456790123,706.8324666666667,0.0,0.7764,0.0,0.0,78.5424209876544,0.0,0.0,1200.0,1200.0
2025-01-28,2025-01-28T22:00:00,True,515.6837037037037,515.6837037037037,561.2116666666666,0.0,0.4209,0.0,0.0,45.527962962962874,0.0,0.0,1200.0,1200.0
2025-01-28,2025-01-28T22:10:00,True,508.71840679012337,508.71840679012337,529.4156333333333,0.0,0.3859,0.0,0.0,20.697226543209922,0.0,0.0,1200.0,1200.0
2025-01-28,2025-01-28T22:20:00,True,530.9010561728396,530.9010561728396,526.1228666666666,0.0,0.4368,4.778189506173223,0.0,0.0,-1.099515723187354e-13,1.0,1200.0,1204.300370555556
2025-01-28,2025-01-28T22:30:00,True,529.5352469135802,529.5352469135802,520.0533333333333,0.0,0.4198,9.481913580246884,0.0,0.0,1.2434497875801753e-14,1.0,1204.300370555556,1212.834092777778
2025-01-28,2025-01-28T22:40:00,True,528.8411660493827,528.8411660493827,571.8629,0.0,0.4186,0.0,11.550683500000286,31.471050450617106,0.0,0.0,1212.834092777778,1200.0
2025-01-28,2025-01-28T22:50:00,True,527.846062345679,527.846062345679,601.1169,0.0,0.4241,0.0,0.0,73.27083765432099,0.0,0.0,1200.0,1200.0
2025-01-28,2025-01-28T23:00:00,True,528.6429012345678,528.6429012345678,585.4,0.0,0.4237,0.0,0.0,56.75709876543215,0.0,0.0,1200.0,1200.0
2025-01-28,2025-01-28T23:10:00,True,538.6151067901234,538.6151067901234,582.3246333333333,0.0,0.4248,0.0,0.0,43.709526543209904,0.0,0.0,1200.0,1200.0
2025-01-28,2025-01-28T23:20:00,True,545.8321975308643,545.8321975308643,591.0186666666666,0.0,0.424,0.0,0.0,45.18646913580233,0.0,0.0,1200.0,1200.0
2025-01-28,2025-01-28T23:30:00,True,548.048888888889,548.048888888889,599.7133333333334,0.0,0.422,0.0,0.0,51.66444444444437,0.0,0.0,1200.0,1200.0
2025-01-28,2025-01-28T23:40:00,True,553.7549518518518,553.7549518518518,603.7923999999999,0.0,0.424,0.0,0.0,50.03744814814809,0.0,0.0,1200.0,1200.0
2025-01-28,2025-01-28T23:50:00,True,556.3253104938271,556.3253104938271,607.4836499999999,0.0,0.4271,0.0,0.0,51.15833950617275,0.0,0.0,1200.0,1200.0
2025-01-28,2025-01-29T00:00:00,True,554.6603846153846,555.4672222222222,601.1333333333333,0.0,0.4276,0.0,0.0,45.66611111111115,0.0,0.0,1200.0,1200.0
2025-01-29,2025-01-29T00:10:00,True,1392.9450291666665,1392.9450291666665,576.4341499999999,0.0,0.4248,816.5108791666665,0.0,0.0,1.0663767196433188e-13,1.0,1200.0,1934.85979125
2025-01-29,2025-01-29T00:20:00,True,1397.342951190476,1397.342951190476,590.6664,0.0,0.4245,806.6765511904761,0.0,0.0,0.0,1.0,1934.85979125,2660.8686873214283
2025-01-29,2025-01-29T00:30:00,True,1400.0289285714287,1400.0289285714287,627.6166666666666,0.0,0.4269,772.4122619047621,0.0,0.0,0.0,1.0,2660.8686873214283,3356.0397230357144
2025-01-29,2025-01-29T00:40:00,True,1399.1978988095238,1399.1978988095238,614.5211999999999,0.0,0.4272,784.6766988095239,0.0,0.0,0.0,1.0,3356.0397230357144,4062.248751964286
2025-01-29,2025-01-29T00:50:00,True,1401.378636904762,1401.378636904762,609.2627833333333,0.0,0.4271,792.1158535714287,0.0,0.0,0.0,1.0,4062.248751964286,4775.153020178572
2025-01-29,2025-01-29T01:00:00,True,1411.773333333333,1411.773333333333,625.5799999999999,0.0,0.4285,786.1933333333332,0.0,0.0,0.0,1.0,4775.153020178572,5482.727020178571
2025-01-29,2025-01-29T01:10:00,True,1261.29728809524,1261.29728809524,619.4419666666666,0.0,0.4311,641.8553214285733,0.0,0.0,0.0,1.0,5482.727020178571,6060.396809464288
2025-01-29,2025-01-29T01:20:00,True,1431.6725553571428,1431.6725553571428,624.5142166666667,0.0,0.4302,807.1583386904761,0.0,0.0,0.0,1.0,6060.396809464288,6786.839314285717
2025-01-29,2025-01-29T01:30:00,True,1424.7679166666667,1424.7679166666667,639.97,0.0,0.4279,784.7979166666667,0.0,0.0,0.0,1.0,6786.839314285717,7493.1574392857165
2025-01-29,2025-01-29T01:40:00,True,593.6561488095238,593.6561488095238,627.1383166666667,0.0,0.4312,0.0,0.0,33.48216785714294,0.0,0.0,7493.1574392857165,7493.1574392857165
2025-01-29,2025-01-29T01:50:00,True,600.1759166666667,600.1759166666667,613.96655,0.0,0.4333,0.0,0.0,13.79063333333329,0.0,0.0,7493.1574392857165,7493.1574392857165
2025-01-29,2025-01-29T02:00:00,True,1438.7274404761883,1438.7274404761883,620.8583333333333,0.0,0.4311,817.869107142855,0.0,0.0,0.0,1.0,7493.1574392857165,8229.239635714286
2025-01-29,2025-01-29T02:10:00,True,1442.7673101190476,1442.7673101190476,641.8874833333333,0.0,0.4293,800.8798267857143,0.0,0.0,0.0,1.0,8229.239635714286,8950.03147982143
2025-01-29,2025-01-29T02:20:00,True,612.8020148809525,612.8020148809525,664.7372833333333,0.0,0.4324,0.0,6.821210263296962e-13,51.935268452380114,0.0,0.0,8950.03147982143,8950.03147982143
2025-01-29,2025-01-29T02:30:00,True,616.712738095238,616.712738095238,669.5649999999999,0.0,0.4367,0.0,-3.126388037344441e-13,52.85226190476223,0.0,0.0,8950.03147982143,8950.03147982143
2025-01-29,2025-01-29T02:40:00,True,622.1720553571425,622.1720553571425,648.1416333333333,0.0,0.4348,0.0,7.744915819785092e-13,25.969577976189974,0.0,0.0,8950.03147982143,8950.03147982143
2025-01-29,2025-01-29T02:50:00,True,626.7092970238097,626.7092970238097,659.4606333333334,0.0,0.4335,0.0,3.907985046680551e-13,32.75133630952332,0.0,0.0,8950.03147982143,8950.03147982143
2025-01-29,2025-01-29T03:00:00,True,628.2148214285713,628.2148214285713,687.5566666666666,0.0,0.4357,0.0,2.842170943040401e-14,59.34184523809526,0.0,0.0,8950.03147982143,8950.03147982143
2025-01-29,2025-01-29T03:10:00,True,628.1557571428572,628.1557571428572,661.0659166666667,0.0,0.4374,0.0,5.684341886080801e-13,32.91015952380894,0.0,0.0,8950.03147982143,8950.03147982143
2025-01-29,2025-01-29T03:20:00,True,636.4096178571428,636.4096178571428,650.1690833333333,0.0,0.4371,0.0,6.927791673660977e-14,13.759465476190416,0.0,0.0,8950.03147982143,8950.03147982143
2025-01-29,2025-01-29T03:30:00,True,643.4138095238096,643.4138095238096,666.0816666666666,0.0,0.4356,0.0,6.359357485052897e-13,22.667857142856338,0.0,0.0,8950.03147982143,8950.03147982143
2025-01-29,2025-01-29T03:40:00,True,631.4142244047617,631.4142244047617,652.0708833333333,0.0,0.4353,0.0,3.410605131648481e-13,20.656658928571233,0.0,0.0,8950.03147982143,8950.03147982143
2025-01-29,2025-01-29T03:50:00,True,634.0448416666667,634.0448416666667,658.0165999999999,0.0,0.436,0.0,-4.298783551348606e-13,23.97175833333367,0.0,0.0,8950.03147982143,8950.03147982143
2025-01-29,2025-01-29T04:00:00,True,653.3819047619045,653.3819047619045,692.4316666666666,0.0,0.4378,0.0,0.0,39.049761904762136,0.0,0.0,8950.03147982143,8950.03147982143
2025-01-29,2025-01-29T04:10:00,True,656.54185,656.54185,706.5813833333333,0.0,0.4401,0.0,0.0,50.03953333333334,0.0,0.0,8950.03147982143,8950.03147982143
2025-01-29,2025-01-29T04:20:00,True,649.3115434523809,649.3115434523809,699.2788,0.0,0.4389,0.0,0.0,49.96725654761917,0.0,0.0,8950.03147982143,8950.03147982143
2025-01-29,2025-01-29T04:30:00,True,646.3667261904762,646.3667261904762,688.02,0.0,0.4364,0.0,0.0,41.65327380952374,0.0,0.0,8950.03147982143,8950.03147982143
2025-01-29,2025-01-29T04:40:00,True,655.4831696428572,655.4831696428572,689.98605,0.0,0.4393,0.0,0.0,34.50288035714277,0.0,0.0,8950.03147982143,8950.03147982143
2025-01-29,2025-01-29T04:50:00,True,662.569025,662.569025,697.1440166666666,0.0002833333333333333,0.4422,0.0,0.0,34.57470833333332,0.0,0.0,8950.03147982143,8950.03147982143
2025-01-29,2025-01-29T05:00:00,True,662.9802976190477,662.9802976190477,699.5266666666666,0.0,0.4395,0.0,0.0,36.546369047618896,0.0,0.0,8950.03147982143,8950.03147982143
2025-01-29,2025-01-29T05:10:00,True,665.5450374999999,665.5450374999999,697.7861833333333,0.0,0.4333,0.0,0.0,32.24114583333335,0.0,0.0,8950.03147982143,8950.03147982143
2025-01-29,2025-01-29T05:20:00,True,672.7303821428571,672.7303821428571,714.9604666666667,0.004066666666666666,0.4439,0.0,0.0,42.22601785714289,0.0,0.0,8950.03147982143,8950.03147982143
2025-01-29,2025-01-29T05:30:00,True,1503.8879761904764,1503.8879761904764,726.175,0.0,0.4301,777.7129761904764,0.0,0.0,0.0,1.0,8950.03147982143,9649.973158392859
2025-01-29,2025-01-29T05:40:00,True,1487.6117363095236,1487.6117363095236,700.34295,0.0,0.3713,787.2687863095236,0.0,0.0,0.0,1.0,9649.973158392859,10358.51506607143
2025-01-29,2025-01-29T05:50:00,True,708.8531619047619,708.8531619047619,784.2599833333334,0.05656666666666666,0.5708,0.0,-1.6370904631912707e-12,75.35025476190458,0.0,0.0,10358.51506607143,10358.515066071432
2025-01-29,2025-01-29T06:00:00,True,0.0,83.71333333333325,917.0466666666666,0.0,0.9099,0.0,833.3333333333343,-9.094947017729282e-13,0.0,0.0,10358.515066071432,9432.589140145505
2025-01-29,2025-01-29T06:10:00,True,0.0,0.0,881.4841166666666,0.0,0.9368,0.0,833.3333333333334,48.150783333333266,0.0,0.0,9432.589140145505,8506.66321421958
2025-01-29,2025-01-29T06:20:00,True,0.0,165.22511198809173,838.5838333333332,0.7879833333333333,0.8758,0.0,517.6961267023828,154.87461130952533,0.0,0.0,8506.66321421958,7931.445295661377
2025-01-29,2025-01-29T06:30:00,True,0.0,0.0,879.6,0.0,0.8759,0.0,757.1528714285755,122.44712857142451,0.0,0.0,7931.445295661377,7090.164327407404
2025-01-29,2025-01-29T06:40:00,True,0.0,758.7443625000001,931.2366499999999,0.0,0.8601,0.0,1.9895196601282805e-13,172.49228749999966,0.0,0.0,7090.164327407404,7090.164327407404
2025-01-29,2025-01-29T06:50:00,True,768.4854484126986,768.4854484126986,933.0870166666666,12.981916666666665,0.8442,0.0,0.0,151.6196515873014,0.0,0.0,7090.164327407404,7090.164327407404
2025-01-29,2025-01-29T07:00:00,True,767.6136476190477,772.4337642857143,891.6999999999999,54.18124999999999,0.8334,0.0,0.0,65.08498571428561,0.0,0.0,7090.164327407404,7090.164327407404
2025-01-29,2025-01-29T07:10:00,True,719.9193079365078,727.7625468253968,868.3845833333332,97.88603333333333,0.8092,0.0,0.0,42.73600317460307,0.0,0.0,7090.164327407404,7090.164327407404
2025-01-29,2025-01-29T07:20:00,True,677.7356402777777,688.6020013888888,892.5737166666665,147.1291,0.7972,0.0,0.0,56.84261527777778,0.0,0.0,7090.164327407404,7090.164327407404
2025-01-29,2025-01-29T07:30:00,True,619.3262261904763,633.2157095238097,909.3466666666666,200.75624999999997,0.7644,0.0,0.0,75.374707142857,0.0,0.0,7090.164327407404,7090.164327407404
2025-01-29,2025-01-29T07:40:00,True,1365.7755888888892,1382.688194444445,866.1934833333332,251.16244999999998,0.6899,767.6571611111117,0.0,0.0,0.0,1.0,7090.164327407404,7781.055772407404
2025-01-29,2025-01-29T07:50:00,True,469.05048769841187,588.3123067460316,1005.7078166666666,306.8272833333333,0.86,0.0,0.0,110.56822658730175,0.0,0.0,7781.055772407404,7781.055772407404
2025-01-29,2025-01-29T08:00:00,True,0.0,0.0,1250.2183333333332,367.35624999999993,1.1617,0.0,833.3333333333334,49.528749999999945,0.0,0.0,7781.055772407404,6855.129846481478
2025-01-29,2025-01-29T08:10:00,True,0.0,0.0,1257.7921166666665,421.51609999999994,1.1683,0.0,833.3333333333334,2.942683333333207,0.0,0.0,6855.129846481478,5929.203920555552
2025-01-29,2025-01-29T08:20:00,True,0.0,0.0,1200.8424833333333,467.17684999999994,1.0956,0.0,733.6656333333334,0.0,0.0,0.0,5929.203920555552,5114.019883518515
2025-01-29,2025-01-29T08:30:00,True,0.0,0.0,1200.4633333333331,513.9812499999999,1.0849,0.0,686.4820833333332,0.0,0.0,0.0,5114.019883518515,4351.262013148144
2025-01-29,2025-01-29T08:40:00,True,0.0,0.0,1208.5411333333332,572.7222166666666,1.061,0.0,635.8189166666666,0.0,0.0,0.0,4351.262013148144,3644.7965501851813
2025-01-29,2025-01-29T08:50:00,True,0.0,0.0,1234.9122166666666,622.7607666666667,1.043,0.0,612.15145,0.0,0.0,0.0,3644.7965501851813,2964.6282724074035
2025-01-29,2025-01-29T09:00:00,True,0.0,0.0,1255.8516666666665,666.95625,1.036,0.0,588.8954166666665,0.0,0.0,0.0,2964.6282724074035,2310.300031666663
2025-01-29,2025-01-29T09:10:00,True,0.0,0.0,1222.2871,725.8716833333333,1.0147,0.0,496.4154166666667,0.0,0.0,0.0,2310.300031666663,1758.7273464814778
2025-01-29,2025-01-29T09:20:00,True,0.0,0.0,1182.74345,767.3382833333333,0.9922,0.0,363.8944927857106,51.51067388095625,0.0,0.0,1758.7273464814778,1354.4001322751326
2025-01-29,2025-01-29T09:30:00,True,0.0,0.0,1180.975,797.7437499999999,0.97,0.0,0.0,383.2312500000001,0.0,0.0,1354.4001322751326,1354.4001322751326
2025-01-29,2025-01-29T09:40:00,True,0.0,0.0,1213.6167666666665,856.0754166666667,0.9422,0.0,0.0,357.5413499999999,0.0,0.0,1354.4001322751326,1354.4001322751326
2025-01-29,2025-01-29T09:50:00,True,0.0,0.0,1211.3685833333334,905.8448333333333,0.9569,0.0,0.0,305.5237500000001,0.0,0.0,1354.4001322751326,1354.4001322751326
2025-01-29,2025-01-29T10:00:00,True,0.0,0.0,1172.0466666666666,947.2375,0.9977,0.0,138.96011904761932,85.84904761904738,0.0,0.0,1354.4001322751326,1200.0
2025-01-29,2025-01-29T10:10:00,True,0.0,0.0,1159.30675,1012.9474333333333,0.9919,0.0,0.0,146.3593166666667,0.0,0.0,1200.0,1200.0
2025-01-29,2025-01-29T10:20:00,True,0.0,0.0,1167.1370833333333,1044.7165166666666,0.9588,0.0,0.0,122.42056666666667,0.0,0.0,1200.0,1200.0
2025-01-29,2025-01-29T10:30:00,True,0.0,0.0,1172.7616666666665,1039.9875,0.9549,0.0,0.0,132.7741666666666,0.0,0.0,1200.0,1200.0
2025-01-29,2025-01-29T10:40:00,True,0.0,0.0,1165.2619166666666,1054.2888666666665,0.9839,0.0,0.0,110.97305000000006,0.0,0.0,1200.0,1200.0
2025-01-29,2025-01-29T10:50:00,True,58.574977976190326,66.553330753968,1172.9969166666665,1061.4229833333334,0.799,0.0,0.0,45.02060257936512,0.0,0.0,1200.0,1200.0
2025-01-29,2025-01-29T11:00:00,True,881.388811904762,887.2616619047618,1191.3416666666667,1062.875,0.5025,758.794995238095,0.0,0.0,5.867328866146626e-14,1.0,1200.0,1882.9154957142855
2025-01-29,2025-01-29T11:10:00,True,875.1355119047621,889.3969174603175,1183.6541333333332,1093.1110999999999,0.4662,798.8538841269841,0.0,0.0,0.0,1.0,1882.9154957142855,2601.8839914285713
2025-01-29,2025-01-29T11:20:00,True,865.6454386904765,888.2953998015875,1156.9574499999999,1123.2880666666665,0.5007,833.3333333333334,0.0,0.0,21.292683134920708,1.0,2601.8839914285713,3351.8839914285713
2025-01-29,2025-01-29T11:30:00,True,855.7973940476192,886.8359107142859,1143.0466666666666,1124.1,0.4827,833.3333333333333,0.0,0.0,34.555910714285915,1.0,3351.8839914285713,4101.883991428571
2025-01-29,2025-01-29T11:40:00,True,850.2943666666666,889.7214388888888,1162.9115499999998,1095.0882666666666,0.4785,821.8981555555556,0.0,0.0,0.0,1.0,4101.883991428571,4841.592331428571
2025-01-29,2025-01-29T11:50:00,True,823.7781023809522,871.59373015873,1144.7757499999998,1084.9443833333332,0.4662,811.7623634920634,0.0,0.0,0.0,1.0,4841.592331428571,5572.178458571429
2025-01-29,2025-01-29T12:00:00,True,783.7082976190478,839.912480952381,1084.4666666666667,1094.70625,0.4432,833.3333333333334,0.0,0.0,16.81873095238086,1.0,5572.178458571429,6322.178458571429
2025-01-29,2025-01-29T12:10:00,True,757.4163607142859,829.2861468253968,1050.5250666666666,1083.9415999999999,0.4411,-0.0,0.0,0.0,862.7026801587301,0.0,6322.178458571429,6322.178458571429
2025-01-29,2025-01-29T12:20:00,True,741.2572904761904,828.7926793650792,1039.3334666666665,1083.0799333333332,0.4551,833.3333333333334,0.0,0.0,39.2058126984125,1.0,6322.178458571429,7072.178458571429
2025-01-29,2025-01-29T12:30:00,True,721.6043738095238,824.8053654761904,1045.4683333333332,1088.06875,0.4463,772.7398557172232,0.0,0.0,94.66592642563387,1.0,7072.178458571429,7767.6443287169295
2025-01-29,2025-01-29T12:40:00,True,700.5977666666669,819.4643611111112,1075.5925833333333,1063.88035,0.4113,807.7521277777778,0.0,0.0,0.0,1.0,7767.6443287169295,8494.621243716929
2025-01-29,2025-01-29T12:50:00,True,698.3051494047622,832.8373466269843,1115.6834999999999,1059.9930333333332,0.5682,777.1468799603176,0.0,0.0,0.0,1.0,8494.621243716929,9194.053435681215
2025-01-29,2025-01-29T13:00:00,True,0.0,22.065333333333,1144.085,1079.1,0.8279,0.0,42.919666666667126,0.0,0.0,0.0,9194.053435681215,9146.364917162697
2025-01-29,2025-01-29T13:10:00,True,0.0,31.597504960317224,1144.52795,1069.8044833333333,0.8636,0.0,43.12596170634936,0.0,0.0,0.0,9146.364917162697,9098.44718193342
2025-01-29,2025-01-29T13:20:00,True,0.0,35.40953908730137,1130.9802166666666,1038.5282833333333,0.8416,0.0,0.0,57.042394246031904,0.0,0.0,9098.44718193342,9098.44718193342
2025-01-29,2025-01-29T13:30:00,True,0.0,42.37429166666652,1115.8683333333333,1011.6625,0.8618,0.0,0.0,61.831541666666794,0.0,0.0,9098.44718193342,9098.44718193342
2025-01-29,2025-01-29T13:40:00,True,0.0,45.62197460317441,1100.3024833333334,1008.4205166666667,0.8623,0.0,0.0,46.25999206349229,0.0,0.0,9098.44718193342,9098.44718193342
2025-01-29,2025-01-29T13:50:00,True,0.0,0.0,1077.51415,1001.0519166666666,0.9026,0.0,0.0,76.46223333333342,0.0,0.0,9098.44718193342,9098.44718193342
2025-01-29,2025-01-29T14:00:00,True,0.0,0.0,1058.9933333333333,968.1,0.9754,0.0,0.0,90.89333333333332,0.0,0.0,9098.44718193342,9098.44718193342
2025-01-29,2025-01-29T14:10:00,True,0.0,0.0,1064.1865833333331,912.8392666666666,1.0002,0.0,0.0,151.34731666666653,0.0,0.0,9098.44718193342,9098.44718193342
2025-01-29,2025-01-29T14:20:00,True,0.0,0.0,1065.4803833333333,863.6760833333333,0.9978,0.0,0.0,201.8043,0.0,0.0,9098.44718193342,9098.44718193342
2025-01-29,2025-01-29T14:30:00,True,0.0,0.0,1060.2549999999999,822.2312499999999,1.0271,0.0,0.0,238.02374999999995,0.0,0.0,9098.44718193342,9098.44718193342
2025-01-29,2025-01-29T14:40:00,True,0.0,0.0,1072.2671999999998,768.5891499999999,1.0906,0.0,96.46793724008182,207.21011275991805,0.0,0.0,9098.44718193342,8991.260584999995
2025-01-29,2025-01-29T14:50:00,True,0.0,0.0,1083.3453833333333,726.5946833333334,0.9376,0.0,-2.7284841053187847e-12,356.75070000000267,0.0,0.0,8991.260584999995,8991.260584999998
2025-01-29,2025-01-29T15:00:00,True,151.07845238095263,1104.0592190476193,1075.4866666666667,695.6125,0.6694,724.1850523809526,0.0,0.0,0.0,1.0,8991.260584999998,9643.027132142855
2025-01-29,2025-01-29T15:10:00,True,646.5140903292131,1156.403162896825,1052.6754833333332,649.6680833333332,0.66,753.3957628968251,0.0,0.0,0.0,1.0,9643.027132142855,10321.083318749997
2025-01-29,2025-01-29T15:20:00,True,260.8102708333337,373.17872638888923,1059.4433,603.3318333333333,0.7217,0.0,0.0,82.93274027777738,0.0,0.0,10321.083318749997,10321.083318749997
2025-01-29,2025-01-29T15:30:00,True,316.7916964285714,425.52066309523804,1078.1383333333333,553.84375,0.7308,0.0,0.0,98.77392023809529,0.0,0.0,10321.083318749997,10321.083318749997
2025-01-29,2025-01-29T15:40:00,True,382.7451779761901,487.83465575396787,1049.7110666666667,482.1000833333333,0.7534,0.0,0.0,79.77632757936561,0.0,0.0,10321.083318749997,10321.083318749997
2025-01-29,2025-01-29T15:50:00,True,442.8075470238094,544.2575359126984,1034.6165333333333,413.8577,0.7823,0.0,0.0,76.50129742063496,0.0,0.0,10321.083318749997,10321.083318749997
2025-01-29,2025-01-29T16:00:00,True,493.20261904761935,591.0131190476194,1039.8316666666665,359.00624999999997,0.8055,0.0,0.0,89.81229761904797,0.0,0.0,10321.083318749997,10321.083318749997
2025-01-29,2025-01-29T16:10:00,True,549.5742565476193,632.6091259920631,1016.0747333333334,303.19624999999996,0.8271,0.0,0.0,80.26935734127073,0.0,0.0,10321.083318749997,10321.083318749997
2025-01-29,2025-01-29T16:20:00,True,608.8970904761901,677.1563293650796,1021.1478333333332,244.82741666666666,0.8519,0.0,0.0,99.16408730158764,0.0,0.0,10321.083318749997,10321.083318749997
2025-01-29,2025-01-29T16:30:00,True,671.7143642857144,725.1979726190477,1038.8016666666667,189.23125,0.8791,0.0,-1.6370904631912707e-12,124.37244404761987,0.0,0.0,10321.083318749997,10321.08331875
2025-01-29,2025-01-29T16:40:00,True,736.0818208333337,774.7897986111109,996.5995833333333,141.98576666666665,0.9024,0.0,0.0,79.82401805555571,0.0,0.0,10321.08331875,10321.08331875
2025-01-29,2025-01-29T16:50:00,True,781.9837499999994,805.9160972222222,998.1034999999999,96.23221666666666,0.9163,0.0,0.0,95.95518611111106,0.0,0.0,10321.08331875,10321.08331875
2025-01-29,2025-01-29T17:00:00,True,819.5290261904761,828.6857428571427,1050.0316666666665,49.94375,0.9264,0.0,0.0,171.40217380952345,0.0,0.0,10321.08331875,10321.08331875
2025-01-29,2025-01-29T17:10:00,True,826.4201851190472,834.0507823412694,1048.80245,11.284683333333334,0.9462,0.0,0.0,203.4669843253978,0.0,0.0,10321.08331875,10321.08331875
2025-01-29,2025-01-29T17:20:00,True,835.5007273809521,841.60520515873,1017.4597833333333,0.0,0.9742,0.0,0.0,175.85457817460338,0.0,0.0,10321.08331875,10321.08331875
2025-01-29,2025-01-29T17:30:00,True,850.6539178571429,855.2322761904762,1011.8066666666666,0.0,0.9862,0.0,0.0,156.57439047619118,0.0,0.0,10321.08331875,10321.08331875
2025-01-29,2025-01-29T17:40:00,True,879.0084226190476,882.0606615079364,1039.1903,0.6774,0.976,0.0,0.0,156.45223849206377,0.0,0.0,10321.08331875,10321.08331875
2025-01-29,2025-01-29T17:50:00,True,797.526524404762,799.0526438492066,927.1008833333333,0.0,1.0742,0.0,0.0,128.0482394841274,0.0,0.0,10321.08331875,10321.08331875
2025-01-29,2025-01-29T18:00:00,True,658.6538690476191,734.1883333333333,734.1883333333333,0.0,1.2313,0.0,0.0,0.0,1.8910058574572724e-13,0.0,10321.08331875,10321.08331875
2025-01-29,2025-01-29T18:10:00,True,0.0,321.14430300595365,702.8809833333332,0.048633333333333334,1.2561,0.0,320.170763660713,61.51728333333267,0.0,0.0,10321.08331875,9965.338025793651
2025-01-29,2025-01-29T18:20:00,True,660.841,660.841,712.8634166666667,0.0,1.2447,0.0,5.471179065352771e-13,52.02241666666614,0.0,0.0,9965.338025793651,9965.338025793651
2025-01-29,2025-01-29T18:30:00,True,544.6884565476207,654.5691666666668,700.6716666666666,0.0,1.2545,0.0,-4.760636329592671e-13,46.102500000000326,0.0,0.0,9965.338025793651,9965.338025793651
2025-01-29,2025-01-29T18:40:00,True,655.1172273809524,655.1172273809524,722.2651000000001,0.0035,1.2522,0.0,0.0,67.14437261904766,0.0,0.0,9965.338025793651,9965.338025793651
2025-01-29,2025-01-29T18:50:00,True,0.0,0.0,713.5400666666666,0.0,1.2881,0.0,656.3330928571434,57.20697380952324,0.0,0.0,9965.338025793651,9236.079033730159
2025-01-29,2025-01-29T19:00:00,True,0.0,0.0,681.7866666666666,0.0,1.3466,0.0,681.7866666666666,0.0,0.0,0.0,9236.079033730159,8478.538292989419
2025-01-29,2025-01-29T19:10:00,True,0.0,0.0,706.1051,0.00025,1.3523,0.0,706.1048499999999,0.0,0.0,0.0,8478.538292989419,7693.977348544974
2025-01-29,2025-01-29T19:20:00,True,0.0,0.0,742.09745,0.0,1.3445,0.0,742.09745,0.0,0.0,0.0,7693.977348544974,6869.424626322752
2025-01-29,2025-01-29T19:30:00,True,0.0,0.0,747.895,0.0,1.3483,0.0,747.895,0.0,0.0,0.0,6869.424626322752,6038.430181878308
2025-01-29,2025-01-29T19:40:00,True,0.0,0.0,722.8349,0.0,1.349,0.0,722.8349,0.0,0.0,0.0,6038.430181878308,5235.280292989419
2025-01-29,2025-01-29T19:50:00,True,0.0,0.0,692.7138333333334,0.0,1.3473,0.0,692.7138333333334,0.0,0.0,0.0,5235.280292989419,4465.598255952382
2025-01-29,2025-01-29T20:00:00,True,0.0,0.0,684.5816666666666,0.0,1.3482,0.0,684.5816666666666,0.0,0.0,0.0,4465.598255952382,3704.951959656086
2025-01-29,2025-01-29T20:10:00,True,0.0,0.0,707.2244166666666,0.0,1.3513,0.0,707.2244166666666,0.0,0.0,0.0,3704.951959656086,2919.1470522486784
2025-01-29,2025-01-29T20:20:00,True,0.0,0.0,718.4167166666666,0.0,1.34,0.0,223.49513750000102,494.9215791666656,0.0,0.0,2919.1470522486784,2670.819121693122
2025-01-29,2025-01-29T20:30:00,True,0.0,0.0,711.3533333333332,0.0,1.3489,0.0,660.8032738095238,50.55005952380938,0.0,0.0,2670.819121693122,1936.5932619047621
2025-01-29,2025-01-29T20:40:00,True,0.0,0.0,718.3737333333333,0.0,1.3952,0.0,662.9339357142859,55.43979761904746,0.0,0.0,1936.5932619047621,1200.0
2025-01-29,2025-01-29T20:50:00,True,668.9559160714285,668.9559160714285,735.4934166666667,0.0,1.2226,0.0,0.0,66.53750059523816,0.0,0.0,1200.0,1200.0
2025-01-29,2025-01-29T21:00:00,True,675.4466666666667,675.4466666666667,739.3449999999999,0.0,0.9332,0.0,0.0,63.8983333333332,0.0,0.0,1200.0,1200.0
2025-01-29,2025-01-29T21:10:00,True,675.9447410714286,675.9447410714286,713.9899666666666,0.0,0.9068,0.0,0.0,38.045225595238094,0.0,0.0,1200.0,1200.0
2025-01-29,2025-01-29T21:20:00,True,667.9929785714285,667.9929785714285,710.2302666666666,0.0,0.9371,0.0,0.0,42.237288095238114,0.0,0.0,1200.0,1200.0
2025-01-29,2025-01-29T21:30:00,True,671.2757142857145,671.2757142857145,748.6116666666667,0.0,0.9371,0.0,0.0,77.33595238095222,0.0,0.0,1200.0,1200.0
2025-01-29,2025-01-29T21:40:00,True,695.1585410714287,695.1585410714287,788.0309833333333,0.0,0.9871,0.0,0.0,92.87244226190467,0.0,0.0,1200.0,1200.0
2025-01-29,2025-01-29T21:50:00,True,631.0951321428572,631.0951321428572,735.0967333333333,0.0,0.7764,0.0,0.0,104.0016011904761,0.0,0.0,1200.0,1200.0
2025-01-29,2025-01-29T22:00:00,True,517.3097023809524,517.3097023809524,622.9266666666666,0.0,0.4209,0.0,0.0,105.61696428571418,0.0,0.0,1200.0,1200.0
2025-01-29,2025-01-29T22:10:00,True,509.4575934523809,509.4575934523809,578.9409166666667,0.0,0.3859,0.0,0.0,69.4833232142858,0.0,0.0,1200.0,1200.0
2025-01-29,2025-01-29T22:20:00,True,530.730406547619,530.730406547619,554.8472999999999,0.0,0.4368,0.0,0.0,24.11689345238085,0.0,0.0,1200.0,1200.0
2025-01-29,2025-01-29T22:30:00,True,529.1966071428571,529.1966071428571,532.7783333333333,0.0,0.4198,0.0,0.0,3.581726190476161,0.0,0.0,1200.0,1200.0
2025-01-29,2025-01-29T22:40:00,True,530.3776565476189,530.3776565476189,550.9146333333333,0.0,0.4186,0.0,0.0,20.536976785714387,0.0,0.0,1200.0,1200.0
2025-01-29,2025-01-29T22:50:00,True,530.4628779761905,530.4628779761905,569.9476999999999,0.0,0.4241,0.0,0.0,39.48482202380944,0.0,0.0,1200.0,1200.0
2025-01-29,2025-01-29T23:00:00,True,530.6699404761904,530.6699404761904,572.285,0.0,0.4237,0.0,0.0,41.61505952380958,0.0,0.0,1200.0,1200.0
2025-01-29,2025-01-29T23:10:00,True,540.1761613095238,540.1761613095238,575.5155333333332,0.0,0.4248,0.0,0.0,35.33937202380946,0.0,0.0,1200.0,1200.0
2025-01-29,2025-01-29T23:20:00,True,547.446,547.446,571.2774833333333,0.0,0.424,0.0,0.0,23.831483333333267,0.0,0.0,1200.0,1200.0
2025-01-29,2025-01-29T23:30:00,True,549.8940476190477,549.8940476190477,567.2733333333333,0.0,0.422,0.0,0.0,17.37928571428563,0.0,0.0,1200.0,1200.0
2025-01-29,2025-01-29T23:40:00,True,555.5420035714285,555.5420035714285,584.0139999999999,0.0,0.424,0.0,0.0,28.4719964285714,0.0,0.0,1200.0,1200.0
2025-01-29,2025-01-29T23:50:00,True,558.1523940476189,558.1523940476189,601.5159166666666,0.0,0.4271,0.0,0.0,43.36352261904767,0.0,0.0,1200.0,1200.0
2025-01-29,2025-01-30T00:00:00,True,555.4672222222222,557.0981547619048,596.7483333333332,0.0,0.4276,0.0,0.0,39.650178571428455,0.0,0.0,1200.0,1200.0
2025-01-30,2025-01-30T00:10:00,True,1393.5251137931032,1393.5251137931032,567.5041833333332,0.0,0.4248,826.0209304597697,0.0,0.0,5.568785741606376e-14,1.0,1200.0,1943.4188374137927
2025-01-30,2025-01-30T00:20:00,True,1398.2621505747125,1398.2621505747125,563.3384,0.0,0.4245,833.3333333333334,0.0,0.0,1.5904172413791002,1.0,1943.4188374137927,2693.418837413793
2025-01-30,2025-01-30T00:30:00,True,1402.129655172414,1402.129655172414,596.26,0.0,0.4269,805.869655172414,0.0,0.0,0.0,1.0,2693.418837413793,3418.7015270689653
2025-01-30,2025-01-30T00:40:00,True,1400.8757137931034,1400.8757137931034,630.6059,0.0,0.4272,770.2698137931034,0.0,0.0,0.0,1.0,3418.7015270689653,4111.944359482758
2025-01-30,2025-01-30T00:50:00,True,1402.7999293103449,1402.7999293103449,642.7418833333334,0.0,0.4271,760.0580459770115,0.0,0.0,0.0,1.0,4111.944359482758,4795.996600862069
2025-01-30,2025-01-30T01:00:00,True,1413.3988505747125,1413.3988505747125,637.4766666666667,0.0,0.4285,775.9221839080458,0.0,0.0,0.0,1.0,4795.996600862069,5494.32656637931
2025-01-30,2025-01-30T01:10:00,True,1428.8195183908047,1428.8195183908047,637.8859166666666,0.0,0.4311,790.933601724138,0.0,0.0,0.0,1.0,5494.32656637931,6206.166807931034
2025-01-30,2025-01-30T01:20:00,True,1432.5751413793105,1432.5751413793105,640.8743499999999,0.0,0.4302,791.7007913793105,0.0,0.0,0.0,1.0,6206.166807931034,6918.6975201724135
2025-01-30,2025-01-30T01:30:00,True,1426.4415517241382,1426.4415517241382,643.085,0.0,0.4279,783.3565517241382,0.0,0.0,0.0,1.0,6918.6975201724135,7623.718416724138
2025-01-30,2025-01-30T01:40:00,True,594.810706321839,594.810706321839,645.8091833333333,0.0,0.4312,0.0,0.0,50.99847701149429,0.0,0.0,7623.718416724138,7623.718416724138
2025-01-30,2025-01-30T01:50:00,True,600.6514557471264,600.6514557471264,643.3305833333333,0.0,0.4333,0.0,0.0,42.679127586206846,0.0,0.0,7623.718416724138,7623.718416724138
2025-01-30,2025-01-30T02:00:00,True,1272.5940229885055,1272.5940229885055,642.145,0.0,0.4311,630.4490229885055,0.0,0.0,0.0,1.0,7623.718416724138,8191.122537413792
2025-01-30,2025-01-30T02:10:00,True,1443.8863965517241,1443.8863965517241,654.6027833333333,0.0,0.4293,789.2836132183909,0.0,0.0,0.0,1.0,8191.122537413792,8901.477789310344
2025-01-30,2025-01-30T02:20:00,True,614.5928862068965,614.5928862068965,660.8845333333334,0.0,0.4324,0.0,-7.744915819785092e-13,46.2916471264376,0.0,0.0,8901.477789310344,8901.477789310344
2025-01-30,2025-01-30T02:30:00,True,618.5352298850573,618.5352298850573,645.6183333333333,0.0,0.4367,0.0,-2.2737367544323206e-13,27.083103448276233,0.0,0.0,8901.477789310344,8901.477789310344
2025-01-30,2025-01-30T02:40:00,True,623.0675580459767,623.0675580459767,621.0956333333334,0.0,0.4348,1.9719247126441688,0.0,0.0,-7.831513215705854e-13,1.0,8901.477789310344,8903.252521551723
2025-01-30,2025-01-30T02:50:00,True,627.8386534482759,627.8386534482759,654.3948333333333,0.0,0.4335,0.0,-7.709388682997087e-13,26.55617988505819,0.0,0.0,8903.252521551723,8903.252521551723
2025-01-30,2025-01-30T03:00:00,True,630.2610919540228,630.2610919540228,705.7950000000001,0.0,0.4357,0.0,-7.105427357601002e-14,75.5339080459773,0.0,0.0,8903.252521551723,8903.252521551723
2025-01-30,2025-01-30T03:10:00,True,629.2905902298851,629.2905902298851,670.5565333333333,0.0,0.4374,0.0,1.1368683772161603e-13,41.26594310344808,0.0,0.0,8903.252521551723,8903.252521551723
2025-01-30,2025-01-30T03:20:00,True,636.884082183908,636.884082183908,658.8305,0.0,0.4371,0.0,-8.171241461241152e-13,21.946417816092797,0.0,0.0,8903.252521551723,8903.252521551723
2025-01-30,2025-01-30T03:30:00,True,644.195459770115,644.195459770115,688.785,0.0,0.4356,0.0,5.897504706808832e-13,44.58954022988437,0.0,0.0,8903.252521551723,8903.252521551723
2025-01-30,2025-01-30T03:40:00,True,632.1265229885056,632.1265229885056,671.02305,0.0,0.4353,0.0,3.410605131648481e-13,38.89652701149407,0.0,0.0,8903.252521551723,8903.252521551723
2025-01-30,2025-01-30T03:50:00,True,634.8714540229885,634.8714540229885,669.9153833333332,0.0,0.436,0.0,-1.3500311979441904e-13,35.0439293103449,0.0,0.0,8903.252521551723,8903.252521551723
2025-01-30,2025-01-30T04:00:00,True,654.7284482758619,654.7284482758619,696.9616666666667,0.0,0.4378,0.0,1.1368683772161603e-13,42.23321839080472,0.0,0.0,8903.252521551723,8903.252521551723
2025-01-30,2025-01-30T04:10:00,True,658.2673511494253,658.2673511494253,693.0588333333333,0.0,0.4401,0.0,0.0,34.79148218390799,0.0,0.0,8903.252521551723,8903.252521551723
2025-01-30,2025-01-30T04:20:00,True,651.0345522988505,651.0345522988505,687.1350833333332,0.0,0.4389,0.0,0.0,36.10053103448274,0.0,0.0,8903.252521551723,8903.252521551723
2025-01-30,2025-01-30T04:30:00,True,647.8030459770115,647.8030459770115,702.1999999999999,0.0,0.4364,0.0,0.0,54.39695402298844,0.0,0.0,8903.252521551723,8903.252521551723
2025-01-30,2025-01-30T04:40:00,True,656.6729241379311,656.6729241379311,720.7110666666667,0.0,0.4393,0.0,0.0,64.03814252873565,0.0,0.0,8903.252521551723,8903.252521551723
2025-01-30,2025-01-30T04:50:00,True,663.761266091954,663.761266091954,683.7849333333334,0.0002666666666666667,0.4422,0.0,0.0,20.023400574712696,0.0,0.0,8903.252521551723,8903.252521551723
2025-01-30,2025-01-30T05:00:00,True,664.2405172413795,664.2405172413795,638.025,0.0,0.4395,26.21551724137953,0.0,0.0,0.0,1.0,8903.252521551723,8926.846487068966
2025-01-30,2025-01-30T05:10:00,True,666.6568011494252,666.6568011494252,689.59165,0.0,0.4333,0.0,0.0,22.93484885057478,0.0,0.0,8926.846487068966,8926.846487068966
2025-01-30,2025-01-30T05:20:00,True,674.186591954023,674.186591954023,726.1567666666666,0.0037666666666666664,0.4439,0.0,0.0,51.96640804597689,0.0,0.0,8926.846487068966,8926.846487068966
2025-01-30,2025-01-30T05:30:00,True,1505.80591954023,1505.80591954023,700.0516666666667,0.0,0.4301,805.7542528735632,0.0,0.0,0.0,1.0,8926.846487068966,9652.025314655173
2025-01-30,2025-01-30T05:40:00,True,1489.2001689655172,1489.2001689655172,689.5921166666667,0.0,0.3713,799.6080522988505,0.0,0.0,0.0,1.0,9652.025314655173,10371.672561724139
2025-01-30,2025-01-30T05:50:00,True,711.4533971264368,711.4533971264368,787.4266166666666,0.052349999999999994,0.5708,0.0,1.6370904631912707e-12,75.92086954022852,0.0,0.0,10371.672561724139,10371.672561724137
2025-01-30,2025-01-30T06:00:00,True,0.0,86.73833333333334,920.0716666666667,0.0,0.9099,0.0,833.3333333333343,-9.094947017729282e-13,0.0,0.0,10371.672561724137,9445.74663579821
2025-01-30,2025-01-30T06:10:00,True,0.0,0.0,918.8150499999999,0.0,0.9368,0.0,833.3333333333334,85.48171666666656,0.0,0.0,9445.74663579821,8519.820709872285
2025-01-30,2025-01-30T06:20:00,True,791.0093053639847,791.0093053639847,901.3822333333333,0.72925,0.8758,0.0,0.0,109.64367796934857,0.0,0.0,8519.820709872285,8519.820709872285
2025-01-30,2025-01-30T06:30:00,True,181.8078958812282,435.79344805555576,917.6949999999999,0.0,0.8759,0.0,236.47192960536452,245.42962233907966,0.0,0.0,8519.820709872285,8257.07412142188
2025-01-30,2025-01-30T06:40:00,True,783.595361302682,783.595361302682,902.0970333333332,0.0,0.8601,0.0,0.0,118.5016720306512,0.0,0.0,8257.07412142188,8257.07412142188
2025-01-30,2025-01-30T06:50:00,True,780.0513832375482,780.0513832375482,889.5349166666666,12.017249999999999,0.8442,0.0,0.0,97.46628342911845,0.0,0.0,8257.07412142188,8257.07412142188
2025-01-30,2025-01-30T07:00:00,True,778.960509770115,778.960509770115,893.0016666666667,50.225,0.8334,0.0,0.0,63.81615689655166,0.0,0.0,8257.07412142188,8257.07412142188
2025-01-30,2025-01-30T07:10:00,True,738.2434255747125,738.5429811302681,885.9378499999999,89.95841666666666,0.8092,0.0,0.0,57.43645220306507,0.0,0.0,8257.07412142188,8257.07412142188
2025-01-30,2025-01-30T07:20:00,True,704.4850781609193,705.6386059386971,877.4791,129.59826666666666,0.7972,0.0,0.0,42.2422273946363,0.0,0.0,8257.07412142188,8257.07412142188
2025-01-30,2025-01-30T07:30:00,True,654.804762356322,656.812262356322,869.7983333333333,174.025,0.7644,0.0,0.0,38.96107097701133,0.0,0.0,8257.07412142188,8257.07412142188
2025-01-30,2025-01-30T07:40:00,True,1408.8986862068969,1411.7601584291192,875.6933,226.60596666666666,0.6899,762.6728250957858,0.0,0.0,0.0,1.0,8257.07412142188,8943.479664008088
2025-01-30,2025-01-30T07:50:00,True,621.208003735632,624.9234481800763,1007.0406333333333,279.22076666666663,0.86,0.0,0.0,102.89641848659039,0.0,0.0,8943.479664008088,8943.479664008088
2025-01-30,2025-01-30T08:00:00,True,0.0,0.0,1193.5383333333332,328.30625,1.1617,0.0,833.3333333333334,31.898749999999836,0.0,0.0,8943.479664008088,8017.5537380821615
2025-01-30,2025-01-30T08:10:00,True,0.0,0.0,1232.1240666666665,375.0532333333333,1.1683,0.0,833.3333333333334,23.73749999999984,0.0,0.0,8017.5537380821615,7091.627812156235
2025-01-30,2025-01-30T08:20:00,True,0.0,0.0,1213.44,410.82248333333337,1.0956,0.0,802.6175166666667,0.0,0.0,0.0,7091.627812156235,6199.830571415495
2025-01-30,2025-01-30T08:30:00,True,0.0,0.0,1218.0716666666667,445.69999999999993,1.0849,0.0,772.3716666666668,0.0,0.0,0.0,6199.830571415495,5341.639830674754
2025-01-30,2025-01-30T08:40:00,True,0.0,0.0,1234.3985833333331,500.5491333333333,1.061,0.0,733.8494499999998,0.0,0.0,0.0,5341.639830674754,4526.251552896976
2025-01-30,2025-01-30T08:50:00,True,0.0,0.0,1226.9511499999999,555.2006833333332,1.043,0.0,671.7504666666666,0.0,0.0,0.0,4526.251552896976,3779.862145489569
2025-01-30,2025-01-30T09:00:00,True,0.0,0.0,1199.3483333333334,599.8499999999999,1.036,0.0,599.4983333333334,0.0,0.0,0.0,3779.862145489569,3113.7528862303093
2025-01-30,2025-01-30T09:10:00,True,0.0,0.0,1189.14565,645.6125666666667,1.0147,0.0,543.5330833333333,0.0,0.0,0.0,3113.7528862303093,2509.8272380821613
2025-01-30,2025-01-30T09:20:00,True,0.0,0.0,1193.2112499999998,702.6814833333333,0.9922,0.0,490.52976666666655,0.0,0.0,0.0,2509.8272380821613,1964.7941640080874
2025-01-30,2025-01-30T09:30:00,True,0.0,0.0,1197.7583333333332,754.0,0.97,0.0,223.72732356513316,220.0310097682001,0.0,0.0,1964.7941640080874,1716.2082489357172
2025-01-30,2025-01-30T09:40:00,True,0.0,0.0,1194.9671333333333,774.2287666666666,0.9422,0.0,0.0,420.7383666666667,0.0,0.0,1716.2082489357172,1716.2082489357172
2025-01-30,2025-01-30T09:50:00,True,0.0,0.0,1199.6403166666666,809.5384166666665,0.9569,0.0,0.0,390.1019000000001,0.0,0.0,1716.2082489357172,1716.2082489357172
2025-01-30,2025-01-30T10:00:00,True,0.0,0.0,1204.0383333333332,866.95625,0.9977,0.0,337.0820833333333,0.0,0.0,0.0,1716.2082489357172,1341.672600787569
2025-01-30,2025-01-30T10:10:00,True,0.0,0.0,1185.0814333333333,906.5894,0.9919,0.0,127.50534070881217,150.98669262452108,0.0,0.0,1341.672600787569,1200.0
2025-01-30,2025-01-30T10:20:00,True,0.0,0.0,1169.7888833333332,929.8956499999999,0.9588,0.0,0.0,239.89323333333323,0.0,0.0,1200.0,1200.0
2025-01-30,2025-01-30T10:30:00,True,0.0,0.0,1167.7133333333331,944.0749999999999,0.9549,0.0,0.0,223.6383333333332,0.0,0.0,1200.0,1200.0
2025-01-30,2025-01-30T10:40:00,True,0.0,0.0,1162.7911,955.02895,0.9839,0.0,0.0,207.7621499999999,0.0,0.0,1200.0,1200.0
2025-01-30,2025-01-30T10:50:00,True,37.03427289272008,42.84180622605345,1157.6633499999998,983.1113499999999,0.799,0.0,0.0,131.71019377394646,0.0,0.0,1200.0,1200.0
2025-01-30,2025-01-30T11:00:00,True,826.2591643678162,844.8796643678162,1159.1966666666667,1023.8062499999999,0.5025,709.489247701149,0.0,0.0,5.156102545944053e-13,1.0,1200.0,1838.540322931034
2025-01-30,2025-01-30T11:10:00,True,812.4443487547893,847.9480931992338,1168.0121166666665,1047.532,0.4662,727.4679765325671,0.0,0.0,0.0,1.0,1838.540322931034,2493.2615018103443
2025-01-30,2025-01-30T11:20:00,True,794.8488848659007,847.2358737547896,1164.21825,1040.7350166666665,0.5007,723.7526404214562,0.0,0.0,0.0,1.0,2493.2615018103443,3144.638878189655
2025-01-30,2025-01-30T11:30:00,True,777.3486864942528,846.6189198275862,1153.165,1042.625,0.4827,736.0789198275862,0.0,0.0,0.0,1.0,3144.638878189655,3807.1099060344823
2025-01-30,2025-01-30T11:40:00,True,765.2083553639847,851.3618331417623,1157.2094666666667,1099.9092333333333,0.4785,794.0615998084289,0.0,0.0,0.0,1.0,3807.1099060344823,4521.765345862068
2025-01-30,2025-01-30T11:50:00,True,731.4690133141761,834.5057355363982,1146.5865999999999,1102.3889666666666,0.4662,790.308102203065,0.0,0.0,0.0,1.0,4521.765345862068,5233.0426378448265
2025-01-30,2025-01-30T12:00:00,True,683.1892431034483,884.4095833333334,1107.57,1056.4937499999999,0.4432,833.3333333333334,0.0,0.0,0.0,1.0,5233.0426378448265,5983.0426378448265
2025-01-30,2025-01-30T12:10:00,True,661.8246311302682,770.6607950191571,1065.6195166666666,1080.5630833333332,0.4411,785.6043616858237,0.0,0.0,0.0,1.0,5983.0426378448265,6690.086563362068
2025-01-30,2025-01-30T12:20:00,True,651.0279593869732,748.7803204980842,1080.6657166666666,1117.9436166666665,0.4551,786.058220498084,0.0,0.0,0.0,1.0,6690.086563362068,7397.538961810344
2025-01-30,2025-01-30T12:30:00,True,637.455383045977,724.1239413793103,1114.8466666666666,1132.8562499999998,0.4463,742.1335247126435,0.0,0.0,0.0,1.0,7397.538961810344,8065.459134051723
2025-01-30,2025-01-30T12:40:00,True,623.4030153256707,698.9877708812263,1074.4949833333333,1146.2080333333333,0.4113,770.7008208812264,0.0,0.0,0.0,1.0,8065.459134051723,8759.089872844826
2025-01-30,2025-01-30T12:50:00,True,502.5811935823715,711.1632528735634,1061.8409333333334,1141.3747666666666,0.5682,790.6970862068965,0.0,0.0,0.0,1.0,8759.089872844826,9470.717250431033
2025-01-30,2025-01-30T13:00:00,True,0.0,0.0,1110.2916666666665,1116.375,0.8279,6.083333333333485,0.0,0.0,0.0,1.0,9470.717250431033,9476.192250431033
2025-01-30,2025-01-30T13:10:00,True,0.0,0.0,1144.2371166666667,1087.8977499999999,0.8636,0.0,0.0,56.33936666666682,0.0,0.0,9476.192250431033,9476.192250431033
2025-01-30,2025-01-30T13:20:00,True,0.0,0.0,1129.9336333333333,1049.0855,0.8416,0.0,0.0,80.84813333333341,0.0,0.0,9476.192250431033,9476.192250431033
2025-01-30,2025-01-30T13:30:00,True,0.0,17.10090804597678,1092.7649999999999,1004.89375,0.8618,0.0,0.0,70.77034195402314,0.0,0.0,9476.192250431033,9476.192250431033
2025-01-30,2025-01-30T13:40:00,True,0.0,62.49077816091926,1088.8309666666667,969.0800166666666,0.8623,0.0,0.0,57.26017183908084,0.0,0.0,9476.192250431033,9476.192250431033
2025-01-30,2025-01-30T13:50:00,True,0.0,0.0,1107.4654,920.7369,0.9026,0.0,0.0,186.72850000000005,0.0,0.0,9476.192250431033,9476.192250431033
2025-01-30,2025-01-30T14:00:00,True,0.0,0.0,1115.8983333333333,875.90625,0.9754,0.0,137.7116108946327,102.2804724387006,0.0,0.0,9476.192250431033,9323.179349436998
2025-01-30,2025-01-30T14:10:00,True,0.0,0.0,1091.7909666666665,875.8066,1.0002,0.0,215.98436666666646,0.0,0.0,0.0,9323.179349436998,9083.196719807369
2025-01-30,2025-01-30T14:20:00,True,0.0,0.0,1072.6561333333334,879.8452333333332,0.9978,0.0,140.45465172414112,52.356248275859066,0.0,0.0,9083.196719807369,8927.135995669434
2025-01-30,2025-01-30T14:30:00,True,0.0,0.0,1078.2416666666666,843.175,1.0271,0.0,227.7465195402301,7.3201471264364955,0.0,0.0,8927.135995669434,8674.084307291401
2025-01-30,2025-01-30T14:40:00,True,0.0,0.0,1092.6678333333332,756.4367666666667,1.0906,0.0,262.1962438697349,74.03482279693162,0.0,0.0,8674.084307291401,8382.75514743614
2025-01-30,2025-01-30T14:50:00,True,0.0,0.0,1089.9368666666664,683.0156666666667,0.9376,0.0,-3.637978807091713e-12,406.9212000000034,0.0,0.0,8382.75514743614,8382.755147436144
2025-01-30,2025-01-30T15:00:00,True,155.4244252873566,1199.0050752873567,1070.6766666666667,649.6875,0.6694,778.01590862069,0.0,0.0,0.0,1.0,8382.755147436144,9082.969465194765
2025-01-30,2025-01-30T15:10:00,True,580.1936525365401,1239.238911111111,1058.3101666666666,628.3227166666666,0.66,809.251461111111,0.0,0.0,0.0,1.0,9082.969465194765,9811.295780194765
2025-01-30,2025-01-30T15:20:00,True,259.31378045977044,1174.87725553072,1052.67915,590.7135999999999,0.7217,712.91170553072,0.0,0.0,0.0,1.0,9811.295780194765,10452.916315172413
2025-01-30,2025-01-30T15:30:00,True,313.2567744252873,486.6645494252873,1056.9299999999998,534.1687499999999,0.7308,0.0,1.6370904631912707e-12,36.096700574711576,0.0,0.0,10452.916315172413,10452.916315172411
2025-01-30,2025-01-30T15:40:00,True,375.20305344827545,536.3309812260534,1071.3908,476.6533166666666,0.7534,0.0,0.0,58.406502107280176,0.0,0.0,10452.916315172411,10452.916315172411
2025-01-30,2025-01-30T15:50:00,True,431.9211112068965,580.769191762452,1050.9575499999999,419.127,0.7823,0.0,0.0,51.06135823754812,0.0,0.0,10452.916315172411,10452.916315172411
2025-01-30,2025-01-30T16:00:00,True,480.00556034482776,616.5737936781611,1027.9316666666666,360.5625,0.8055,0.0,0.0,50.79537298850482,0.0,0.0,10452.916315172411,10452.916315172411
2025-01-30,2025-01-30T16:10:00,True,537.8116045019159,654.5634183908041,1073.9189166666665,303.0667833333333,0.8271,0.0,1.6370904631912707e-12,116.2887149425278,0.0,0.0,10452.916315172411,10452.91631517241
2025-01-30,2025-01-30T16:20:00,True,599.4612187739459,696.396613218391,1069.6030833333332,250.79564999999997,0.8519,0.0,1.6370904631912707e-12,122.41082011494109,0.0,0.0,10452.91631517241,10452.916315172408
2025-01-30,2025-01-30T16:30:00,True,664.9185933908047,742.0375683908047,1013.7883333333332,200.775,0.8791,0.0,0.0,70.97576494252826,0.0,0.0,10452.916315172408,10452.916315172408
2025-01-30,2025-01-30T16:40:00,True,729.8086990421459,787.111254597701,1025.899,146.43793333333332,0.9024,0.0,0.0,92.34981206896555,0.0,0.0,10452.916315172408,10452.916315172408
2025-01-30,2025-01-30T16:50:00,True,778.3771230842906,815.8632591954024,1044.0273,96.80005,0.9163,0.0,0.0,131.36399080459705,0.0,0.0,10452.916315172408,10452.916315172408
2025-01-30,2025-01-30T17:00:00,True,820.6158218390804,838.285538505747,1038.6483333333333,53.4125,0.9264,0.0,0.0,146.95029482758582,0.0,0.0,10452.916315172408,10452.916315172408
2025-01-30,2025-01-30T17:10:00,True,828.3705630268195,843.0953269157083,1044.8678666666665,12.781916666666667,0.9462,0.0,0.0,188.99062308429166,0.0,0.0,10452.916315172408,10452.916315172408
2025-01-30,2025-01-30T17:20:00,True,837.2007967432946,848.9806078544059,1040.43285,0.0,0.9742,0.0,1.6370904631912707e-12,191.45224214559312,0.0,0.0,10452.916315172408,10452.916315172406
2025-01-30,2025-01-30T17:30:00,True,852.7801235632185,861.6149818965519,1040.5366666666666,0.0,0.9862,0.0,1.6370904631912707e-12,178.92168477011546,0.0,0.0,10452.916315172406,10452.916315172404
2025-01-30,2025-01-30T17:40:00,True,882.244745210728,888.1346507662834,1063.1256833333332,0.7756666666666666,0.976,0.0,0.0,174.2153659003834,0.0,0.0,10452.916315172404,10452.916315172404
2025-01-30,2025-01-30T17:50:00,True,800.8510105363985,803.7959633141763,939.0254833333333,0.0,1.0742,0.0,-1.6370904631912707e-12,135.22952001915655,0.0,0.0,10452.916315172404,10452.916315172406
2025-01-30,2025-01-30T18:00:00,True,661.2585057471264,736.2666666666667,736.2666666666667,0.0,1.2313,0.0,1.6370904631912707e-12,0.0,7.465065290521626e-13,0.0,10452.916315172406,10452.916315172404
2025-01-30,2025-01-30T18:10:00,True,0.0,227.31131577012235,712.4513499999999,0.055683333333333335,1.2561,0.0,416.12671354022075,68.95763735632318,0.0,0.0,10452.916315172404,9990.553300127714
2025-01-30,2025-01-30T18:20:00,True,662.6348764367816,662.6348764367816,750.3761,0.0,1.2447,0.0,1.1226575225009583e-12,87.74122356321722,0.0,0.0,9990.553300127714,9990.553300127713
2025-01-30,2025-01-30T18:30:00,True,571.0949074712648,656.158908045977,753.5016666666667,0.0,1.2545,0.0,0.0,97.34275862068966,0.0,0.0,9990.553300127713,9990.553300127713
2025-01-30,2025-01-30T18:40:00,True,657.4326712643679,657.4326712643679,740.7346833333332,0.004,1.2522,0.0,0.0,83.29801206896536,0.0,0.0,9990.553300127713,9990.553300127713
2025-01-30,2025-01-30T18:50:00,True,0.0,0.0,723.1364666666666,0.0,1.2881,0.0,658.3057471264351,64.83071954023153,0.0,0.0,9990.553300127713,9259.102469987229
2025-01-30,2025-01-30T19:00:00,True,0.0,0.0,716.2883333333332,0.0,1.3466,0.0,716.2883333333332,0.0,0.0,0.0,9259.102469987229,8463.226544061303
2025-01-30,2025-01-30T19:10:00,True,0.0,0.0,734.4721999999999,0.0002833333333333333,1.3523,0.0,734.4719166666666,0.0,0.0,0.0,8463.226544061303,7647.146636653895
2025-01-30,2025-01-30T19:20:00,True,0.0,0.0,756.2895833333333,0.0,1.3445,0.0,756.2895833333333,0.0,0.0,0.0,7647.146636653895,6806.824877394636
2025-01-30,2025-01-30T19:30:00,True,0.0,0.0,765.1516666666666,0.0,1.3483,0.0,765.1516666666666,0.0,0.0,0.0,6806.824877394636,5956.656358876117
2025-01-30,2025-01-30T19:40:00,True,0.0,0.0,759.8337333333334,0.0,1.349,0.0,759.8337333333334,0.0,0.0,0.0,5956.656358876117,5112.396655172413
2025-01-30,2025-01-30T19:50:00,True,0.0,0.0,745.37385,0.0,1.3473,0.0,745.37385,0.0,0.0,0.0,5112.396655172413,4284.2034885057465
2025-01-30,2025-01-30T20:00:00,True,0.0,0.0,729.7533333333333,0.0,1.3482,0.0,729.7533333333333,0.0,0.0,0.0,4284.2034885057465,3473.3664514687093
2025-01-30,2025-01-30T20:10:00,True,0.0,0.0,721.9010333333333,0.0,1.3513,0.0,721.9010333333333,0.0,0.0,0.0,3473.3664514687093,2671.25419220945
2025-01-30,2025-01-30T20:20:00,True,0.0,0.0,727.6630499999999,0.0,1.34,0.0,0.0,727.6630499999999,0.0,0.0,2671.25419220945,2671.25419220945
2025-01-30,2025-01-30T20:30:00,True,0.0,0.0,734.9133333333332,0.0,1.3489,0.0,659.2831201149415,75.6302132183916,0.0,0.0,2671.25419220945,1938.7173920817372
2025-01-30,2025-01-30T20:40:00,True,0.0,0.0,726.8146666666667,0.0,1.3952,0.0,664.8456528735635,61.96901379310328,0.0,0.0,1938.7173920817372,1200.0
2025-01-30,2025-01-30T20:50:00,True,671.2503126436782,671.2503126436782,733.9936333333333,0.0,1.2226,0.0,0.0,62.74332068965509,0.0,0.0,1200.0,1200.0
2025-01-30,2025-01-30T21:00:00,True,677.6500574712644,677.6500574712644,743.8433333333334,0.0,0.9332,0.0,0.0,66.19327586206896,0.0,0.0,1200.0,1200.0
2025-01-30,2025-01-30T21:10:00,True,677.2566454022989,677.2566454022989,712.9366833333333,0.0,0.9068,0.0,0.0,35.68003793103446,0.0,0.0,1200.0,1200.0
2025-01-30,2025-01-30T21:20:00,True,669.449436781609,669.449436781609,694.1468833333333,0.0,0.9371,0.0,0.0,24.697446551724283,0.0,0.0,1200.0,1200.0
2025-01-30,2025-01-30T21:30:00,True,673.942471264368,673.942471264368,729.2633333333333,0.0,0.9371,0.0,0.0,55.32086206896531,0.0,0.0,1200.0,1200.0
2025-01-30,2025-01-30T21:40:00,True,698.3610390804598,698.3610390804598,791.7407166666667,0.0,0.9871,0.0,0.0,93.37967758620687,0.0,0.0,1200.0,1200.0
2025-01-30,2025-01-30T21:50:00,True,634.6813942528736,634.6813942528736,734.2063833333333,0.0,0.7764,0.0,0.0,99.5249890804597,0.0,0.0,1200.0,1200.0
2025-01-30,2025-01-30T22:00:00,True,520.9516666666667,520.9516666666667,594.3616666666667,0.0,0.4209,0.0,0.0,73.40999999999997,0.0,0.0,1200.0,1200.0
2025-01-30,2025-01-30T22:10:00,True,511.85357011494244,511.85357011494244,559.2715833333333,0.0,0.3859,0.0,0.0,47.418013218390854,0.0,0.0,1200.0,1200.0
2025-01-30,2025-01-30T22:20:00,True,531.5620235632184,531.5620235632184,558.1720499999999,0.0,0.4368,0.0,0.0,26.61002643678148,0.0,0.0,1200.0,1200.0
2025-01-30,2025-01-30T22:30:00,True,529.3201149425287,529.3201149425287,550.5666666666666,0.0,0.4198,0.0,0.0,21.24655172413793,0.0,0.0,1200.0,1200.0
2025-01-30,2025-01-30T22:40:00,True,531.0858281609195,531.0858281609195,569.3835166666667,0.0,0.4186,0.0,0.0,38.297688505747146,0.0,0.0,1200.0,1200.0
2025-01-30,2025-01-30T22:50:00,True,531.8244235632184,531.8244235632184,557.2639666666666,0.0,0.4241,0.0,0.0,25.439543103448273,0.0,0.0,1200.0,1200.0
2025-01-30,2025-01-30T23:00:00,True,532.1049425287355,532.1049425287355,532.4316666666666,0.0,0.4237,0.0,0.0,0.3267241379311372,0.0,0.0,1200.0,1200.0
2025-01-30,2025-01-30T23:10:00,True,541.3947603448275,541.3947603448275,572.1929166666666,0.0,0.4248,0.0,0.0,30.798156321839087,0.0,0.0,1200.0,1200.0
2025-01-30,2025-01-30T23:20:00,True,548.2677752873564,548.2677752873564,597.64505,0.0,0.424,0.0,0.0,49.37727471264361,0.0,0.0,1200.0,1200.0
2025-01-30,2025-01-30T23:30:00,True,550.4933333333333,550.4933333333333,588.5683333333333,0.0,0.422,0.0,0.0,38.07499999999993,0.0,0.0,1200.0,1200.0
2025-01-30,2025-01-30T23:40:00,True,556.5237965517241,556.5237965517241,593.4772499999999,0.0,0.424,0.0,0.0,36.95345344827581,0.0,0.0,1200.0,1200.0
2025-01-30,2025-01-30T23:50:00,True,559.6476879310344,559.6476879310344,545.4894999999999,0.0,0.4271,14.158187931034515,0.0,0.0,6.647806408377817e-14,1.0,1200.0,1212.742369137931
2025-01-30,2025-01-31T00:00:00,True,557.0981547619048,558.4654022988506,460.81,0.0,0.4276,97.65540229885042,0.0,0.0,1.4210854715202004e-13,1.0,1212.742369137931,1300.6322312068964
2025-01-31,2025-01-31T00:10:00,True,1393.7688605555554,1393.7688605555554,441.02126666666663,0.0,0.4248,833.3333333333338,0.0,0.0,119.41426055555496,1.0,1300.6322312068964,2050.632231206897
2025-01-31,2025-01-31T00:20:00,True,1398.2091366666664,1398.2091366666664,475.9250666666667,0.0,0.4245,833.3333333333333,0.0,0.0,88.95073666666644,1.0,2050.632231206897,2800.632231206897
2025-01-31,2025-01-31T00:30:00,True,1403.045111111111,1403.045111111111,498.79333333333335,0.0,0.4269,833.3333333333333,0.0,0.0,70.9184444444445,1.0,2800.632231206897,3550.632231206897
2025-01-31,2025-01-31T00:40:00,True,1402.9778311111108,1402.9778311111108,454.37441666666666,0.0,0.4272,833.3333333333334,0.0,0.0,115.27008111111081,1.0,3550.632231206897,4300.632231206897
2025-01-31,2025-01-31T00:50:00,True,1405.242438888889,1405.242438888889,437.53706666666665,0.0,0.4271,833.3333333333333,0.0,0.0,134.37203888888905,1.0,4300.632231206897,5050.632231206897
2025-01-31,2025-01-31T01:00:00,True,1415.3125555555553,1415.3125555555553,463.6833333333333,0.0,0.4285,833.3333333333333,0.0,0.0,118.29588888888873,1.0,5050.632231206897,5800.632231206897
2025-01-31,2025-01-31T01:10:00,True,1430.2328427777777,1430.2328427777777,456.1998166666666,0.0,0.4311,833.3333333333334,0.0,0.0,140.69969277777773,1.0,5800.632231206897,6550.632231206897
2025-01-31,2025-01-31T01:20:00,True,1433.9628927777776,1433.9628927777776,439.0617666666667,0.0,0.4302,833.3333333333336,0.0,0.0,161.5677927777773,1.0,6550.632231206897,7300.632231206897
2025-01-31,2025-01-31T01:30:00,True,1428.1074444444446,1428.1074444444446,450.4366666666666,0.0,0.4279,833.3333333333334,0.0,0.0,144.3374444444446,1.0,7300.632231206897,8050.632231206897
2025-01-31,2025-01-31T01:40:00,True,596.5106555555556,596.5106555555556,495.6859833333333,0.0,0.4312,2.0463630789890885e-12,0.0,0.0,100.82467222222022,1.0,8050.632231206897,8050.632231206899
2025-01-31,2025-01-31T01:50:00,True,602.0740933333333,602.0740933333333,501.78863333333334,0.0,0.4333,0.0,0.0,0.0,100.28545999999994,1.0,8050.632231206899,8050.632231206899
2025-01-31,2025-01-31T02:00:00,True,1161.9876875478922,1161.9876875478922,464.19333333333327,0.0,0.4311,697.7943542145589,0.0,0.0,0.0,1.0,8050.632231206899,8678.647150000003
2025-01-31,2025-01-31T02:10:00,True,1445.3547205555556,1445.3547205555556,450.8861166666666,0.0,0.4293,690.3920555555547,0.0,0.0,304.07654833333424,1.0,8678.647150000003,9300.000000000002
2025-01-31,2025-01-31T02:20:00,True,616.1359411111112,616.1359411111112,467.77374999999995,0.0,0.4324,0.0,0.0,0.0,148.3621911111112,1.0,9300.000000000002,9300.000000000002
2025-01-31,2025-01-31T02:30:00,True,619.4379999999999,619.4379999999999,492.79166666666663,0.0,0.4367,0.0,0.0,0.0,126.64633333333325,1.0,9300.000000000002,9300.000000000002
2025-01-31,2025-01-31T02:40:00,True,623.001827222222,623.001827222222,502.5822666666666,0.0,0.4348,0.0,0.0,0.0,120.41956055555539,1.0,9300.000000000002,9300.000000000002
2025-01-31,2025-01-31T02:50:00,True,628.7238594444444,628.7238594444444,513.8009,0.0,0.4335,0.0,0.0,0.0,114.92295944444447,1.0,9300.000000000002,9300.000000000002
2025-01-31,2025-01-31T03:00:00,True,632.7788888888887,632.7788888888887,536.0433333333333,0.0,0.4357,0.0,0.0,0.0,96.73555555555538,1.0,9300.000000000002,9300.000000000002
2025-01-31,2025-01-31T03:10:00,True,630.6661216666666,630.6661216666666,557.1184166666667,0.0,0.4374,0.0,0.0,0.0,73.54770499999995,1.0,9300.000000000002,9300.000000000002
2025-01-31,2025-01-31T03:20:00,True,637.6156294444445,637.6156294444445,548.1059666666666,0.0,0.4371,0.0,0.0,0.0,89.50966277777786,1.0,9300.000000000002,9300.000000000002
2025-01-31,2025-01-31T03:30:00,True,645.6817777777778,645.6817777777778,513.915,0.0,0.4356,0.0,0.0,0.0,131.76677777777786,1.0,9300.000000000002,9300.000000000002
2025-01-31,2025-01-31T03:40:00,True,633.4230738888888,633.4230738888888,492.83904999999993,0.0,0.4353,0.0,0.0,0.0,140.58402388888885,1.0,9300.000000000002,9300.000000000002
2025-01-31,2025-01-31T03:50:00,True,636.039585,636.039585,504.45449999999994,0.0,0.436,0.0,0.0,0.0,131.58508500000005,1.0,9300.000000000002,9300.000000000002
2025-01-31,2025-01-31T04:00:00,True,656.1362222222219,656.1362222222219,541.295,0.0,0.4378,0.0,0.0,0.0,114.84122222222197,0.0,9300.000000000002,9300.000000000002
2025-01-31,2025-01-31T04:10:00,True,659.4270672222223,659.4270672222223,571.6823999999999,0.0,0.4401,0.0,0.0,0.0,87.74466722222235,0.0,9300.000000000002,9300.000000000002
2025-01-31,2025-01-31T04:20:00,True,652.2379033333333,652.2379033333333,557.5331333333334,0.0,0.4389,94.70476999999994,0.0,0.0,0.0,1.0,9300.000000000002,9385.234293000001
2025-01-31,2025-01-31T04:30:00,True,649.6162777777778,649.6162777777778,519.6933333333333,0.0,0.4364,0.0,0.0,0.0,129.9229444444445,0.0,9385.234293000001,9385.234293000001
2025-01-31,2025-01-31T04:40:00,True,658.8075288888889,658.8075288888889,516.0169,0.0,0.4393,142.79062888888893,0.0,0.0,0.0,1.0,9385.234293000001,9513.745859
2025-01-31,2025-01-31T04:50:00,True,664.4287216666667,664.4287216666667,513.5366166666666,0.0002833333333333333,0.4422,150.89238833333332,0.0,0.0,0.0,1.0,9513.745859,9649.5490085
2025-01-31,2025-01-31T05:00:00,True,663.3666666666669,663.3666666666669,508.3983333333333,0.0,0.4395,0.0,0.0,0.0,154.9683333333336,0.0,9649.5490085,9649.5490085
2025-01-31,2025-01-31T05:10:00,True,667.421296111111,667.421296111111,535.2354666666666,0.0,0.4333,132.18582944444438,0.0,0.0,0.0,1.0,9649.5490085,9768.516255
2025-01-31,2025-01-31T05:20:00,True,675.9189311111112,675.9189311111112,572.69715,0.003966666666666667,0.4439,103.22574777777788,0.0,0.0,0.0,1.0,9768.516255,9861.419428000001
2025-01-31,2025-01-31T05:30:00,True,1506.7252222222223,1506.7252222222223,584.615,0.0,0.4301,833.3333333333334,0.0,0.0,88.77688888888895,1.0,9861.419428000001,10611.419428000001
2025-01-31,2025-01-31T05:40:00,True,1490.324345,1490.324345,551.96215,0.0,0.3713,209.53396888888767,0.0,0.0,728.8282261111124,1.0,10611.419428000001,10800.0
2025-01-31,2025-01-31T05:50:00,True,713.9858377777779,713.9858377777779,523.81805,0.055266666666666665,0.5708,0.0,1.6370904631912707e-12,0.0,190.2230544444454,0.0,10800.0,10799.999999999998
2025-01-31,2025-01-31T06:00:00,True,0.0,0.0,533.5733333333333,0.0,0.9099,0.0,533.5733333333335,0.0,0.0,0.0,10799.999999999998,10207.140740740739
2025-01-31,2025-01-31T06:10:00,True,0.0,0.0,570.7949666666666,0.0,0.9368,0.0,570.7949666666661,0.0,0.0,0.0,10207.140740740739,9572.92411111111
2025-01-31,2025-01-31T06:20:00,True,770.7847511111097,770.7847511111097,583.1179833333333,0.7697166666666666,0.8758,-0.0,0.0,0.0,188.43648444444307,0.0,9572.92411111111,9572.92411111111
2025-01-31,2025-01-31T06:30:00,True,0.0,0.1726652277791345,564.71,0.0,0.8759,0.0,564.5373347722209,0.0,0.0,0.0,9572.92411111111,8945.660405808641
2025-01-31,2025-01-31T06:40:00,True,782.3951922222221,782.3951922222221,561.1364666666666,0.0,0.8601,-0.0,0.0,0.0,221.25872555555554,0.0,8945.660405808641,8945.660405808641
2025-01-31,2025-01-31T06:50:00,True,777.2630533333336,777.2630533333336,595.3457333333333,13.259183333333333,0.8442,-0.0,0.0,0.0,195.17650333333359,0.0,8945.660405808641,8945.660405808641
2025-01-31,2025-01-31T07:00:00,True,775.0365444444445,775.0365444444445,647.9633333333334,55.9375,0.8334,183.01071111111116,0.0,0.0,0.0,1.0,8945.660405808641,9110.370045808642
2025-01-31,2025-01-31T07:10:00,True,738.6611099999998,738.6611099999998,672.2483166666666,103.31348333333332,0.8092,0.0,0.0,0.0,169.72627666666654,0.0,9110.370045808642,9110.370045808642
2025-01-31,2025-01-31T07:20:00,True,708.9659566666666,708.9659566666666,657.6536,150.46263333333332,0.7972,0.0,0.0,0.0,201.7749899999999,0.0,9110.370045808642,9110.370045808642
2025-01-31,2025-01-31T07:30:00,True,663.9055000000001,663.9055000000001,636.6533333333333,197.025,0.7644,224.27716666666674,0.0,0.0,0.0,1.0,9110.370045808642,9312.219495808642
2025-01-31,2025-01-31T07:40:00,True,1424.0571105555555,1424.0571105555555,651.2661499999999,241.96583333333334,0.6899,15.255807812070795,0.0,0.0,999.5009860768181,1.0,9312.219495808642,9325.949722839505
2025-01-31,2025-01-31T07:50:00,True,642.4431249999999,642.4431249999999,650.6905666666667,280.73695,0.86,0.0,0.0,0.0,272.4895083333332,0.0,9325.949722839505,9325.949722839505
2025-01-31,2025-01-31T08:00:00,True,0.0,0.0,635.8066666666666,321.28125,1.1617,0.0,314.5254166666666,0.0,0.0,0.0,9325.949722839505,8976.47703765432
2025-01-31,2025-01-31T08:10:00,True,0.0,0.0,655.8198666666666,377.16546666666665,1.1683,0.0,278.65439999999995,0.0,0.0,0.0,8976.47703765432,8666.86103765432
2025-01-31,2025-01-31T08:20:00,True,0.0,0.0,655.3250666666667,431.90816666666666,1.0956,0.0,223.4169,0.0,0.0,0.0,8666.86103765432,8418.62003765432
2025-01-31,2025-01-31T08:30:00,True,0.0,0.0,622.6949999999999,482.98124999999993,1.0849,0.0,139.71375,0.0,0.0,0.0,8418.62003765432,8263.382537654321
2025-01-31,2025-01-31T08:40:00,True,0.0,0.0,615.8414,541.5513166666666,1.061,0.0,74.29008333333343,0.0,0.0,0.0,8263.382537654321,8180.838000617284
2025-01-31,2025-01-31T08:50:00,True,0.0,0.0,683.43385,588.0854999999999,1.043,0.0,95.3483500000001,0.0,0.0,0.0,8180.838000617284,8074.895389506172
2025-01-31,2025-01-31T09:00:00,True,0.0,0.0,771.665,617.2249999999999,1.036,0.0,154.44000000000005,0.0,0.0,0.0,8074.895389506172,7903.295389506172
2025-01-31,2025-01-31T09:10:00,True,0.0,0.0,771.7343999999999,645.0359833333333,1.0147,0.0,126.69841666666662,0.0,0.0,0.0,7903.295389506172,7762.519370987653
2025-01-31,2025-01-31T09:20:00,True,0.0,0.0,749.1043999999999,684.1259166666666,0.9922,0.0,64.97848333333332,0.0,0.0,0.0,7762.519370987653,7690.321056172838
2025-01-31,2025-01-31T09:30:00,True,0.0,0.0,738.3599999999999,727.4937499999999,0.97,0.0,10.866250000000036,0.0,0.0,0.0,7690.321056172838,7678.247445061727
2025-01-31,2025-01-31T09:40:00,True,0.0,0.0,714.6082166666666,758.6486833333333,0.9422,0.0,0.0,0.0,44.0404666666667,0.0,7678.247445061727,7678.247445061727
2025-01-31,2025-01-31T09:50:00,True,0.0,0.0,714.8307333333333,795.8004166666666,0.9569,80.96968333333325,0.0,0.0,0.0,1.0,7678.247445061727,7751.120160061727
2025-01-31,2025-01-31T10:00:00,True,0.0,0.0,738.7416666666666,835.4375,0.9977,0.0,0.0,0.0,96.69583333333344,0.0,7751.120160061727,7751.120160061727
2025-01-31,2025-01-31T10:10:00,True,0.0,0.0,742.7227666666665,857.4983666666667,0.9919,0.0,0.0,0.0,114.77560000000017,0.0,7751.120160061727,7751.120160061727
2025-01-31,2025-01-31T10:20:00,True,0.0,0.0,724.6986833333333,895.6051833333332,0.9588,0.0,0.0,0.0,170.90649999999994,0.0,7751.120160061727,7751.120160061727
2025-01-31,2025-01-31T10:30:00,True,0.0,0.0,707.3766666666667,939.9375,0.9549,0.0,0.0,0.0,232.56083333333333,0.0,7751.120160061727,7751.120160061727
2025-01-31,2025-01-31T10:40:00,True,0.0,0.0,713.17335,944.7102,0.9839,0.0,0.0,0.0,231.53684999999996,0.0,7751.120160061727,7751.120160061727
2025-01-31,2025-01-31T10:50:00,True,101.78200555555532,132.67316111111086,710.1085666666665,947.2610500000001,0.799,0.0,0.0,0.0,369.8256444444444,0.0,7751.120160061727,7751.120160061727
2025-01-31,2025-01-31T11:00:00,True,915.7194222222224,946.5241888888891,697.9316666666666,964.9875,0.5025,0.0,0.0,0.0,1213.5800222222224,0.0,7751.120160061727,7751.120160061727
2025-01-31,2025-01-31T11:10:00,True,874.4700111111111,934.5255749999999,706.13985,979.4073,0.4662,0.0,0.0,0.0,1207.793025,0.0,7751.120160061727,7751.120160061727
2025-01-31,2025-01-31T11:20:00,True,829.1456627777776,918.4520238888889,703.1832666666666,993.8451499999999,0.5007,0.0,0.0,0.0,1209.1139072222222,0.0,7751.120160061727,7751.120160061727
2025-01-31,2025-01-31T11:30:00,True,783.6714250000001,902.2285833333334,684.5966666666666,1015.8687499999999,0.4827,0.0,0.0,0.0,1233.5006666666668,0.0,7751.120160061727,7751.120160061727
2025-01-31,2025-01-31T11:40:00,True,743.8816494444446,891.6896049999999,678.2988333333333,1046.4775,0.4785,609.237381138548,0.0,0.0,650.6308905281187,1.0,7751.120160061727,8299.43380308642
2025-01-31,2025-01-31T11:50:00,True,682.7239188888885,859.7826716666663,671.8216833333333,1067.1296333333332,0.4662,0.0,0.0,0.0,1255.0906216666663,0.0,8299.43380308642,8299.43380308642
2025-01-31,2025-01-31T12:00:00,True,606.5639833333333,812.8735333333333,675.3933333333333,1056.2312499999998,0.4432,0.0,0.0,0.0,1193.7114499999998,0.0,8299.43380308642,8299.43380308642
2025-01-31,2025-01-31T12:10:00,True,611.8134249999999,809.4196083333333,709.2304999999999,1011.4796666666666,0.4411,0.0,0.0,0.0,1111.668775,0.0,8299.43380308642,8299.43380308642
2025-01-31,2025-01-31T12:20:00,True,629.1784316666665,818.0812483333332,704.4976666666666,997.4825833333332,0.4551,0.0,0.0,0.0,1111.0661649999997,0.0,8299.43380308642,8299.43380308642
2025-01-31,2025-01-31T12:30:00,True,644.4978888888892,824.697338888889,661.8299999999999,1027.4187499999998,0.4463,833.3333333333334,0.0,0.0,356.95275555555565,1.0,8299.43380308642,9049.43380308642
2025-01-31,2025-01-31T12:40:00,True,656.8691266666668,828.3652100000002,655.2516833333333,1049.4101333333333,0.4113,833.3333333333334,0.0,0.0,389.1903266666669,1.0,9049.43380308642,9799.43380308642
2025-01-31,2025-01-31T12:50:00,True,687.962231666667,850.7549483333336,683.1800166666667,1026.5912666666666,0.5682,646.4682943415634,0.0,0.0,547.69790399177,1.0,9799.43380308642,10381.255267993827
2025-01-31,2025-01-31T13:00:00,True,0.0,50.034311111110924,706.7016666666666,987.88125,0.8279,63.48407500000071,0.0,0.0,267.72981944444365,1.0,10381.255267993827,10438.390935493828
2025-01-31,2025-01-31T13:10:00,True,0.0,56.6767244444444,688.4132166666666,994.5159166666667,0.8636,0.0,0.0,0.0,362.77942444444454,0.0,10438.390935493828,10438.390935493828
2025-01-31,2025-01-31T13:20:00,True,0.0,55.905688888888676,665.1977166666666,994.94425,0.8416,0.0,0.0,0.0,385.6522222222221,0.0,10438.390935493828,10438.390935493828
2025-01-31,2025-01-31T13:30:00,True,0.0,57.2628805555554,660.3983333333333,978.7437499999999,0.8618,0.0,0.0,0.0,375.60829722222195,0.0,10438.390935493828,10438.390935493828
2025-01-31,2025-01-31T13:40:00,True,0.0,56.243494999999825,664.1784166666666,985.7321,0.8623,0.0,0.0,0.0,377.79717833333314,0.0,10438.390935493828,10438.390935493828
2025-01-31,2025-01-31T13:50:00,True,0.0,0.0,663.6559,978.7406833333332,0.9026,0.0,0.0,0.0,315.08478333333323,0.0,10438.390935493828,10438.390935493828
2025-01-31,2025-01-31T14:00:00,True,0.0,0.0,656.055,947.1687499999999,0.9754,291.11375,0.0,0.0,0.0,1.0,10438.390935493828,10700.393310493828
2025-01-31,2025-01-31T14:10:00,True,0.0,0.0,647.3447166666666,915.77565,1.0002,0.0,0.0,0.0,268.4309333333334,0.0,10700.393310493828,10700.393310493828
2025-01-31,2025-01-31T14:20:00,True,0.0,0.0,636.7748999999999,865.9748999999999,0.9978,0.0,0.0,0.0,229.20000000000005,0.0,10700.393310493828,10700.393310493828
2025-01-31,2025-01-31T14:30:00,True,0.0,0.0,629.8216666666666,803.0562499999999,1.0271,0.0,0.0,0.0,173.23458333333326,0.0,10700.393310493828,10700.393310493828
2025-01-31,2025-01-31T14:40:00,True,0.0,0.0,631.7092833333334,755.8191499999999,1.0906,0.0,0.0,0.0,124.10986666666656,0.0,10700.393310493828,10700.393310493828
2025-01-31,2025-01-31T14:50:00,True,0.0,0.0,616.7246666666666,707.2947333333333,0.9376,0.0,0.0,0.0,90.57006666666666,0.0,10700.393310493828,10700.393310493828
2025-01-31,2025-01-31T15:00:00,True,599.7272076268878,1170.8983666666668,600.4,653.5124999999999,0.6694,-0.0,0.0,0.0,1224.0108666666667,0.0,10700.393310493828,10700.393310493828
2025-01-31,2025-01-31T15:10:00,True,1169.5522477777777,1213.0089338888888,624.1604833333333,607.4857333333333,0.66,38.507682784638746,0.0,0.0,1157.82650110425,1.0,10700.393310493828,10735.050225000003
2025-01-31,2025-01-31T15:20:00,True,375.0471844444447,420.9106066666668,638.9076333333333,552.1459,0.7217,-0.0,0.0,0.0,334.14887333333354,0.0,10735.050225000003,10735.050225000003
2025-01-31,2025-01-31T15:30:00,True,416.6865944444444,464.95675277777764,621.865,492.04374999999993,0.7308,11.941433333332599,0.0,0.0,323.19406944444495,1.0,10735.050225000003,10745.797515000002
2025-01-31,2025-01-31T15:40:00,True,466.40284499999973,517.0797394444442,597.3063666666667,450.07933333333335,0.7534,19.646333333332425,0.0,0.0,350.20637277777837,1.0,10745.797515000002,10763.479215000001
2025-01-31,2025-01-31T15:50:00,True,509.90201333333323,562.9856438888887,579.4388666666666,406.0807,0.7823,7.704899999999826,0.0,0.0,381.92257722222223,1.0,10763.479215000001,10770.413625000001
2025-01-31,2025-01-31T16:00:00,True,544.9689388888892,600.4593055555558,572.6066666666666,355.66249999999997,0.8055,0.0,0.0,0.0,383.5151388888892,0.0,10770.413625000001,10770.413625000001
2025-01-31,2025-01-31T16:10:00,True,593.7593033333335,641.7886505555551,577.4249,314.5262833333333,0.8271,12.691641666666934,0.0,0.0,366.1983922222215,1.0,10770.413625000001,10781.836102500001
2025-01-31,2025-01-31T16:20:00,True,644.588349444444,685.1566772222224,604.9893833333333,271.60388333333333,0.8519,4.9867416666671085,0.0,0.0,346.78443555555526,1.0,10781.836102500001,10786.324170000002
2025-01-31,2025-01-31T16:30:00,True,697.3816000000002,730.4889083333335,627.8583333333333,217.79375,0.8791,4.080688888888188,0.0,0.0,316.34363611111195,1.0,10786.324170000002,10789.996790000001
2025-01-31,2025-01-31T16:40:00,True,751.8906711111115,777.5369599999998,596.4124666666667,156.46036666666666,0.9024,3.1746361111112895,0.0,0.0,334.41022388888854,1.0,10789.996790000001,10792.853962500001
2025-01-31,2025-01-31T16:50:00,True,790.8227044444441,809.0079738888891,536.7518833333334,104.1363,0.9163,2.2685833333323697,0.0,0.0,374.1238072222234,1.0,10792.853962500001,10794.8956875
2025-01-31,2025-01-31T17:00:00,True,822.8524277777777,833.5766777777777,482.9666666666667,60.56875,0.9264,1.8904861111109816,0.0,0.0,409.28827500000006,1.0,10794.8956875,10796.597125
2025-01-31,2025-01-31T17:10:00,True,831.3945194444441,840.331394444444,456.4757,15.271416666666667,0.9462,-0.0,0.0,0.0,399.1271111111106,0.0,10796.597125,10796.597125
2025-01-31,2025-01-31T17:20:00,True,840.6211022222219,847.770602222222,471.22585000000004,0.0,0.9742,3.7809722222219633,0.0,0.0,372.76378,1.0,10796.597125,10800.0
2025-01-31,2025-01-31T17:30:00,True,856.5231027777778,861.8852277777778,485.74499999999995,0.0,0.9862,0.0,0.0,0.0,376.14022777777706,0.0,10800.0,10800.0
2025-01-31,2025-01-31T17:40:00,True,886.5970616666665,890.1718116666664,444.6270666666667,0.8972166666666667,0.976,0.0,0.0,0.0,446.44196166666467,0.0,10800.0,10800.0
2025-01-31,2025-01-31T17:50:00,True,804.6183022222224,806.4056772222225,445.3267833333333,0.0,1.0742,0.0,1.6370904631912707e-12,0.0,361.07889388888987,0.0,10800.0,10799.999999999998
2025-01-31,2025-01-31T18:00:00,True,663.7587777777777,663.7587777777777,485.15666666666664,0.0,1.2313,0.0,0.0,0.0,178.60211111111207,0.0,10799.999999999998,10799.999999999998
2025-01-31,2025-01-31T18:10:00,True,0.0,0.0,462.8807333333333,0.06441666666666666,1.2561,0.0,462.8163166666661,0.0,0.0,0.0,10799.999999999998,10285.759648148147
2025-01-31,2025-01-31T18:20:00,True,665.5595838888889,665.5595838888889,435.39775,0.0,1.2447,230.16183388888896,0.0,0.0,0.0,1.0,10285.759648148147,10492.905298648147
2025-01-31,2025-01-31T18:30:00,True,607.6432194444459,607.6432194444459,421.93999999999994,0.0,1.2545,185.70321944444595,0.0,0.0,0.0,1.0,10492.905298648147,10660.038196148149
2025-01-31,2025-01-31T18:40:00,True,660.209405,660.209405,392.3356166666666,0.0046166666666666665,1.2522,155.51311539094561,0.0,0.0,112.36528960905437,1.0,10660.038196148149,10800.0
2025-01-31,2025-01-31T18:50:00,True,0.0,0.0,427.2382666666666,0.0,1.2881,0.0,427.2382666666686,0.0,0.0,0.0,10800.0,10325.290814814813
2025-01-31,2025-01-31T19:00:00,True,0.0,0.0,488.765,0.0,1.3466,0.0,488.764999999999,0.0,0.0,0.0,10325.290814814813,9782.218592592591
2025-01-31,2025-01-31T19:10:00,True,0.0,0.0,450.8147666666667,0.0003333333333333333,1.3523,0.0,450.81443333333334,0.0,0.0,0.0,9782.218592592591,9281.313666666665
2025-01-31,2025-01-31T19:20:00,True,0.0,0.0,417.53721666666667,0.0,1.3445,0.0,417.53721666666667,0.0,0.0,0.0,9281.313666666665,8817.383425925924
2025-01-31,2025-01-31T19:30:00,True,0.0,0.0,431.4783333333333,0.0,1.3483,0.0,431.4783333333333,0.0,0.0,0.0,8817.383425925924,8337.963055555554
2025-01-31,2025-01-31T19:40:00,True,0.0,0.0,435.22180000000003,0.0,1.349,0.0,435.22180000000003,0.0,0.0,0.0,8337.963055555554,7854.383277777776
2025-01-31,2025-01-31T19:50:00,True,0.0,0.0,452.2651833333333,0.0,1.3473,0.0,452.2651833333333,0.0,0.0,0.0,7854.383277777776,7351.866407407406
2025-01-31,2025-01-31T20:00:00,True,0.0,0.0,473.77666666666664,0.0,1.3482,0.0,473.77666666666664,0.0,0.0,0.0,7351.866407407406,6825.447888888887
2025-01-31,2025-01-31T20:10:00,True,0.0,0.0,460.11498333333327,0.0,1.3513,0.0,460.11498333333327,0.0,0.0,0.0,6825.447888888887,6314.209018518517
2025-01-31,2025-01-31T20:20:00,True,0.0,0.0,461.39289999999994,0.0,1.34,0.0,461.39289999999994,0.0,0.0,0.0,6314.209018518517,5801.550240740739
2025-01-31,2025-01-31T20:30:00,True,0.0,0.0,492.77166666666665,0.0,1.3489,0.0,492.77166666666665,0.0,0.0,0.0,5801.550240740739,5254.026166666666
2025-01-31,2025-01-31T20:40:00,True,0.0,0.0,511.10991666666666,0.0,1.3952,0.0,511.10991666666666,0.0,0.0,0.0,5254.026166666666,4686.126259259258
2025-01-31,2025-01-31T20:50:00,True,673.3417566666666,673.3417566666666,475.5378666666666,0.0,1.2226,197.80388999999963,0.0,0.0,3.410605131648481e-13,1.0,4686.126259259258,4864.149760259258
2025-01-31,2025-01-31T21:00:00,True,679.8565000000001,679.8565000000001,427.2416666666666,0.0,0.9332,252.61483333333368,0.0,0.0,-1.9895196601282805e-13,1.0,4864.149760259258,5091.503110259258
2025-01-31,2025-01-31T21:10:00,True,678.4459800000001,678.4459800000001,453.34936666666664,0.0,0.9068,225.09661333333295,0.0,0.0,4.831690603168681e-13,1.0,5091.503110259258,5294.090062259258
2025-01-31,2025-01-31T21:20:00,True,670.2726849999999,670.2726849999999,502.7923666666666,0.0,0.9371,167.48031833333295,0.0,0.0,3.410605131648481e-13,1.0,5294.090062259258,5444.822348759258
2025-01-31,2025-01-31T21:30:00,True,675.7865000000002,675.7865000000002,521.8066666666666,0.0,0.9371,153.97983333333386,0.0,0.0,-3.126388037344441e-13,1.0,5444.822348759258,5583.404198759258
2025-01-31,2025-01-31T21:40:00,True,701.4736950000001,701.4736950000001,497.97596666666664,0.0,0.9871,203.49772833333392,0.0,0.0,-4.263256414560601e-13,1.0,5583.404198759258,5766.552154259259
2025-01-31,2025-01-31T21:50:00,True,637.9988938888889,637.9988938888889,453.04175,0.0,0.7764,184.95714388888902,0.0,0.0,-8.526512829121202e-14,1.0,5766.552154259259,5933.013583759259
2025-01-31,2025-01-31T22:00:00,True,523.3986666666666,523.3986666666666,410.9266666666666,0.0,0.4209,112.47199999999995,0.0,0.0,2.842170943040401e-14,1.0,5933.013583759259,6034.238383759259
2025-01-31,2025-01-31T22:10:00,True,513.4341705555555,513.4341705555555,387.2007833333333,0.0,0.3859,126.23338722222223,0.0,0.0,0.0,1.0,6034.238383759259,6147.8484322592585
2025-01-31,2025-01-31T22:20:00,True,532.4490244444445,532.4490244444445,387.29235,0.0,0.4368,145.1566744444445,0.0,0.0,0.0,1.0,6147.8484322592585,6278.489439259259
2025-01-31,2025-01-31T22:30:00,True,530.0283333333333,530.0283333333333,397.6433333333333,0.0,0.4198,132.385,0.0,0.0,0.0,1.0,6278.489439259259,6397.6359392592585
2025-01-31,2025-01-31T22:40:00,True,532.3624177777778,532.3624177777778,395.9840333333333,0.0,0.4186,136.37838444444446,0.0,0.0,0.0,1.0,6397.6359392592585,6520.3764852592585
2025-01-31,2025-01-31T22:50:00,True,532.6724083333334,532.6724083333334,391.0680333333333,0.0,0.4241,141.60437500000006,0.0,0.0,0.0,1.0,6520.3764852592585,6647.820422759259
2025-01-31,2025-01-31T23:00:00,True,532.1158333333332,532.1158333333332,395.1116666666667,0.0,0.4237,137.0041666666665,0.0,0.0,0.0,1.0,6647.820422759259,6771.124172759259
2025-01-31,2025-01-31T23:10:00,True,542.4213655555554,542.4213655555554,408.87148333333334,0.0,0.4248,133.5498822222221,0.0,0.0,0.0,1.0,6771.124172759259,6891.319066759259
2025-01-31,2025-01-31T23:20:00,True,549.9136844444445,549.9136844444445,407.0644,0.0,0.424,142.8492844444445,0.0,0.0,0.0,1.0,6891.319066759259,7019.883422759259
2025-01-31,2025-01-31T23:30:00,True,551.7625,551.7625,401.20166666666665,0.0,0.422,150.5608333333334,0.0,0.0,0.0,1.0,7019.883422759259,7155.388172759259
2025-01-31,2025-01-31T23:40:00,True,557.7555783333332,557.7555783333332,425.7475833333333,0.0,0.424,132.00799499999994,0.0,0.0,0.0,1.0,7155.388172759259,7274.195368259258
2025-01-31,2025-01-31T23:50:00,True,559.1757483333333,559.1757483333333,436.38989999999995,0.0,0.4271,122.78584833333338,0.0,0.0,0.0,1.0,7274.195368259258,7384.702631759258
2025-01-31,2025-02-01T00:00:00,True,558.4654022988506,558.4654022988506,423.96000000000004,0.0,0.4276,134.50540229885053,0.0,0.0,0.0,1.0,7384.702631759258,7505.757493828223
